C_MB,Delta0,Delta_min,L,Q_adiabatic,Q_real_time,U,charge_tolerance,chern_checkpoint,chern_grid,coarse_charge,coarse_time_steps,delta0,final_ground_state_fidelity,index,maximum_norm_error,pair_index,period,static_result,t,time_step_charge_error,time_step_refinements,time_steps
2.0000000000000004,3.0,0.23257735249282518,8,2.0000000000000004,-0.0011340100819986273,-32.0,0.005,/public/home/student090/quantum-pump-l8/runs/l8-allobs-20260728T230945/chern10/pair_0000_U_neg32d000000_t_p0d500000_N10.npz,20,-0.0010294959678165334,40,0.9,0.9840470669183679,0,2.4424906541753444e-15,0,2.0,/public/home/student090/quantum-pump-l8/runs/l8-allobs-20260728T230945/static/static_0000_U_neg32d000000_t_p0d500000.npz,0.5,0.0001045141141820939,1,80
2.0000000000000004,3.0,0.23257735249282518,8,2.0000000000000004,0.003007576557010688,-32.0,0.005,/public/home/student090/quantum-pump-l8/runs/l8-allobs-20260728T230945/chern10/pair_0000_U_neg32d000000_t_p0d500000_N10.npz,20,0.0031156326268979083,200,0.9,0.815006531874034,1,1.9984014443252818e-15,0,10.0,/public/home/student090/quantum-pump-l8/runs/l8-allobs-20260728T230945/static/static_0000_U_neg32d000000_t_p0d500000.npz,0.5,0.00010805606988722018,1,400
2.0000000000000004,3.0,0.23257735249282518,8,2.0000000000000004,0.026718147277662353,-32.0,0.005,/public/home/student090/quantum-pump-l8/runs/l8-allobs-20260728T230945/chern10/pair_0000_U_neg32d000000_t_p0d500000_N10.npz,20,0.02683163381375992,1000,0.9,0.28501363355915516,2,1.687538997430238e-14,0,50.0,/public/home/student090/quantum-pump-l8/runs/l8-allobs-20260728T230945/static/static_0000_U_neg32d000000_t_p0d500000.npz,0.5,0.00011348653609756856,1,2000
2.0000000000000004,3.0,0.3082708032234365,8,2.000000000000001,-0.001325455889657875,-24.0,0.005,/public/home/student090/quantum-pump-l8/runs/l8-allobs-20260728T230945/chern10/pair_0001_U_neg24d000000_t_p0d500000_N10.npz,20,-0.0011957657387120532,40,0.9,0.9716487926498006,3,3.552713678800501e-15,1,2.0,/public/home/student090/quantum-pump-l8/runs/l8-allobs-20260728T230945/static/static_0001_U_neg24d000000_t_p0d500000.npz,0.5,0.00012969015094582183,1,80
2.0000000000000004,3.0,0.3082708032234365,8,2.000000000000001,0.005867558143621299,-24.0,0.005,/public/home/student090/quantum-pump-l8/runs/l8-allobs-20260728T230945/chern10/pair_0001_U_neg24d000000_t_p0d500000_N10.npz,20,0.006003775112882105,200,0.9,0.6969340607218817,4,1.865174681370263e-14,1,10.0,/public/home/student090/quantum-pump-l8/runs/l8-allobs-20260728T230945/static/static_0001_U_neg24d000000_t_p0d500000.npz,0.5,0.00013621696926080593,1,400
2.0000000000000004,3.0,0.3082708032234365,8,2.000000000000001,0.055096730594860505,-24.0,0.005,/public/home/student090/quantum-pump-l8/runs/l8-allobs-20260728T230945/chern10/pair_0001_U_neg24d000000_t_p0d500000_N10.npz,20,0.05525320721361231,1000,0.9,0.5713705471922279,5,9.08162434143378e-14,1,50.0,/public/home/student090/quantum-pump-l8/runs/l8-allobs-20260728T230945/static/static_0001_U_neg24d000000_t_p0d500000.npz,0.5,0.0001564766187518024,1,2000
2.0,3.0,0.4548629269718276,8,2.0,7.542076858030707e-05,-16.0,0.005,/public/home/student090/quantum-pump-l8/runs/l8-allobs-20260728T230945/chern10/pair_0002_U_neg16d000000_t_p0d500000_N10.npz,20,0.0002718815287672292,40,0.9,0.9251656485798451,6,8.43769498715119e-15,2,2.0,/public/home/student090/quantum-pump-l8/runs/l8-allobs-20260728T230945/static/static_0002_U_neg16d000000_t_p0d500000.npz,0.5,0.00019646076018692212,1,80
2.0,3.0,0.4548629269718276,8,2.0,0.01562953126723962,-16.0,0.005,/public/home/student090/quantum-pump-l8/runs/l8-allobs-20260728T230945/chern10/pair_0002_U_neg16d000000_t_p0d500000_N10.npz,20,0.01583618188301148,200,0.9,0.45301093786874647,7,3.730349362740526e-14,2,10.0,/public/home/student090/quantum-pump-l8/runs/l8-allobs-20260728T230945/static/static_0002_U_neg16d000000_t_p0d500000.npz,0.5,0.00020665061577185978,1,400
2.0,3.0,0.4548629269718276,8,2.0,0.1485146159909379,-16.0,0.005,/public/home/student090/quantum-pump-l8/runs/l8-allobs-20260728T230945/chern10/pair_0002_U_neg16d000000_t_p0d500000_N10.npz,20,0.1487855800958533,1000,0.9,0.13716485483086524,8,1.9695356456850277e-13,2,50.0,/public/home/student090/quantum-pump-l8/runs/l8-allobs-20260728T230945/static/static_0002_U_neg16d000000_t_p0d500000.npz,0.5,0.00027096410491539435,1,2000
2.0,3.0,0.5933254344706711,8,2.0000000000000004,0.0012548782617582722,-12.0,0.005,/public/home/student090/quantum-pump-l8/runs/l8-ut-20260728T195000/stage10/pair_0003_U_neg12d000000_t_p0d500000_N10.npz,20,0.0015971731044153521,40,0.9,0.7327397099878787,9,7.549516567451064e-15,3,2.0,/public/home/student090/quantum-pump-l8/runs/l8-allobs-20260728T230945/static/static_0003_U_neg12d000000_t_p0d500000.npz,0.5,0.0003422948426570799,1,80
2.0,3.0,0.5933254344706711,8,2.0000000000000004,0.05785464274383776,-12.0,0.005,/public/home/student090/quantum-pump-l8/runs/l8-ut-20260728T195000/stage10/pair_0003_U_neg12d000000_t_p0d500000_N10.npz,20,0.05816502362621054,200,0.9,0.22867602491303912,10,3.497202527569243e-14,3,10.0,/public/home/student090/quantum-pump-l8/runs/l8-allobs-20260728T230945/static/static_0003_U_neg12d000000_t_p0d500000.npz,0.5,0.000310380882372778,1,400
2.0,3.0,0.5933254344706711,8,2.0000000000000004,0.36816669112515504,-12.0,0.005,/public/home/student090/quantum-pump-l8/runs/l8-ut-20260728T195000/stage10/pair_0003_U_neg12d000000_t_p0d500000_N10.npz,20,0.3686194686856318,1000,0.9,0.1468575355143083,11,1.6797674362578618e-13,3,50.0,/public/home/student090/quantum-pump-l8/runs/l8-allobs-20260728T230945/static/static_0003_U_neg12d000000_t_p0d500000.npz,0.5,0.0004527775604767359,1,2000
2.0,3.0,0.8406887322276049,8,1.9999999999999998,0.0897428590366706,-8.0,0.005,/public/home/student090/quantum-pump-l8/runs/l8-ut-20260728T195000/stage10/pair_0004_U_neg8d000000_t_p0d500000_N10.npz,20,0.09023947274954168,40,0.9,0.16947461877812484,12,1.9984014443252818e-15,4,2.0,/public/home/student090/quantum-pump-l8/runs/l8-allobs-20260728T230945/static/static_0004_U_neg8d000000_t_p0d500000.npz,0.5,0.0004966137128710746,1,80
2.0,3.0,0.8406887322276049,8,1.9999999999999998,0.11886986313196878,-8.0,0.005,/public/home/student090/quantum-pump-l8/runs/l8-ut-20260728T195000/stage10/pair_0004_U_neg8d000000_t_p0d500000_N10.npz,20,0.11940040271180329,200,0.9,0.10755516375341173,13,3.1086244689504383e-15,4,10.0,/public/home/student090/quantum-pump-l8/runs/l8-allobs-20260728T230945/static/static_0004_U_neg8d000000_t_p0d500000.npz,0.5,0.0005305395798345103,1,400
2.0,3.0,0.8406887322276049,8,1.9999999999999998,0.7372826610030566,-8.0,0.005,/public/home/student090/quantum-pump-l8/runs/l8-ut-20260728T195000/stage10/pair_0004_U_neg8d000000_t_p0d500000_N10.npz,20,0.7379934340010449,1000,0.9,0.08706690843180001,14,1.4210854715202004e-14,4,50.0,/public/home/student090/quantum-pump-l8/runs/l8-allobs-20260728T230945/static/static_0004_U_neg8d000000_t_p0d500000.npz,0.5,0.0007107729979882738,1,2000
2.0,3.0,1.0462066622489772,8,2.0,0.05358801849537392,-6.0,0.005,/public/home/student090/quantum-pump-l8/runs/l8-ut-20260728T195000/stage10/pair_0005_U_neg6d000000_t_p0d500000_N10.npz,20,0.054430252002327546,40,0.9,0.022163735345038977,15,6.8833827526759706e-15,5,2.0,/public/home/student090/quantum-pump-l8/runs/l8-allobs-20260728T230945/static/static_0005_U_neg6d000000_t_p0d500000.npz,0.5,0.0008422335069536296,1,80
2.0,3.0,1.0462066622489772,8,2.0,0.6079185408058894,-6.0,0.005,/public/home/student090/quantum-pump-l8/runs/l8-ut-20260728T195000/stage10/pair_0005_U_neg6d000000_t_p0d500000_N10.npz,20,0.6087309611961927,200,0.9,0.01685675073686507,16,3.574918139293004e-14,5,10.0,/public/home/student090/quantum-pump-l8/runs/l8-allobs-20260728T230945/static/static_0005_U_neg6d000000_t_p0d500000.npz,0.5,0.0008124203903033811,1,400
2.0,3.0,1.0462066622489772,8,2.0,1.1730736221032099,-6.0,0.005,/public/home/student090/quantum-pump-l8/runs/l8-ut-20260728T195000/stage10/pair_0005_U_neg6d000000_t_p0d500000_N10.npz,20,1.1741892728634384,1000,0.9,0.04825916712815371,17,1.7719159473017498e-13,5,50.0,/public/home/student090/quantum-pump-l8/runs/l8-allobs-20260728T230945/static/static_0005_U_neg6d000000_t_p0d500000.npz,0.5,0.0011156507602285703,1,2000
2.0,3.0,1.3454642443979417,8,1.9999999999999998,0.16819914166667801,-4.0,0.005,/public/home/student090/quantum-pump-l8/runs/l8-ut-20260728T195000/stage10/pair_0006_U_neg4d000000_t_p0d500000_N10.npz,20,0.16941443049105695,40,0.9,0.08326337200045088,18,1.5543122344752192e-15,6,2.0,/public/home/student090/quantum-pump-l8/runs/l8-allobs-20260728T230945/static/static_0006_U_neg4d000000_t_p0d500000.npz,0.5,0.001215288824378935,1,80
2.0,3.0,1.3454642443979417,8,1.9999999999999998,0.8220294024832151,-4.0,0.005,/public/home/student090/quantum-pump-l8/runs/l8-ut-20260728T195000/stage10/pair_0006_U_neg4d000000_t_p0d500000_N10.npz,20,0.8232515982620294,200,0.9,0.0015354923277562831,19,7.771561172376096e-15,6,10.0,/public/home/student090/quantum-pump-l8/runs/l8-allobs-20260728T230945/static/static_0006_U_neg4d000000_t_p0d500000.npz,0.5,0.0012221957788143278,1,400
2.0,3.0,1.3454642443979417,8,1.9999999999999998,1.5005421614004546,-4.0,0.005,/public/home/student090/quantum-pump-l8/runs/l8-ut-20260728T195000/stage10/pair_0006_U_neg4d000000_t_p0d500000_N10.npz,20,1.5019289500304995,1000,0.9,0.23798267857702274,20,4.4853010194856324e-14,6,50.0,/public/home/student090/quantum-pump-l8/runs/l8-allobs-20260728T230945/static/static_0006_U_neg4d000000_t_p0d500000.npz,0.5,0.0013867886300449328,1,2000
2.0000000000000004,3.0,1.7314738111594483,8,2.000000000000001,0.4680863327306584,-2.0,0.005,/public/home/student090/quantum-pump-l8/runs/l8-ut-20260728T195000/stage10/pair_0007_U_neg2d000000_t_p0d500000_N10.npz,20,0.46996229524370886,40,0.9,0.0028872917702293505,21,6.8833827526759706e-15,7,2.0,/public/home/student090/quantum-pump-l8/runs/l8-allobs-20260728T230945/static/static_0007_U_neg2d000000_t_p0d500000.npz,0.5,0.0018759625130504443,1,80
2.0000000000000004,3.0,1.7314738111594483,8,2.000000000000001,1.1105820194100944,-2.0,0.005,/public/home/student090/quantum-pump-l8/runs/l8-ut-20260728T195000/stage10/pair_0007_U_neg2d000000_t_p0d500000_N10.npz,20,1.1121977148918951,200,0.9,0.022049506933242827,22,2.708944180085382e-14,7,10.0,/public/home/student090/quantum-pump-l8/runs/l8-allobs-20260728T230945/static/static_0007_U_neg2d000000_t_p0d500000.npz,0.5,0.0016156954818007385,1,400
2.0000000000000004,3.0,1.7314738111594483,8,2.000000000000001,1.90496421958634,-2.0,0.005,/public/home/student090/quantum-pump-l8/runs/l8-ut-20260728T195000/stage10/pair_0007_U_neg2d000000_t_p0d500000_N10.npz,20,1.9066324676154536,1000,0.9,0.5244436149809191,23,1.3877787807814457e-13,7,50.0,/public/home/student090/quantum-pump-l8/runs/l8-allobs-20260728T230945/static/static_0007_U_neg2d000000_t_p0d500000.npz,0.5,0.0016682480291134727,1,2000
2.0000000000000004,3.0,1.9999999999999751,8,2.0,0.7685290099971526,0.0,0.005,/public/home/student090/quantum-pump-l8/runs/l8-ut-20260728T195000/stage10/pair_0008_U_p0d000000_t_p0d500000_N10.npz,10,0.7710861069400253,40,0.9,0.003051376240346773,24,4.218847493575595e-15,8,2.0,/public/home/student090/quantum-pump-l8/runs/l8-allobs-20260728T230945/static/static_0008_U_p0d000000_t_p0d500000.npz,0.5,0.002557096942872761,1,80
2.0000000000000004,3.0,1.9999999999999751,8,2.0,1.2729134054578748,0.0,0.005,/public/home/student090/quantum-pump-l8/runs/l8-ut-20260728T195000/stage10/pair_0008_U_p0d000000_t_p0d500000_N10.npz,10,1.2749191476299229,200,0.9,0.018646441241420855,25,4.884981308350689e-15,8,10.0,/public/home/student090/quantum-pump-l8/runs/l8-allobs-20260728T230945/static/static_0008_U_p0d000000_t_p0d500000.npz,0.5,0.002005742172048075,1,400
2.0000000000000004,3.0,1.9999999999999751,8,2.0,1.9868890318469925,0.0,0.005,/public/home/student090/quantum-pump-l8/runs/l8-ut-20260728T195000/stage10/pair_0008_U_p0d000000_t_p0d500000_N10.npz,10,1.9888614971022873,1000,0.9,0.8906416917845853,26,1.8540724511240114e-14,8,50.0,/public/home/student090/quantum-pump-l8/runs/l8-allobs-20260728T230945/static/static_0008_U_p0d000000_t_p0d500000.npz,0.5,0.0019724652552948196,1,2000
2.0,3.0,1.7314738111594101,8,1.9999999999999998,0.5274504288573244,2.0,0.005,/public/home/student090/quantum-pump-l8/runs/l8-ut-20260728T195000/stage10/pair_0009_U_p2d000000_t_p0d500000_N10.npz,10,0.5297448659426838,40,0.9,0.006748020376630887,27,6.217248937900877e-15,9,2.0,/public/home/student090/quantum-pump-l8/runs/l8-allobs-20260728T230945/static/static_0009_U_p2d000000_t_p0d500000.npz,0.5,0.0022944370853593687,1,80
2.0,3.0,1.7314738111594101,8,1.9999999999999998,1.7899445645117773,2.0,0.005,/public/home/student090/quantum-pump-l8/runs/l8-ut-20260728T195000/stage10/pair_0009_U_p2d000000_t_p0d500000_N10.npz,10,1.7921725934070447,200,0.9,0.4368654890026253,28,2.4202861936828413e-14,9,10.0,/public/home/student090/quantum-pump-l8/runs/l8-allobs-20260728T230945/static/static_0009_U_p2d000000_t_p0d500000.npz,0.5,0.0022280288952674088,1,400
2.0,3.0,1.7314738111594101,8,1.9999999999999998,2.0140318319954122,2.0,0.005,/public/home/student090/quantum-pump-l8/runs/l8-ut-20260728T195000/stage10/pair_0009_U_p2d000000_t_p0d500000_N10.npz,10,2.0161746409046635,1000,0.9,0.9913572201321283,29,1.3655743202889425e-13,9,50.0,/public/home/student090/quantum-pump-l8/runs/l8-allobs-20260728T230945/static/static_0009_U_p2d000000_t_p0d500000.npz,0.5,0.002142808909251226,1,2000
2.0000000000000004,3.0,1.3454642443980793,8,2.0,0.2579598460518457,4.0,0.005,/public/home/student090/quantum-pump-l8/runs/l8-ut-20260728T195000/stage10/pair_0010_U_p4d000000_t_p0d500000_N10.npz,10,0.25963635770871485,40,0.9,0.04081214463608437,30,1.9984014443252818e-15,10,2.0,/public/home/student090/quantum-pump-l8/runs/l8-allobs-20260728T230945/static/static_0010_U_p4d000000_t_p0d500000.npz,0.5,0.0016765116568691618,1,80
2.0000000000000004,3.0,1.3454642443980793,8,2.0,1.9711364004366523,4.0,0.005,/public/home/student090/quantum-pump-l8/runs/l8-ut-20260728T195000/stage10/pair_0010_U_p4d000000_t_p0d500000_N10.npz,10,1.9731591955115513,200,0.9,0.847729442789501,31,5.551115123125783e-15,10,10.0,/public/home/student090/quantum-pump-l8/runs/l8-allobs-20260728T230945/static/static_0010_U_p4d000000_t_p0d500000.npz,0.5,0.0020227950748989976,1,400
2.0000000000000004,3.0,1.3454642443980793,8,2.0,2.005365758026785,4.0,0.005,/public/home/student090/quantum-pump-l8/runs/l8-ut-20260728T195000/stage10/pair_0010_U_p4d000000_t_p0d500000_N10.npz,10,2.007477819630897,1000,0.9,0.9992356334223362,32,9.547918011776346e-15,10,50.0,/public/home/student090/quantum-pump-l8/runs/l8-allobs-20260728T230945/static/static_0010_U_p4d000000_t_p0d500000.npz,0.5,0.0021120616041119256,1,2000
2.0000000000000004,3.0,1.301995739847511,8,2.0,0.23349761163872856,4.25,0.005,/public/home/student090/quantum-pump-l8/runs/l8-ut-20260728T195000/stage10/pair_0011_U_p4d250000_t_p0d500000_N10.npz,10,0.2350793184463988,40,0.9,0.035555634092138445,33,3.9968028886505635e-15,11,2.0,/public/home/student090/quantum-pump-l8/runs/l8-allobs-20260728T230945/static/static_0011_U_p4d250000_t_p0d500000.npz,0.5,0.0015817068076702245,1,80
2.0000000000000004,3.0,1.301995739847511,8,2.0,1.9445282216447777,4.25,0.005,/public/home/student090/quantum-pump-l8/runs/l8-ut-20260728T195000/stage10/pair_0011_U_p4d250000_t_p0d500000_N10.npz,10,1.9464916462563688,200,0.9,0.7988182546789795,34,2.1316282072803006e-14,11,10.0,/public/home/student090/quantum-pump-l8/runs/l8-allobs-20260728T230945/static/static_0011_U_p4d250000_t_p0d500000.npz,0.5,0.001963424611591158,1,400
2.0000000000000004,3.0,1.301995739847511,8,2.0,2.007274787592856,4.25,0.005,/public/home/student090/quantum-pump-l8/runs/l8-ut-20260728T195000/stage10/pair_0011_U_p4d250000_t_p0d500000_N10.npz,10,2.0093589153619846,1000,0.9,0.9992763530000511,35,1.2223555501122974e-13,11,50.0,/public/home/student090/quantum-pump-l8/runs/l8-allobs-20260728T230945/static/static_0011_U_p4d250000_t_p0d500000.npz,0.5,0.0020841277691285853,1,2000
1.9999999999999998,3.0,1.2602868616614948,8,2.0,0.21131710755597563,4.5,0.005,/public/home/student090/quantum-pump-l8/runs/l8-ut-20260728T195000/stage10/pair_0012_U_p4d500000_t_p0d500000_N10.npz,10,0.21280073382318873,40,0.9,0.030380323527250137,36,8.659739592076221e-15,12,2.0,/public/home/student090/quantum-pump-l8/runs/l8-allobs-20260728T230945/static/static_0012_U_p4d500000_t_p0d500000.npz,0.5,0.0014836262672131006,1,80
1.9999999999999998,3.0,1.2602868616614948,8,2.0,1.864211438185457,4.5,0.005,/public/home/student090/quantum-pump-l8/runs/l8-ut-20260728T195000/stage10/pair_0012_U_p4d500000_t_p0d500000_N10.npz,10,1.866042648349821,200,0.9,0.6386216534934567,37,3.985700658404312e-14,12,10.0,/public/home/student090/quantum-pump-l8/runs/l8-allobs-20260728T230945/static/static_0012_U_p4d500000_t_p0d500000.npz,0.5,0.0018312101643638279,1,400
1.9999999999999998,3.0,1.2602868616614948,8,2.0,2.00897900617852,4.5,0.005,/public/home/student090/quantum-pump-l8/runs/l8-ut-20260728T195000/stage10/pair_0012_U_p4d500000_t_p0d500000_N10.npz,10,2.0110357907384806,1000,0.9,0.9992605019164372,38,2.1238566461079245e-13,12,50.0,/public/home/student090/quantum-pump-l8/runs/l8-allobs-20260728T230945/static/static_0012_U_p4d500000_t_p0d500000.npz,0.5,0.0020567845599606116,1,2000
2.0,3.0,1.2203541119685788,8,2.0,0.19191512981098427,4.75,0.005,/public/home/student090/quantum-pump-l8/runs/l8-ut-20260728T195000/stage10/pair_0013_U_p4d750000_t_p0d500000_N10.npz,10,0.19329935652999594,40,0.9,0.027317693684084092,39,6.439293542825908e-15,13,2.0,/public/home/student090/quantum-pump-l8/runs/l8-allobs-20260728T230945/static/static_0013_U_p4d750000_t_p0d500000.npz,0.5,0.001384226719011672,1,80
2.0,3.0,1.2203541119685788,8,2.0,1.7109187636249128,4.75,0.005,/public/home/student090/quantum-pump-l8/runs/l8-ut-20260728T195000/stage10/pair_0013_U_p4d750000_t_p0d500000_N10.npz,10,1.7125263385137466,200,0.9,0.3908994286334026,40,2.886579864025407e-14,13,10.0,/public/home/student090/quantum-pump-l8/runs/l8-allobs-20260728T230945/static/static_0013_U_p4d750000_t_p0d500000.npz,0.5,0.0016075748888337849,1,400
2.0,3.0,1.2203541119685788,8,2.0,2.012536584549241,4.75,0.005,/public/home/student090/quantum-pump-l8/runs/l8-ut-20260728T195000/stage10/pair_0013_U_p4d750000_t_p0d500000_N10.npz,10,2.014558274584138,1000,0.9,0.9975223192204291,41,1.3677947663381929e-13,13,50.0,/public/home/student090/quantum-pump-l8/runs/l8-allobs-20260728T230945/static/static_0013_U_p4d750000_t_p0d500000.npz,0.5,0.002021690034897272,1,2000
1.9999999999999998,3.0,1.1821833049287251,8,1.9999999999999998,0.17589175972865292,5.0,0.005,/public/home/student090/quantum-pump-l8/runs/l8-ut-20260728T195000/stage10/pair_0014_U_p5d000000_t_p0d500000_N10.npz,10,0.17717747794634345,40,0.9,0.026697556018499092,42,8.659739592076221e-15,14,2.0,/public/home/student090/quantum-pump-l8/runs/l8-allobs-20260728T230945/static/static_0014_U_p5d000000_t_p0d500000.npz,0.5,0.0012857182176905235,1,80
1.9999999999999998,3.0,1.1821833049287251,8,1.9999999999999998,1.4931392228464135,5.0,0.005,/public/home/student090/quantum-pump-l8/runs/l8-ut-20260728T195000/stage10/pair_0014_U_p5d000000_t_p0d500000_N10.npz,10,1.4944643615757511,200,0.9,0.16608614783342093,43,4.2521541843143495e-14,14,10.0,/public/home/student090/quantum-pump-l8/runs/l8-allobs-20260728T230945/static/static_0014_U_p5d000000_t_p0d500000.npz,0.5,0.0013251387293375938,1,400
1.9999999999999998,3.0,1.1821833049287251,8,1.9999999999999998,2.01350949100225,5.0,0.005,/public/home/student090/quantum-pump-l8/runs/l8-ut-20260728T195000/stage10/pair_0014_U_p5d000000_t_p0d500000_N10.npz,10,2.0154888013073267,1000,0.9,0.987352466520795,44,2.1715962361668062e-13,14,50.0,/public/home/student090/quantum-pump-l8/runs/l8-allobs-20260728T230945/static/static_0014_U_p5d000000_t_p0d500000.npz,0.5,0.001979310305076698,1,2000
2.0000000000000004,3.0,1.0887433678614773,8,2.0,0.16383907263035288,5.25,0.005,/public/home/student090/quantum-pump-l8/runs/l8-ut-20260728T195000/stage10/pair_0015_U_p5d250000_t_p0d500000_N10.npz,20,0.1650292269553716,40,0.9,0.02750235212721328,45,8.104628079763643e-15,15,2.0,/public/home/student090/quantum-pump-l8/runs/l8-allobs-20260728T230945/static/static_0015_U_p5d250000_t_p0d500000.npz,0.5,0.0011901543250187052,1,80
2.0000000000000004,3.0,1.0887433678614773,8,2.0,1.270140433461662,5.25,0.005,/public/home/student090/quantum-pump-l8/runs/l8-ut-20260728T195000/stage10/pair_0015_U_p5d250000_t_p0d500000_N10.npz,20,1.2712253379238594,200,0.9,0.04841691510693791,46,4.285460875053104e-14,15,10.0,/public/home/student090/quantum-pump-l8/runs/l8-allobs-20260728T230945/static/static_0015_U_p5d250000_t_p0d500000.npz,0.5,0.0010849044621974446,1,400
2.0000000000000004,3.0,1.0887433678614773,8,2.0,1.9931125089279684,5.25,0.005,/public/home/student090/quantum-pump-l8/runs/l8-ut-20260728T195000/stage10/pair_0015_U_p5d250000_t_p0d500000_N10.npz,20,1.9950273398574017,1000,0.9,0.9486088399830828,47,2.3014923300479495e-13,15,50.0,/public/home/student090/quantum-pump-l8/runs/l8-allobs-20260728T230945/static/static_0015_U_p5d250000_t_p0d500000.npz,0.5,0.001914830929433231,1,2000
2.0,3.0,0.8776266220109221,8,1.9999999999999996,0.15621184138065947,5.5,0.005,/public/home/student090/quantum-pump-l8/runs/l8-ut-20260728T195000/stage10/pair_0016_U_p5d500000_t_p0d500000_N10.npz,20,0.1573108689159603,40,0.9,0.02826566564307892,48,7.549516567451064e-15,16,2.0,/public/home/student090/quantum-pump-l8/runs/l8-allobs-20260728T230945/static/static_0016_U_p5d500000_t_p0d500000.npz,0.5,0.0010990275353008339,1,80
2.0,3.0,0.8776266220109221,8,1.9999999999999996,1.0906661313030774,5.5,0.005,/public/home/student090/quantum-pump-l8/runs/l8-ut-20260728T195000/stage10/pair_0016_U_p5d500000_t_p0d500000_N10.npz,20,1.0915777616670235,200,0.9,0.015402072501226481,49,3.530509218307998e-14,16,10.0,/public/home/student090/quantum-pump-l8/runs/l8-allobs-20260728T230945/static/static_0016_U_p5d500000_t_p0d500000.npz,0.5,0.0009116303639460366,1,400
2.0,3.0,0.8776266220109221,8,1.9999999999999996,1.8725111447691871,5.5,0.005,/public/home/student090/quantum-pump-l8/runs/l8-ut-20260728T195000/stage10/pair_0016_U_p5d500000_t_p0d500000_N10.npz,20,1.8743011919953765,1000,0.9,0.6986632169320317,50,1.5920598173124745e-13,16,50.0,/public/home/student090/quantum-pump-l8/runs/l8-allobs-20260728T230945/static/static_0016_U_p5d500000_t_p0d500000.npz,0.5,0.0017900472261893619,1,2000
2.0,3.0,0.6702837360096332,8,2.0,0.1532062425674673,5.75,0.005,/public/home/student090/quantum-pump-l8/runs/l8-ut-20260728T195000/stage10/pair_0017_U_p5d750000_t_p0d500000_N10.npz,20,0.1542192079631669,40,0.9,0.0280180606125556,51,1.2212453270876722e-15,17,2.0,/public/home/student090/quantum-pump-l8/runs/l8-allobs-20260728T230945/static/static_0017_U_p5d750000_t_p0d500000.npz,0.5,0.0010129653956996165,1,80
2.0,3.0,0.6702837360096332,8,2.0,0.9489827279425498,5.75,0.005,/public/home/student090/quantum-pump-l8/runs/l8-ut-20260728T195000/stage10/pair_0017_U_p5d750000_t_p0d500000_N10.npz,20,0.9497482128003785,200,0.9,0.01002113104087589,52,2.4424906541753444e-15,17,10.0,/public/home/student090/quantum-pump-l8/runs/l8-allobs-20260728T230945/static/static_0017_U_p5d750000_t_p0d500000.npz,0.5,0.0007654848578286799,1,400
2.0,3.0,0.6702837360096332,8,2.0,1.6606059694773563,5.75,0.005,/public/home/student090/quantum-pump-l8/runs/l8-ut-20260728T195000/stage10/pair_0017_U_p5d750000_t_p0d500000_N10.npz,20,1.6621499099095158,1000,0.9,0.4376055967655709,53,4.884981308350689e-15,17,50.0,/public/home/student090/quantum-pump-l8/runs/l8-allobs-20260728T230945/static/static_0017_U_p5d750000_t_p0d500000.npz,0.5,0.0015439404321595518,1,2000
1.9999999999999998,3.0,0.629372548852579,8,2.0,0.1531532041133468,5.8,0.005,/public/home/student090/quantum-pump-l8/runs/l8-ut-20260728T195000/stage10/pair_0018_U_p5d800000_t_p0d500000_N10.npz,20,0.15414955013233755,40,0.9,0.027831658804137824,54,6.106226635438361e-15,18,2.0,/public/home/student090/quantum-pump-l8/runs/l8-allobs-20260728T230945/static/static_0018_U_p5d800000_t_p0d500000.npz,0.5,0.0009963460189907625,1,80
1.9999999999999998,3.0,0.629372548852579,8,2.0,0.9231835807121037,5.8,0.005,/public/home/student090/quantum-pump-l8/runs/l8-ut-20260728T195000/stage10/pair_0018_U_p5d800000_t_p0d500000_N10.npz,20,0.9239219865444723,200,0.9,0.009535894502087775,55,3.3861802251067274e-14,18,10.0,/public/home/student090/quantum-pump-l8/runs/l8-allobs-20260728T230945/static/static_0018_U_p5d800000_t_p0d500000.npz,0.5,0.000738405832368616,1,400
1.9999999999999998,3.0,0.629372548852579,8,2.0,1.6264626344446074,5.8,0.005,/public/home/student090/quantum-pump-l8/runs/l8-ut-20260728T195000/stage10/pair_0018_U_p5d800000_t_p0d500000_N10.npz,20,1.6279636060801264,1000,0.9,0.46230056493504906,56,1.8685053504441385e-13,18,50.0,/public/home/student090/quantum-pump-l8/runs/l8-allobs-20260728T230945/static/static_0018_U_p5d800000_t_p0d500000.npz,0.5,0.0015009716355189884,1,2000
2.0,3.0,0.4682538965490175,8,2.0,0.15467219507870356,6.0,0.005,/public/home/student090/quantum-pump-l8/runs/l8-ut-20260728T195000/stage10/pair_0019_U_p6d000000_t_p0d500000_N10.npz,20,0.15560380174835522,40,0.9,0.026784988783597346,57,6.772360450213455e-15,19,2.0,/public/home/student090/quantum-pump-l8/runs/l8-allobs-20260728T230945/static/static_0019_U_p6d000000_t_p0d500000.npz,0.5,0.0009316066696516689,1,80
2.0,3.0,0.4682538965490175,8,2.0,0.8226691194932241,6.0,0.005,/public/home/student090/quantum-pump-l8/runs/l8-ut-20260728T195000/stage10/pair_0019_U_p6d000000_t_p0d500000_N10.npz,20,0.8233065977672993,200,0.9,0.00834671780765948,58,3.8746783559417963e-14,19,10.0,/public/home/student090/quantum-pump-l8/runs/l8-allobs-20260728T230945/static/static_0019_U_p6d000000_t_p0d500000.npz,0.5,0.0006374782740752316,1,400
2.0,3.0,0.4682538965490175,8,2.0,1.3478521321525205,6.0,0.005,/public/home/student090/quantum-pump-l8/runs/l8-ut-20260728T195000/stage10/pair_0019_U_p6d000000_t_p0d500000_N10.npz,20,1.3491958295431146,1000,0.9,0.30431742180253085,59,1.9906298831529057e-13,19,50.0,/public/home/student090/quantum-pump-l8/runs/l8-allobs-20260728T230945/static/static_0019_U_p6d000000_t_p0d500000.npz,0.5,0.0013436973905940341,1,2000
2.0,3.0,0.3129875949692762,8,1.9999999999999996,0.1587197282520489,6.2,0.005,/public/home/student090/quantum-pump-l8/runs/l8-ut-20260728T195000/stage10/pair_0020_U_p6d200000_t_p0d500000_N10.npz,20,0.15958881411833634,40,0.9,0.02566169981799058,60,2.4424906541753444e-15,20,2.0,/public/home/student090/quantum-pump-l8/runs/l8-allobs-20260728T230945/static/static_0020_U_p6d200000_t_p0d500000.npz,0.5,0.0008690858662874501,1,80
2.0,3.0,0.3129875949692762,8,1.9999999999999996,0.7222905882140509,6.2,0.005,/public/home/student090/quantum-pump-l8/runs/l8-ut-20260728T195000/stage10/pair_0020_U_p6d200000_t_p0d500000_N10.npz,20,0.7228414982707955,200,0.9,0.0064463222683913005,61,1.0880185641326534e-14,20,10.0,/public/home/student090/quantum-pump-l8/runs/l8-allobs-20260728T230945/static/static_0020_U_p6d200000_t_p0d500000.npz,0.5,0.0005509100567445691,1,400
2.0,3.0,0.3129875949692762,8,1.9999999999999996,0.8862677037281098,6.2,0.005,/public/home/student090/quantum-pump-l8/runs/l8-ut-20260728T195000/stage10/pair_0020_U_p6d200000_t_p0d500000_N10.npz,20,0.887443541616031,1000,0.9,0.0689414726027687,62,4.3076653355456074e-14,20,50.0,/public/home/student090/quantum-pump-l8/runs/l8-allobs-20260728T230945/static/static_0020_U_p6d200000_t_p0d500000.npz,0.5,0.001175837887921194,1,2000
2.0,3.0,0.2755077241301569,8,2.0000000000000004,0.16007809670228298,6.25,0.005,/public/home/student090/quantum-pump-l8/runs/l8-ut-20260728T195000/stage10/pair_0021_U_p6d250000_t_p0d500000_N10.npz,20,0.16093179274750716,40,0.9,0.025440785826125387,63,7.549516567451064e-15,21,2.0,/public/home/student090/quantum-pump-l8/runs/l8-allobs-20260728T230945/static/static_0021_U_p6d250000_t_p0d500000.npz,0.5,0.0008536960452241726,1,80
2.0,3.0,0.2755077241301569,8,2.0000000000000004,0.6970091843301003,6.25,0.005,/public/home/student090/quantum-pump-l8/runs/l8-ut-20260728T195000/stage10/pair_0021_U_p6d250000_t_p0d500000_N10.npz,20,0.6975408971357605,200,0.9,0.005500059938586166,64,4.1522341120980855e-14,21,10.0,/public/home/student090/quantum-pump-l8/runs/l8-allobs-20260728T230945/static/static_0021_U_p6d250000_t_p0d500000.npz,0.5,0.0005317128056602227,1,400
2.0,3.0,0.2755077241301569,8,2.0000000000000004,0.8197826900130313,6.25,0.005,/public/home/student090/quantum-pump-l8/runs/l8-ut-20260728T195000/stage10/pair_0021_U_p6d250000_t_p0d500000_N10.npz,20,0.8209363865592713,1000,0.9,0.06781936647230691,65,2.204902926905561e-13,21,50.0,/public/home/student090/quantum-pump-l8/runs/l8-allobs-20260728T230945/static/static_0021_U_p6d250000_t_p0d500000.npz,0.5,0.0011536965462399795,1,2000
2.0,3.0,0.10066680634959457,8,1.9999999999999996,0.16853538913369517,6.5,0.005,/public/home/student090/quantum-pump-l8/runs/l8-ut-20260728T195000/stage10/pair_0022_U_p6d500000_t_p0d500000_N10.npz,20,0.1693127704923093,40,0.9,0.02514495804160757,66,6.439293542825908e-15,22,2.0,/public/home/student090/quantum-pump-l8/runs/l8-allobs-20260728T230945/static/static_0022_U_p6d500000_t_p0d500000.npz,0.5,0.000777381358614132,1,80
2.0,3.0,0.10066680634959457,8,1.9999999999999996,0.5716226747816976,6.5,0.005,/public/home/student090/quantum-pump-l8/runs/l8-ut-20260728T195000/stage10/pair_0022_U_p6d500000_t_p0d500000_N10.npz,20,0.5720766535057245,200,0.9,0.002246829442511723,67,3.4083846855992306e-14,22,10.0,/public/home/student090/quantum-pump-l8/runs/l8-allobs-20260728T230945/static/static_0022_U_p6d500000_t_p0d500000.npz,0.5,0.00045397872402686,1,400
2.0,3.0,0.10066680634959457,8,1.9999999999999996,0.732592102568483,6.5,0.005,/public/home/student090/quantum-pump-l8/runs/l8-ut-20260728T195000/stage10/pair_0022_U_p6d500000_t_p0d500000_N10.npz,20,0.7336335836790008,1000,0.9,0.4151636863221947,68,1.766364832178624e-13,22,50.0,/public/home/student090/quantum-pump-l8/runs/l8-allobs-20260728T230945/static/static_0022_U_p6d500000_t_p0d500000.npz,0.5,0.0010414811105178279,1,2000
0.0,3.0,0.04165517288815401,8,0.0,0.17887790760972888,6.75,0.005,/public/home/student090/quantum-pump-l8/runs/l8-ut-20260728T195000/stage10/pair_0023_U_p6d750000_t_p0d500000_N10.npz,20,0.17957855352288693,40,0.9,0.026740862828895623,69,6.439293542825908e-15,23,2.0,/public/home/student090/quantum-pump-l8/runs/l8-allobs-20260728T230945/static/static_0023_U_p6d750000_t_p0d500000.npz,0.5,0.0007006459131580489,1,80
0.0,3.0,0.04165517288815401,8,0.0,0.45521278737018034,6.75,0.005,/public/home/student090/quantum-pump-l8/runs/l8-ut-20260728T195000/stage10/pair_0023_U_p6d750000_t_p0d500000_N10.npz,20,0.4556467959699625,200,0.9,0.006625546061920672,70,3.674838211509268e-14,23,10.0,/public/home/student090/quantum-pump-l8/runs/l8-allobs-20260728T230945/static/static_0023_U_p6d750000_t_p0d500000.npz,0.5,0.0004340085997821541,1,400
0.0,3.0,0.04165517288815401,8,0.0,0.4994740660334343,6.75,0.005,/public/home/student090/quantum-pump-l8/runs/l8-ut-20260728T195000/stage10/pair_0023_U_p6d750000_t_p0d500000_N10.npz,20,0.5003242747033616,1000,0.9,0.2737093829764858,71,1.8196555373606316e-13,23,50.0,/public/home/student090/quantum-pump-l8/runs/l8-allobs-20260728T230945/static/static_0023_U_p6d750000_t_p0d500000.npz,0.5,0.0008502086699272993,1,2000
-1.9436723053388158e-16,3.0,0.13713339503999,8,5.551115123125783e-17,0.18978076545246858,7.0,0.005,/public/home/student090/quantum-pump-l8/runs/l8-ut-20260728T195000/stage10/pair_0024_U_p7d000000_t_p0d500000_N10.npz,20,0.1904025417102013,40,0.9,0.030374485307557833,72,4.9960036108132044e-15,24,2.0,/public/home/student090/quantum-pump-l8/runs/l8-allobs-20260728T230945/static/static_0024_U_p7d000000_t_p0d500000.npz,0.5,0.0006217762577327146,1,80
-1.9436723053388158e-16,3.0,0.13713339503999,8,5.551115123125783e-17,0.3484716329820022,7.0,0.005,/public/home/student090/quantum-pump-l8/runs/l8-ut-20260728T195000/stage10/pair_0024_U_p7d000000_t_p0d500000_N10.npz,20,0.34893412061876555,200,0.9,0.007137779315905658,73,2.3869795029440866e-14,24,10.0,/public/home/student090/quantum-pump-l8/runs/l8-allobs-20260728T230945/static/static_0024_U_p7d000000_t_p0d500000.npz,0.5,0.0004624876367633757,1,400
-1.9436723053388158e-16,3.0,0.13713339503999,8,5.551115123125783e-17,0.2941405907080028,7.0,0.005,/public/home/student090/quantum-pump-l8/runs/l8-ut-20260728T195000/stage10/pair_0024_U_p7d000000_t_p0d500000_N10.npz,20,0.2949094515003259,1000,0.9,0.24455475754338796,74,1.3866685577568205e-13,24,50.0,/public/home/student090/quantum-pump-l8/runs/l8-allobs-20260728T230945/static/static_0024_U_p7d000000_t_p0d500000.npz,0.5,0.0007688607923230784,1,2000
-6.184411880623505e-17,3.0,0.15467826072380242,8,0.0,0.199897904166987,7.25,0.005,/public/home/student090/quantum-pump-l8/runs/l8-ut-20260728T195000/stage10/pair_0025_U_p7d250000_t_p0d500000_N10.npz,20,0.20043766599428464,40,0.9,0.035454573948577525,75,8.326672684688674e-15,25,2.0,/public/home/student090/quantum-pump-l8/runs/l8-allobs-20260728T230945/static/static_0025_U_p7d250000_t_p0d500000.npz,0.5,0.0005397618272976468,1,80
-6.184411880623505e-17,3.0,0.15467826072380242,8,0.0,0.2583890481186181,7.25,0.005,/public/home/student090/quantum-pump-l8/runs/l8-ut-20260728T195000/stage10/pair_0025_U_p7d250000_t_p0d500000_N10.npz,20,0.2588664111151754,200,0.9,0.0058149041669259965,76,4.1744385725905886e-14,25,10.0,/public/home/student090/quantum-pump-l8/runs/l8-allobs-20260728T230945/static/static_0025_U_p7d250000_t_p0d500000.npz,0.5,0.00047736299655726233,1,400
-6.184411880623505e-17,3.0,0.15467826072380242,8,0.0,0.015261401251929712,7.25,0.005,/public/home/student090/quantum-pump-l8/runs/l8-ut-20260728T195000/stage10/pair_0025_U_p7d250000_t_p0d500000_N10.npz,20,0.01595235361833172,1000,0.9,0.6261997518318441,77,2.454703107446221e-13,25,50.0,/public/home/student090/quantum-pump-l8/runs/l8-allobs-20260728T230945/static/static_0025_U_p7d250000_t_p0d500000.npz,0.5,0.0006909523664020093,1,2000
-8.834874115176436e-18,3.0,0.1441844988606471,8,0.0,0.20799699706259242,7.5,0.005,/public/home/student090/quantum-pump-l8/runs/l8-ut-20260728T195000/stage10/pair_0026_U_p7d500000_t_p0d500000_N10.npz,20,0.2084515432987968,40,0.9,0.04098446743862298,78,4.6629367034256575e-15,26,2.0,/public/home/student090/quantum-pump-l8/runs/l8-allobs-20260728T230945/static/static_0026_U_p7d500000_t_p0d500000.npz,0.5,0.0004545462362043895,1,80
-8.834874115176436e-18,3.0,0.1441844988606471,8,0.0,0.1981008229059384,7.5,0.005,/public/home/student090/quantum-pump-l8/runs/l8-ut-20260728T195000/stage10/pair_0026_U_p7d500000_t_p0d500000_N10.npz,20,0.19858251918378678,200,0.9,0.010409206384785912,79,2.3092638912203256e-14,26,10.0,/public/home/student090/quantum-pump-l8/runs/l8-allobs-20260728T230945/static/static_0026_U_p7d500000_t_p0d500000.npz,0.5,0.00048169627784838687,1,400
-8.834874115176436e-18,3.0,0.1441844988606471,8,0.0,-0.015131916739752444,7.5,0.005,/public/home/student090/quantum-pump-l8/runs/l8-ut-20260728T195000/stage10/pair_0026_U_p7d500000_t_p0d500000_N10.npz,20,-0.014534836714424064,1000,0.9,0.859999903905866,80,5.995204332975845e-14,26,50.0,/public/home/student090/quantum-pump-l8/runs/l8-allobs-20260728T230945/static/static_0026_U_p7d500000_t_p0d500000.npz,0.5,0.0005970800253283799,1,2000
-1.4577542290041119e-16,3.0,0.13402235093291948,8,0.0,0.2130740863905538,7.75,0.005,/public/home/student090/quantum-pump-l8/runs/l8-ut-20260728T195000/stage10/pair_0027_U_p7d750000_t_p0d500000_N10.npz,20,0.2134411774721022,40,0.9,0.04614082595339073,81,5.10702591327572e-15,27,2.0,/public/home/student090/quantum-pump-l8/runs/l8-allobs-20260728T230945/static/static_0027_U_p7d750000_t_p0d500000.npz,0.5,0.000367091081548393,1,80
-1.4577542290041119e-16,3.0,0.13402235093291948,8,0.0,0.15278531381622218,7.75,0.005,/public/home/student090/quantum-pump-l8/runs/l8-ut-20260728T195000/stage10/pair_0027_U_p7d750000_t_p0d500000_N10.npz,20,0.15328686495188965,200,0.9,0.016569955320429434,82,2.90878432451791e-14,27,10.0,/public/home/student090/quantum-pump-l8/runs/l8-allobs-20260728T230945/static/static_0027_U_p7d750000_t_p0d500000.npz,0.5,0.0005015511356674662,1,400
-1.4577542290041119e-16,3.0,0.13402235093291948,8,0.0,0.006899976702379147,7.75,0.005,/public/home/student090/quantum-pump-l8/runs/l8-ut-20260728T195000/stage10/pair_0027_U_p7d750000_t_p0d500000_N10.npz,20,0.007466781438489018,1000,0.9,0.49386681114271547,83,1.7763568394002505e-13,27,50.0,/public/home/student090/quantum-pump-l8/runs/l8-allobs-20260728T230945/static/static_0027_U_p7d750000_t_p0d500000.npz,0.5,0.0005668047361098707,1,2000
-3.975693351829396e-17,3.0,0.12463316843938399,8,0.0,0.2144361909115076,8.0,0.005,/public/home/student090/quantum-pump-l8/runs/l8-ut-20260728T195000/stage10/pair_0028_U_p8d000000_t_p0d500000_N10.npz,20,0.2147154488630809,40,0.9,0.050805867913675244,84,1.9984014443252818e-15,28,2.0,/public/home/student090/quantum-pump-l8/runs/l8-allobs-20260728T230945/static/static_0028_U_p8d000000_t_p0d500000.npz,0.5,0.00027925795157329736,1,80
-3.975693351829396e-17,3.0,0.12463316843938399,8,0.0,0.10053233358796101,8.0,0.005,/public/home/student090/quantum-pump-l8/runs/l8-ut-20260728T195000/stage10/pair_0028_U_p8d000000_t_p0d500000_N10.npz,20,0.10101797713093438,200,0.9,0.024569195158817024,85,1.099120794378905e-14,28,10.0,/public/home/student090/quantum-pump-l8/runs/l8-allobs-20260728T230945/static/static_0028_U_p8d000000_t_p0d500000.npz,0.5,0.00048564354297336854,1,400
-3.975693351829396e-17,3.0,0.12463316843938399,8,0.0,-0.002294626990814979,8.0,0.005,/public/home/student090/quantum-pump-l8/runs/l8-ut-20260728T195000/stage10/pair_0028_U_p8d000000_t_p0d500000_N10.npz,20,-0.0017590759595151031,1000,0.9,0.24254047937196255,86,8.992806499463768e-14,28,50.0,/public/home/student090/quantum-pump-l8/runs/l8-allobs-20260728T230945/static/static_0028_U_p8d000000_t_p0d500000.npz,0.5,0.0005355510312998757,1,2000
1.115402857041025e-16,3.0,0.11616295095686846,8,0.0,0.2117461774535453,8.25,0.005,/public/home/student090/quantum-pump-l8/runs/l8-ut-20260728T195000/stage10/pair_0029_U_p8d250000_t_p0d500000_N10.npz,20,0.2119397277334767,40,0.9,0.05576659152800273,87,3.774758283725532e-15,29,2.0,/public/home/student090/quantum-pump-l8/runs/l8-allobs-20260728T230945/static/static_0029_U_p8d250000_t_p0d500000.npz,0.5,0.00019355027993139817,1,80
1.115402857041025e-16,3.0,0.11616295095686846,8,0.0,0.054846185315711345,8.25,0.005,/public/home/student090/quantum-pump-l8/runs/l8-ut-20260728T195000/stage10/pair_0029_U_p8d250000_t_p0d500000_N10.npz,20,0.05526864958095111,200,0.9,0.039322768778240744,88,9.325873406851315e-15,29,10.0,/public/home/student090/quantum-pump-l8/runs/l8-allobs-20260728T230945/static/static_0029_U_p8d250000_t_p0d500000.npz,0.5,0.00042246426523976505,1,400
1.115402857041025e-16,3.0,0.11616295095686846,8,0.0,-0.0025459997294105703,8.25,0.005,/public/home/student090/quantum-pump-l8/runs/l8-ut-20260728T195000/stage10/pair_0029_U_p8d250000_t_p0d500000_N10.npz,20,-0.002040192959694717,1000,0.9,0.13818475538872665,89,3.3084646133829665e-14,29,50.0,/public/home/student090/quantum-pump-l8/runs/l8-allobs-20260728T230945/static/static_0029_U_p8d250000_t_p0d500000.npz,0.5,0.0005058067697158533,1,2000
-1.0436195048552164e-16,3.0,0.1086059053881323,8,0.0,0.20502919833601727,8.5,0.005,/public/home/student090/quantum-pump-l8/runs/l8-ut-20260728T195000/stage10/pair_0030_U_p8d500000_t_p0d500000_N10.npz,20,0.20514197467515374,40,0.9,0.0625116805266329,90,4.440892098500626e-15,30,2.0,/public/home/student090/quantum-pump-l8/runs/l8-allobs-20260728T230945/static/static_0030_U_p8d500000_t_p0d500000.npz,0.5,0.00011277633913647778,1,80
-1.0436195048552164e-16,3.0,0.1086059053881323,8,0.0,0.032369264249689285,8.5,0.005,/public/home/student090/quantum-pump-l8/runs/l8-ut-20260728T195000/stage10/pair_0030_U_p8d500000_t_p0d500000_N10.npz,20,0.032748559645785956,200,0.9,0.055005903867158173,91,1.7430501486614958e-14,30,10.0,/public/home/student090/quantum-pump-l8/runs/l8-allobs-20260728T230945/static/static_0030_U_p8d500000_t_p0d500000.npz,0.5,0.00037929539609667107,1,400
-1.0436195048552164e-16,3.0,0.1086059053881323,8,0.0,-0.0014174702779479052,8.5,0.005,/public/home/student090/quantum-pump-l8/runs/l8-ut-20260728T195000/stage10/pair_0030_U_p8d500000_t_p0d500000_N10.npz,20,-0.0009377363275848983,1000,0.9,0.11166948110936781,92,1.2512213487525514e-13,30,50.0,/public/home/student090/quantum-pump-l8/runs/l8-allobs-20260728T230945/static/static_0030_U_p8d500000_t_p0d500000.npz,0.5,0.0004797339503630069,1,2000
-4.086129278269101e-17,3.0,0.10188960058808938,8,0.0,0.19464363791684083,8.75,0.005,/public/home/student090/quantum-pump-l8/runs/l8-ut-20260728T195000/stage10/pair_0031_U_p8d750000_t_p0d500000_N10.npz,20,0.19468333504773389,40,0.9,0.07279815777440378,93,2.220446049250313e-15,31,2.0,/public/home/student090/quantum-pump-l8/runs/l8-allobs-20260728T230945/static/static_0031_U_p8d750000_t_p0d500000.npz,0.5,3.96971308930516e-05,1,80
-4.086129278269101e-17,3.0,0.10188960058808938,8,0.0,0.022123719594686515,8.75,0.005,/public/home/student090/quantum-pump-l8/runs/l8-ut-20260728T195000/stage10/pair_0031_U_p8d750000_t_p0d500000_N10.npz,20,0.022469968157293945,200,0.9,0.06313474406934691,94,1.454392162258955e-14,31,10.0,/public/home/student090/quantum-pump-l8/runs/l8-allobs-20260728T230945/static/static_0031_U_p8d750000_t_p0d500000.npz,0.5,0.0003462485626074298,1,400
-4.086129278269101e-17,3.0,0.10188960058808938,8,0.0,-0.0006302524904139233,8.75,0.005,/public/home/student090/quantum-pump-l8/runs/l8-ut-20260728T195000/stage10/pair_0031_U_p8d750000_t_p0d500000_N10.npz,20,-0.00017556438484253817,1000,0.9,0.08578806823055678,95,7.049916206369744e-14,31,50.0,/public/home/student090/quantum-pump-l8/runs/l8-allobs-20260728T230945/static/static_0031_U_p8d750000_t_p0d500000.npz,0.5,0.00045468810557138515,1,2000
-1.6951914708494786e-16,3.0,0.09591948251609339,8,0.0,0.18122211998297758,9.0,0.005,/public/home/student090/quantum-pump-l8/runs/l8-ut-20260728T195000/stage10/pair_0032_U_p9d000000_t_p0d500000_N10.npz,20,0.1811988323952624,40,0.9,0.08823814157031704,96,3.9968028886505635e-15,32,2.0,/public/home/student090/quantum-pump-l8/runs/l8-allobs-20260728T230945/static/static_0032_U_p9d000000_t_p0d500000.npz,0.5,2.3287587715165037e-05,1,80
-1.6951914708494786e-16,3.0,0.09591948251609339,8,0.0,0.014625757412286135,9.0,0.005,/public/home/student090/quantum-pump-l8/runs/l8-ut-20260728T195000/stage10/pair_0032_U_p9d000000_t_p0d500000_N10.npz,20,0.01493414342328249,200,0.9,0.06168106652797413,97,1.0436096431476471e-14,32,10.0,/public/home/student090/quantum-pump-l8/runs/l8-allobs-20260728T230945/static/static_0032_U_p9d000000_t_p0d500000.npz,0.5,0.0003083860109963539,1,400
-1.6951914708494786e-16,3.0,0.09591948251609339,8,0.0,-0.00031068186824726287,9.0,0.005,/public/home/student090/quantum-pump-l8/runs/l8-ut-20260728T195000/stage10/pair_0032_U_p9d000000_t_p0d500000_N10.npz,20,0.00011950390969304188,1000,0.9,0.03815414305235958,98,6.261657858885883e-14,32,50.0,/public/home/student090/quantum-pump-l8/runs/l8-allobs-20260728T230945/static/static_0032_U_p9d000000_t_p0d500000.npz,0.5,0.00043018577794030476,1,2000
3.660950961476235e-16,3.0,0.09059996867375286,8,0.0,0.1655901801064518,9.25,0.005,/public/home/student090/quantum-pump-l8/runs/l8-ut-20260728T195000/stage10/pair_0033_U_p9d250000_t_p0d500000_N10.npz,20,0.16551580115172942,40,0.9,0.11005810337426884,99,4.440892098500626e-15,33,2.0,/public/home/student090/quantum-pump-l8/runs/l8-allobs-20260728T230945/static/static_0033_U_p9d250000_t_p0d500000.npz,0.5,7.437895472237055e-05,1,80
3.660950961476235e-16,3.0,0.09059996867375286,8,0.0,0.009770316142905643,9.25,0.005,/public/home/student090/quantum-pump-l8/runs/l8-ut-20260728T195000/stage10/pair_0033_U_p9d250000_t_p0d500000_N10.npz,20,0.010062446625379019,200,0.9,0.05446683674754791,100,2.9976021664879227e-14,33,10.0,/public/home/student090/quantum-pump-l8/runs/l8-allobs-20260728T230945/static/static_0033_U_p9d250000_t_p0d500000.npz,0.5,0.0002921304824733753,1,400
3.660950961476235e-16,3.0,0.09059996867375286,8,0.0,-0.00018086652549070126,9.25,0.005,/public/home/student090/quantum-pump-l8/runs/l8-ut-20260728T195000/stage10/pair_0033_U_p9d250000_t_p0d500000_N10.npz,20,0.00022697641784582276,1000,0.9,0.04186263303117575,101,1.34781075189494e-13,33,50.0,/public/home/student090/quantum-pump-l8/runs/l8-allobs-20260728T230945/static/static_0033_U_p9d250000_t_p0d500000.npz,0.5,0.000407842943336524,1,2000
-4.969616689786745e-18,3.0,0.0858433102792523,8,0.0,0.14867190556098261,9.5,0.005,/public/home/student090/quantum-pump-l8/runs/l8-ut-20260728T195000/stage10/pair_0034_U_p9d500000_t_p0d500000_N10.npz,20,0.14855937968969385,40,0.9,0.13902804794152673,102,6.8833827526759706e-15,34,2.0,/public/home/student090/quantum-pump-l8/runs/l8-allobs-20260728T230945/static/static_0034_U_p9d500000_t_p0d500000.npz,0.5,0.00011252587128876557,1,80
-4.969616689786745e-18,3.0,0.0858433102792523,8,0.0,0.005426497922206764,9.5,0.005,/public/home/student090/quantum-pump-l8/runs/l8-ut-20260728T195000/stage10/pair_0034_U_p9d500000_t_p0d500000_N10.npz,20,0.005721277672009496,200,0.9,0.046101442129424575,103,4.063416270128073e-14,34,10.0,/public/home/student090/quantum-pump-l8/runs/l8-allobs-20260728T230945/static/static_0034_U_p9d500000_t_p0d500000.npz,0.5,0.0002947797498027323,1,400
-4.969616689786745e-18,3.0,0.0858433102792523,8,0.0,0.00013282614322799235,9.5,0.005,/public/home/student090/quantum-pump-l8/runs/l8-ut-20260728T195000/stage10/pair_0034_U_p9d500000_t_p0d500000_N10.npz,20,0.000519844228176614,1000,0.9,0.120938788645886,104,2.0294876890147862e-13,34,50.0,/public/home/student090/quantum-pump-l8/runs/l8-allobs-20260728T230945/static/static_0034_U_p9d500000_t_p0d500000.npz,0.5,0.00038701808494862164,1,2000
9.387053747374963e-17,3.0,0.0815724846714142,8,0.0,0.13139299672617522,9.75,0.005,/public/home/student090/quantum-pump-l8/runs/l8-ut-20260728T195000/stage10/pair_0035_U_p9d750000_t_p0d500000_N10.npz,20,0.1312555212203624,40,0.9,0.17546252108328536,105,4.440892098500626e-15,35,2.0,/public/home/student090/quantum-pump-l8/runs/l8-allobs-20260728T230945/static/static_0035_U_p9d750000_t_p0d500000.npz,0.5,0.00013747550581280632,1,80
9.387053747374963e-17,3.0,0.0815724846714142,8,0.0,0.0017789408094250727,9.75,0.005,/public/home/student090/quantum-pump-l8/runs/l8-ut-20260728T195000/stage10/pair_0035_U_p9d750000_t_p0d500000_N10.npz,20,0.0020761710645714306,200,0.9,0.03774345396007073,106,2.1538326677728037e-14,35,10.0,/public/home/student090/quantum-pump-l8/runs/l8-allobs-20260728T230945/static/static_0035_U_p9d750000_t_p0d500000.npz,0.5,0.0002972302551463579,1,400
9.387053747374963e-17,3.0,0.0815724846714142,8,0.0,0.00024655641797307845,9.75,0.005,/public/home/student090/quantum-pump-l8/runs/l8-ut-20260728T195000/stage10/pair_0035_U_p9d750000_t_p0d500000_N10.npz,20,0.0006158330050014453,1000,0.9,0.3044697114348226,107,1.0036416142611415e-13,35,50.0,/public/home/student090/quantum-pump-l8/runs/l8-allobs-20260728T230945/static/static_0035_U_p9d750000_t_p0d500000.npz,0.5,0.00036927658702836687,1,2000
-7.620078924339676e-17,3.0,0.07772136698498466,8,0.0,0.1145918920435978,10.0,0.005,/public/home/student090/quantum-pump-l8/runs/l8-ut-20260728T195000/stage10/pair_0036_U_p10d000000_t_p0d500000_N10.npz,20,0.11444215710862292,40,0.9,0.2191979213537757,108,7.882583474838611e-15,36,2.0,/public/home/student090/quantum-pump-l8/runs/l8-allobs-20260728T230945/static/static_0036_U_p10d000000_t_p0d500000.npz,0.5,0.00014973493497488777,1,80
-7.620078924339676e-17,3.0,0.07772136698498466,8,0.0,0.0009463565949378735,10.0,0.005,/public/home/student090/quantum-pump-l8/runs/l8-ut-20260728T195000/stage10/pair_0036_U_p10d000000_t_p0d500000_N10.npz,20,0.0012412924715072514,200,0.9,0.02902653435140008,109,3.907985046680551e-14,36,10.0,/public/home/student090/quantum-pump-l8/runs/l8-allobs-20260728T230945/static/static_0036_U_p10d000000_t_p0d500000.npz,0.5,0.0002949358765693779,1,400
-7.620078924339676e-17,3.0,0.07772136698498466,8,0.0,0.00012958083498828963,10.0,0.005,/public/home/student090/quantum-pump-l8/runs/l8-ut-20260728T195000/stage10/pair_0036_U_p10d000000_t_p0d500000_N10.npz,20,0.00048305309541251263,1000,0.9,0.589228796720756,110,2.0061730054976579e-13,36,50.0,/public/home/student090/quantum-pump-l8/runs/l8-allobs-20260728T230945/static/static_0036_U_p10d000000_t_p0d500000.npz,0.5,0.000353472260424223,1,2000
-3.451122701240795e-17,3.0,0.05679754767196521,8,0.0,0.03658605080391259,12.0,0.005,/public/home/student090/quantum-pump-l8/runs/l8-ut-20260728T195000/stage10/pair_0037_U_p12d000000_t_p0d500000_N10.npz,20,0.03659982217438116,40,0.9,0.6479453002747463,111,7.66053886991358e-15,37,2.0,/public/home/student090/quantum-pump-l8/runs/l8-allobs-20260728T230945/static/static_0037_U_p12d000000_t_p0d500000.npz,0.5,1.3771370468568245e-05,1,80
-3.451122701240795e-17,3.0,0.05679754767196521,8,0.0,0.00015859923706310118,12.0,0.005,/public/home/student090/quantum-pump-l8/runs/l8-ut-20260728T195000/stage10/pair_0037_U_p12d000000_t_p0d500000_N10.npz,20,0.00040480912995786143,200,0.9,0.007684695986911781,112,3.7636560534792807e-14,37,10.0,/public/home/student090/quantum-pump-l8/runs/l8-allobs-20260728T230945/static/static_0037_U_p12d000000_t_p0d500000.npz,0.5,0.00024620989289476025,1,400
-3.451122701240795e-17,3.0,0.05679754767196521,8,0.0,7.06105517851923e-05,12.0,0.005,/public/home/student090/quantum-pump-l8/runs/l8-ut-20260728T195000/stage10/pair_0037_U_p12d000000_t_p0d500000_N10.npz,20,0.00032507836708484133,1000,0.9,0.12853143012614687,113,1.9939605522267811e-13,37,50.0,/public/home/student090/quantum-pump-l8/runs/l8-allobs-20260728T230945/static/static_0037_U_p12d000000_t_p0d500000.npz,0.5,0.00025446781529964906,1,2000
0.0,3.0,0.03770957627647992,8,0.0,0.000593584437056126,16.0,0.005,/public/home/student090/quantum-pump-l8/runs/l8-ut-20260728T195000/stage10/pair_0038_U_p16d000000_t_p0d500000_N10.npz,20,0.0007700567612877397,40,0.9,0.9148178529387181,114,9.547918011776346e-15,38,2.0,/public/home/student090/quantum-pump-l8/runs/l8-allobs-20260728T230945/static/static_0038_U_p16d000000_t_p0d500000.npz,0.5,0.00017647232423161378,1,80
0.0,3.0,0.03770957627647992,8,0.0,8.0809599599307e-05,16.0,0.005,/public/home/student090/quantum-pump-l8/runs/l8-ut-20260728T195000/stage10/pair_0038_U_p16d000000_t_p0d500000_N10.npz,20,0.0002654824676738093,200,0.9,0.1460122990086329,115,5.306866057708248e-14,38,10.0,/public/home/student090/quantum-pump-l8/runs/l8-allobs-20260728T230945/static/static_0038_U_p16d000000_t_p0d500000.npz,0.5,0.0001846728680745023,1,400
0.0,3.0,0.03770957627647992,8,0.0,6.092559724110945e-05,16.0,0.005,/public/home/student090/quantum-pump-l8/runs/l8-ut-20260728T195000/stage10/pair_0038_U_p16d000000_t_p0d500000_N10.npz,20,0.00024105894611447728,1000,0.9,0.08469688537668514,116,2.682298827494378e-13,38,50.0,/public/home/student090/quantum-pump-l8/runs/l8-allobs-20260728T230945/static/static_0038_U_p16d000000_t_p0d500000.npz,0.5,0.00018013334887336782,1,2000
8.42073939102754e-18,3.0,0.02317135146061261,8,0.0,-2.198230795866231e-05,24.0,0.005,/public/home/student090/quantum-pump-l8/runs/l8-ut-20260728T195000/stage10/pair_0039_U_p24d000000_t_p0d500000_N10.npz,20,0.00011256149840264909,40,0.9,0.9673909699717412,117,3.1086244689504383e-15,39,2.0,/public/home/student090/quantum-pump-l8/runs/l8-allobs-20260728T230945/static/static_0039_U_p24d000000_t_p0d500000.npz,0.5,0.0001345438063613114,1,80
8.42073939102754e-18,3.0,0.02317135146061261,8,0.0,3.5418828789459336e-05,24.0,0.005,/public/home/student090/quantum-pump-l8/runs/l8-ut-20260728T195000/stage10/pair_0039_U_p24d000000_t_p0d500000_N10.npz,20,0.0001656268033522062,200,0.9,0.4512489904578871,118,1.3322676295501878e-14,39,10.0,/public/home/student090/quantum-pump-l8/runs/l8-allobs-20260728T230945/static/static_0039_U_p24d000000_t_p0d500000.npz,0.5,0.00013020797456274688,1,400
8.42073939102754e-18,3.0,0.02317135146061261,8,0.0,4.0010768933004026e-05,24.0,0.005,/public/home/student090/quantum-pump-l8/runs/l8-ut-20260728T195000/stage10/pair_0039_U_p24d000000_t_p0d500000_N10.npz,20,0.0001710223713710692,1000,0.9,0.4315764413995313,119,5.684341886080802e-14,39,50.0,/public/home/student090/quantum-pump-l8/runs/l8-allobs-20260728T230945/static/static_0039_U_p24d000000_t_p0d500000.npz,0.5,0.0001310116024380652,1,2000
-6.527798589396964e-17,3.0,0.016907557968668357,8,0.0,5.122130435230234e-05,32.0,0.005,/public/home/student090/quantum-pump-l8/runs/l8-ut-20260728T195000/stage10/pair_0040_U_p32d000000_t_p0d500000_N10.npz,20,0.0001567598412444653,40,0.9,0.9820003365314807,120,7.549516567451064e-15,40,2.0,/public/home/student090/quantum-pump-l8/runs/l8-allobs-20260728T230945/static/static_0040_U_p32d000000_t_p0d500000.npz,0.5,0.00010553853689216296,1,80
-6.527798589396964e-17,3.0,0.016907557968668357,8,0.0,3.1561168903080295e-05,32.0,0.005,/public/home/student090/quantum-pump-l8/runs/l8-ut-20260728T195000/stage10/pair_0040_U_p32d000000_t_p0d500000_N10.npz,20,0.00013744206178445642,200,0.9,0.6414254640967693,121,7.105427357601002e-15,40,10.0,/public/home/student090/quantum-pump-l8/runs/l8-allobs-20260728T230945/static/static_0040_U_p32d000000_t_p0d500000.npz,0.5,0.00010588089288137613,1,400
-6.527798589396964e-17,3.0,0.016907557968668357,8,0.0,3.1734657153707635e-05,32.0,0.005,/public/home/student090/quantum-pump-l8/runs/l8-ut-20260728T195000/stage10/pair_0040_U_p32d000000_t_p0d500000_N10.npz,20,0.00014228573543080848,1000,0.9,0.011048940828839723,122,2.0872192862952943e-14,40,50.0,/public/home/student090/quantum-pump-l8/runs/l8-allobs-20260728T230945/static/static_0040_U_p32d000000_t_p0d500000.npz,0.5,0.00011055107827710084,1,2000
1.9999999999999998,3.0,0.2730501446383471,8,2.0,-0.000421870006404729,-32.0,0.005,/public/home/student090/quantum-pump-l8/runs/l8-allobs-20260728T230945/chern10/pair_0041_U_neg32d000000_t_p0d600000_N10.npz,20,-0.0002971216187684213,40,0.9,0.979086810011006,123,1.1102230246251565e-15,41,2.0,/public/home/student090/quantum-pump-l8/runs/l8-allobs-20260728T230945/static/static_0041_U_neg32d000000_t_p0d600000.npz,0.6,0.0001247483876363077,1,80
1.9999999999999998,3.0,0.2730501446383471,8,2.0,0.0035309191642215053,-32.0,0.005,/public/home/student090/quantum-pump-l8/runs/l8-allobs-20260728T230945/chern10/pair_0041_U_neg32d000000_t_p0d600000_N10.npz,20,0.003659029747779579,200,0.9,0.7533677985237479,124,7.549516567451064e-15,41,10.0,/public/home/student090/quantum-pump-l8/runs/l8-allobs-20260728T230945/static/static_0041_U_neg32d000000_t_p0d600000.npz,0.6,0.00012811058355807368,1,400
1.9999999999999998,3.0,0.2730501446383471,8,2.0,0.034829838708421094,-32.0,0.005,/public/home/student090/quantum-pump-l8/runs/l8-allobs-20260728T230945/chern10/pair_0041_U_neg32d000000_t_p0d600000_N10.npz,20,0.03497381889085091,1000,0.9,0.43380774176446724,125,1.4210854715202004e-14,41,50.0,/public/home/student090/quantum-pump-l8/runs/l8-allobs-20260728T230945/static/static_0041_U_neg32d000000_t_p0d600000.npz,0.6,0.0001439801824298162,1,2000
2.0,3.0,0.3616434830782538,8,2.0,-0.00031225593903647943,-24.0,0.005,/public/home/student090/quantum-pump-l8/runs/l8-allobs-20260728T230945/chern10/pair_0042_U_neg24d000000_t_p0d600000_N10.npz,20,-0.0001569969717515189,40,0.9,0.9629369595630188,126,3.1086244689504383e-15,42,2.0,/public/home/student090/quantum-pump-l8/runs/l8-allobs-20260728T230945/static/static_0042_U_neg24d000000_t_p0d600000.npz,0.6,0.00015525896728496054,1,80
2.0,3.0,0.3616434830782538,8,2.0,0.007423750957647142,-24.0,0.005,/public/home/student090/quantum-pump-l8/runs/l8-allobs-20260728T230945/chern10/pair_0042_U_neg24d000000_t_p0d600000_N10.npz,20,0.007586185640519401,200,0.9,0.6079994898684017,127,1.7985612998927536e-14,42,10.0,/public/home/student090/quantum-pump-l8/runs/l8-allobs-20260728T230945/static/static_0042_U_neg24d000000_t_p0d600000.npz,0.6,0.0001624346828722591,1,400
2.0,3.0,0.3616434830782538,8,2.0,0.07285909106858152,-24.0,0.005,/public/home/student090/quantum-pump-l8/runs/l8-allobs-20260728T230945/chern10/pair_0042_U_neg24d000000_t_p0d600000_N10.npz,20,0.07305893692364708,1000,0.9,0.5758343413810663,128,8.637535131583718e-14,42,50.0,/public/home/student090/quantum-pump-l8/runs/l8-allobs-20260728T230945/static/static_0042_U_neg24d000000_t_p0d600000.npz,0.6,0.00019984585506556407,1,2000
2.0,3.0,0.5325601547175012,8,2.000000000000001,0.002114812633718931,-16.0,0.005,/public/home/student090/quantum-pump-l8/runs/l8-allobs-20260728T230945/chern10/pair_0043_U_neg16d000000_t_p0d600000_N10.npz,20,0.002349457079233898,40,0.9,0.9040069252186306,129,6.439293542825908e-15,43,2.0,/public/home/student090/quantum-pump-l8/runs/l8-allobs-20260728T230945/static/static_0043_U_neg16d000000_t_p0d600000.npz,0.6,0.00023464444551496736,1,80
2.0,3.0,0.5325601547175012,8,2.000000000000001,0.021888002909178538,-16.0,0.005,/public/home/student090/quantum-pump-l8/runs/l8-allobs-20260728T230945/chern10/pair_0043_U_neg16d000000_t_p0d600000_N10.npz,20,0.02213898104046088,200,0.9,0.3439857145724934,130,3.930189507173054e-14,43,10.0,/public/home/student090/quantum-pump-l8/runs/l8-allobs-20260728T230945/static/static_0043_U_neg16d000000_t_p0d600000.npz,0.6,0.00025097813128234156,1,400
2.0,3.0,0.5325601547175012,8,2.000000000000001,0.2118348072495985,-16.0,0.005,/public/home/student090/quantum-pump-l8/runs/l8-allobs-20260728T230945/chern10/pair_0043_U_neg16d000000_t_p0d600000_N10.npz,20,0.2121858502435187,1000,0.9,0.060678139194390385,131,1.978417429882029e-13,43,50.0,/public/home/student090/quantum-pump-l8/runs/l8-allobs-20260728T230945/static/static_0043_U_neg16d000000_t_p0d600000.npz,0.6,0.000351042993920192,1,2000
1.9999999999999993,3.0,0.6930062950666525,8,2.0,0.0038342484687146536,-12.0,0.005,/public/home/student090/quantum-pump-l8/runs/l8-ut-20260728T195000/stage10/pair_0044_U_neg12d000000_t_p0d600000_N10.npz,20,0.004204556586371251,40,0.9,0.7118687595147644,132,8.992806499463768e-15,44,2.0,/public/home/student090/quantum-pump-l8/runs/l8-allobs-20260728T230945/static/static_0044_U_neg12d000000_t_p0d600000.npz,0.6,0.0003703081176565973,1,80
1.9999999999999993,3.0,0.6930062950666525,8,2.0,0.09651086905902206,-12.0,0.005,/public/home/student090/quantum-pump-l8/runs/l8-ut-20260728T195000/stage10/pair_0044_U_neg12d000000_t_p0d600000_N10.npz,20,0.09688291723549966,200,0.9,0.13272592763867297,133,3.5638159090467525e-14,44,10.0,/public/home/student090/quantum-pump-l8/runs/l8-allobs-20260728T230945/static/static_0044_U_neg12d000000_t_p0d600000.npz,0.6,0.00037204817647759625,1,400
1.9999999999999993,3.0,0.6930062950666525,8,2.0,0.4997503111369004,-12.0,0.005,/public/home/student090/quantum-pump-l8/runs/l8-ut-20260728T195000/stage10/pair_0044_U_neg12d000000_t_p0d600000_N10.npz,20,0.5003126027090472,1000,0.9,0.041979397355004125,134,1.6142642778049776e-13,44,50.0,/public/home/student090/quantum-pump-l8/runs/l8-allobs-20260728T230945/static/static_0044_U_neg12d000000_t_p0d600000.npz,0.6,0.0005622915721468225,1,2000
2.0000000000000004,3.0,0.9770504683748769,8,2.0000000000000004,0.09812167611522274,-8.0,0.005,/public/home/student090/quantum-pump-l8/runs/l8-ut-20260728T195000/stage10/pair_0045_U_neg8d000000_t_p0d600000_N10.npz,20,0.09864180447090237,40,0.9,0.15985437245957493,135,1.3322676295501878e-15,45,2.0,/public/home/student090/quantum-pump-l8/runs/l8-allobs-20260728T230945/static/static_0045_U_neg8d000000_t_p0d600000.npz,0.6,0.0005201283556796332,1,80
2.0000000000000004,3.0,0.9770504683748769,8,2.0000000000000004,0.14962649430978847,-8.0,0.005,/public/home/student090/quantum-pump-l8/runs/l8-ut-20260728T195000/stage10/pair_0045_U_neg8d000000_t_p0d600000_N10.npz,20,0.15028968646762003,200,0.9,0.12459512910040293,136,2.6645352591003757e-15,45,10.0,/public/home/student090/quantum-pump-l8/runs/l8-allobs-20260728T230945/static/static_0045_U_neg8d000000_t_p0d600000.npz,0.6,0.0006631921578315603,1,400
2.0000000000000004,3.0,0.9770504683748769,8,2.0000000000000004,0.8757434956566524,-8.0,0.005,/public/home/student090/quantum-pump-l8/runs/l8-ut-20260728T195000/stage10/pair_0045_U_neg8d000000_t_p0d600000_N10.npz,20,0.8766854942937647,1000,0.9,0.09168851334021555,137,2.1649348980190553e-14,45,50.0,/public/home/student090/quantum-pump-l8/runs/l8-allobs-20260728T230945/static/static_0045_U_neg8d000000_t_p0d600000.npz,0.6,0.0009419986371123068,1,2000
2.0,3.0,1.2110667686745096,8,2.0,0.10360532327515037,-6.0,0.005,/public/home/student090/quantum-pump-l8/runs/l8-ut-20260728T195000/stage10/pair_0046_U_neg6d000000_t_p0d600000_N10.npz,20,0.1045714642264143,40,0.9,0.015037953046419677,138,7.105427357601002e-15,46,2.0,/public/home/student090/quantum-pump-l8/runs/l8-allobs-20260728T230945/static/static_0046_U_neg6d000000_t_p0d600000.npz,0.6,0.000966140951263933,1,80
2.0,3.0,1.2110667686745096,8,2.0,0.7010035550525894,-6.0,0.005,/public/home/student090/quantum-pump-l8/runs/l8-ut-20260728T195000/stage10/pair_0046_U_neg6d000000_t_p0d600000_N10.npz,20,0.7019977827626915,200,0.9,0.021674350165777515,139,3.774758283725532e-14,46,10.0,/public/home/student090/quantum-pump-l8/runs/l8-allobs-20260728T230945/static/static_0046_U_neg6d000000_t_p0d600000.npz,0.6,0.000994227710102158,1,400
2.0,3.0,1.2110667686745096,8,2.0,1.3345803393275772,-6.0,0.005,/public/home/student090/quantum-pump-l8/runs/l8-ut-20260728T195000/stage10/pair_0046_U_neg6d000000_t_p0d600000_N10.npz,20,1.3359156677600819,1000,0.9,0.16602425519512976,140,1.8351986597053838e-13,46,50.0,/public/home/student090/quantum-pump-l8/runs/l8-allobs-20260728T230945/static/static_0046_U_neg6d000000_t_p0d600000.npz,0.6,0.0013353284325046122,1,2000
2.0,3.0,1.5528803284455854,8,2.000000000000001,0.25487275469534054,-4.0,0.005,/public/home/student090/quantum-pump-l8/runs/l8-ut-20260728T195000/stage10/pair_0047_U_neg4d000000_t_p0d600000_N10.npz,20,0.25636257389837974,40,0.9,0.041770936737461524,141,1.5543122344752192e-15,47,2.0,/public/home/student090/quantum-pump-l8/runs/l8-allobs-20260728T230945/static/static_0047_U_neg4d000000_t_p0d600000.npz,0.6,0.0014898192030392,1,80
2.0,3.0,1.5528803284455854,8,2.000000000000001,1.0111829503193792,-4.0,0.005,/public/home/student090/quantum-pump-l8/runs/l8-ut-20260728T195000/stage10/pair_0047_U_neg4d000000_t_p0d600000_N10.npz,20,1.012644087926831,200,0.9,0.0003940499756917792,142,8.215650382226158e-15,47,10.0,/public/home/student090/quantum-pump-l8/runs/l8-allobs-20260728T230945/static/static_0047_U_neg4d000000_t_p0d600000.npz,0.6,0.0014611376074518123,1,400
2.0,3.0,1.5528803284455854,8,2.000000000000001,1.7374229719573386,-4.0,0.005,/public/home/student090/quantum-pump-l8/runs/l8-ut-20260728T195000/stage10/pair_0047_U_neg4d000000_t_p0d600000_N10.npz,20,1.7390976776962637,1000,0.9,0.4182570788209771,143,3.6415315207705135e-14,47,50.0,/public/home/student090/quantum-pump-l8/runs/l8-allobs-20260728T230945/static/static_0047_U_neg4d000000_t_p0d600000.npz,0.6,0.0016747057389250308,1,2000
1.9999999999999998,3.0,2.026782116912912,8,2.0000000000000004,0.5771178423698925,-2.0,0.005,/public/home/student090/quantum-pump-l8/runs/l8-ut-20260728T195000/stage10/pair_0048_U_neg2d000000_t_p0d600000_N10.npz,10,0.5793360420431279,40,0.9,0.0003734068218966914,144,5.995204332975845e-15,48,2.0,/public/home/student090/quantum-pump-l8/runs/l8-allobs-20260728T230945/static/static_0048_U_neg2d000000_t_p0d600000.npz,0.6,0.0022181996732354436,1,80
1.9999999999999998,3.0,2.026782116912912,8,2.0000000000000004,1.3319737479785856,-2.0,0.005,/public/home/student090/quantum-pump-l8/runs/l8-ut-20260728T195000/stage10/pair_0048_U_neg2d000000_t_p0d600000_N10.npz,10,1.3338346089539028,200,0.9,0.052322716898892785,145,2.886579864025407e-14,48,10.0,/public/home/student090/quantum-pump-l8/runs/l8-allobs-20260728T230945/static/static_0048_U_neg2d000000_t_p0d600000.npz,0.6,0.0018608609753172356,1,400
1.9999999999999998,3.0,2.026782116912912,8,2.0000000000000004,1.9581370838473733,-2.0,0.005,/public/home/student090/quantum-pump-l8/runs/l8-ut-20260728T195000/stage10/pair_0048_U_neg2d000000_t_p0d600000_N10.npz,10,1.9601035726688563,1000,0.9,0.794613147951757,146,1.3944401189291966e-13,48,50.0,/public/home/student090/quantum-pump-l8/runs/l8-allobs-20260728T230945/static/static_0048_U_neg2d000000_t_p0d600000.npz,0.6,0.001966488821482981,1,2000
2.0,3.0,2.399999999999901,8,2.0,0.8669131206908445,0.0,0.005,/public/home/student090/quantum-pump-l8/runs/l8-ut-20260728T195000/stage10/pair_0049_U_p0d000000_t_p0d600000_N10.npz,10,0.8699311830191333,40,0.9,5.3628236610011e-05,147,8.881784197001252e-16,49,2.0,/public/home/student090/quantum-pump-l8/runs/l8-allobs-20260728T230945/static/static_0049_U_p0d000000_t_p0d600000.npz,0.6,0.0030180623282888286,1,80
2.0,3.0,2.399999999999901,8,2.0,1.6627596178971038,0.0,0.005,/public/home/student090/quantum-pump-l8/runs/l8-ut-20260728T195000/stage10/pair_0049_U_p0d000000_t_p0d600000_N10.npz,10,1.665043590810834,200,0.9,0.19551969216120596,148,4.6629367034256575e-15,49,10.0,/public/home/student090/quantum-pump-l8/runs/l8-allobs-20260728T230945/static/static_0049_U_p0d000000_t_p0d600000.npz,0.6,0.002283972913730281,1,400
2.0,3.0,2.399999999999901,8,2.0,1.9842698281089188,0.0,0.005,/public/home/student090/quantum-pump-l8/runs/l8-ut-20260728T195000/stage10/pair_0049_U_p0d000000_t_p0d600000_N10.npz,10,1.9865524935973167,1000,0.9,0.9637037318437675,149,1.709743457922741e-14,49,50.0,/public/home/student090/quantum-pump-l8/runs/l8-allobs-20260728T230945/static/static_0049_U_p0d000000_t_p0d600000.npz,0.6,0.0022826654883978392,1,2000
2.0,3.0,2.0267821169128792,8,2.0,0.6931339202221029,2.0,0.005,/public/home/student090/quantum-pump-l8/runs/l8-ut-20260728T195000/stage10/pair_0050_U_p2d000000_t_p0d600000_N10.npz,10,0.6959554773048053,40,0.9,0.00840503731832565,150,6.8833827526759706e-15,50,2.0,/public/home/student090/quantum-pump-l8/runs/l8-allobs-20260728T230945/static/static_0050_U_p2d000000_t_p0d600000.npz,0.6,0.002821557082702486,1,80
2.0,3.0,2.0267821169128792,8,2.0,1.9202985626602078,2.0,0.005,/public/home/student090/quantum-pump-l8/runs/l8-ut-20260728T195000/stage10/pair_0050_U_p2d000000_t_p0d600000_N10.npz,10,1.9228200768088133,200,0.9,0.8305231914498004,151,2.7755575615628914e-14,50,10.0,/public/home/student090/quantum-pump-l8/runs/l8-allobs-20260728T230945/static/static_0050_U_p2d000000_t_p0d600000.npz,0.6,0.0025215141486054637,1,400
2.0,3.0,2.0267821169128792,8,2.0,2.001100158504466,2.0,0.005,/public/home/student090/quantum-pump-l8/runs/l8-ut-20260728T195000/stage10/pair_0050_U_p2d000000_t_p0d600000_N10.npz,10,2.0035427806496067,1000,0.9,0.9913218009693334,152,1.2612133559741778e-13,50,50.0,/public/home/student090/quantum-pump-l8/runs/l8-allobs-20260728T230945/static/static_0050_U_p2d000000_t_p0d600000.npz,0.6,0.0024426221451405716,1,2000
2.0000000000000004,3.0,1.5528803284456574,8,2.0000000000000004,0.3979209938284019,4.0,0.005,/public/home/student090/quantum-pump-l8/runs/l8-ut-20260728T195000/stage10/pair_0051_U_p4d000000_t_p0d600000_N10.npz,10,0.39974700473483354,40,0.9,0.013234163051509698,153,1.7763568394002505e-15,51,2.0,/public/home/student090/quantum-pump-l8/runs/l8-allobs-20260728T230945/static/static_0051_U_p4d000000_t_p0d600000.npz,0.6,0.001826010906431641,1,80
2.0000000000000004,3.0,1.5528803284456574,8,2.0000000000000004,1.9908739656531742,4.0,0.005,/public/home/student090/quantum-pump-l8/runs/l8-ut-20260728T195000/stage10/pair_0051_U_p4d000000_t_p0d600000_N10.npz,10,1.9932472014081968,200,0.9,0.9388346885998275,154,5.218048215738236e-15,51,10.0,/public/home/student090/quantum-pump-l8/runs/l8-allobs-20260728T230945/static/static_0051_U_p4d000000_t_p0d600000.npz,0.6,0.0023732357550225736,1,400
2.0000000000000004,3.0,1.5528803284456574,8,2.0000000000000004,2.0057048125488532,4.0,0.005,/public/home/student090/quantum-pump-l8/runs/l8-ut-20260728T195000/stage10/pair_0051_U_p4d000000_t_p0d600000_N10.npz,10,2.008081031266088,1000,0.9,0.998641319248714,155,3.7414515929867775e-14,51,50.0,/public/home/student090/quantum-pump-l8/runs/l8-allobs-20260728T230945/static/static_0051_U_p4d000000_t_p0d600000.npz,0.6,0.0023762187172349236,1,2000
2.0,3.0,1.5027837756659501,8,2.0,0.3660206458102506,4.25,0.005,/public/home/student090/quantum-pump-l8/runs/l8-ut-20260728T195000/stage10/pair_0052_U_p4d250000_t_p0d600000_N10.npz,10,0.3677185141089205,40,0.9,0.011129094034537415,156,4.440892098500626e-15,52,2.0,/public/home/student090/quantum-pump-l8/runs/l8-allobs-20260728T230945/static/static_0052_U_p4d250000_t_p0d600000.npz,0.6,0.0016978682986698579,1,80
2.0,3.0,1.5027837756659501,8,2.0,1.9681163276116194,4.25,0.005,/public/home/student090/quantum-pump-l8/runs/l8-ut-20260728T195000/stage10/pair_0052_U_p4d250000_t_p0d600000_N10.npz,10,1.97041644767484,200,0.9,0.8725792222339895,157,2.942091015256665e-14,52,10.0,/public/home/student090/quantum-pump-l8/runs/l8-allobs-20260728T230945/static/static_0052_U_p4d250000_t_p0d600000.npz,0.6,0.0023001200632206675,1,400
2.0,3.0,1.5027837756659501,8,2.0,2.0091868553569237,4.25,0.005,/public/home/student090/quantum-pump-l8/runs/l8-ut-20260728T195000/stage10/pair_0052_U_p4d250000_t_p0d600000_N10.npz,10,2.011531602353719,1000,0.9,0.9988199522806271,158,1.4521717162097048e-13,52,50.0,/public/home/student090/quantum-pump-l8/runs/l8-allobs-20260728T230945/static/static_0052_U_p4d250000_t_p0d600000.npz,0.6,0.0023447469967954326,1,2000
2.0,3.0,1.4549362649076558,8,2.0,0.3367453574522804,4.5,0.005,/public/home/student090/quantum-pump-l8/runs/l8-ut-20260728T195000/stage10/pair_0053_U_p4d500000_t_p0d600000_N10.npz,10,0.33831968063422085,40,0.9,0.009453806933380255,159,8.104628079763643e-15,53,2.0,/public/home/student090/quantum-pump-l8/runs/l8-allobs-20260728T230945/static/static_0053_U_p4d500000_t_p0d600000.npz,0.6,0.0015743231819404513,1,80
2.0,3.0,1.4549362649076558,8,2.0,1.9035586488635687,4.5,0.005,/public/home/student090/quantum-pump-l8/runs/l8-ut-20260728T195000/stage10/pair_0053_U_p4d500000_t_p0d600000_N10.npz,10,1.905733025918672,200,0.9,0.7174638510519629,160,4.218847493575595e-14,53,10.0,/public/home/student090/quantum-pump-l8/runs/l8-allobs-20260728T230945/static/static_0053_U_p4d500000_t_p0d600000.npz,0.6,0.0021743770551032604,1,400
2.0,3.0,1.4549362649076558,8,2.0,2.0146246382049546,4.5,0.005,/public/home/student090/quantum-pump-l8/runs/l8-ut-20260728T195000/stage10/pair_0053_U_p4d500000_t_p0d600000_N10.npz,10,2.0169352125814237,1000,0.9,0.9988316603319414,161,2.2459811788166917e-13,53,50.0,/public/home/student090/quantum-pump-l8/runs/l8-allobs-20260728T230945/static/static_0053_U_p4d500000_t_p0d600000.npz,0.6,0.002310574376469088,1,2000
2.0000000000000004,3.0,1.409280071678623,8,1.9999999999999996,0.3107520830707155,4.75,0.005,/public/home/student090/quantum-pump-l8/runs/l8-ut-20260728T195000/stage10/pair_0054_U_p4d750000_t_p0d600000_N10.npz,10,0.31220861856996707,40,0.9,0.008998029815874838,162,5.995204332975845e-15,54,2.0,/public/home/student090/quantum-pump-l8/runs/l8-allobs-20260728T230945/static/static_0054_U_p4d750000_t_p0d600000.npz,0.6,0.0014565354992515656,1,80
2.0000000000000004,3.0,1.409280071678623,8,1.9999999999999996,1.7921607965564317,4.75,0.005,/public/home/student090/quantum-pump-l8/runs/l8-ut-20260728T195000/stage10/pair_0054_U_p4d750000_t_p0d600000_N10.npz,10,1.7941476529283953,200,0.9,0.48532202568882216,163,2.930988785010413e-14,54,10.0,/public/home/student090/quantum-pump-l8/runs/l8-allobs-20260728T230945/static/static_0054_U_p4d750000_t_p0d600000.npz,0.6,0.001986856371963608,1,400
2.0000000000000004,3.0,1.409280071678623,8,1.9999999999999996,2.0237603497580565,4.75,0.005,/public/home/student090/quantum-pump-l8/runs/l8-ut-20260728T195000/stage10/pair_0054_U_p4d750000_t_p0d600000_N10.npz,10,2.026031698647063,1000,0.9,0.9984068758668745,164,1.2168044349891716e-13,54,50.0,/public/home/student090/quantum-pump-l8/runs/l8-allobs-20260728T230945/static/static_0054_U_p4d750000_t_p0d600000.npz,0.6,0.002271348889006486,1,2000
2.0000000000000004,3.0,1.3657424835614949,8,1.9999999999999998,0.28865437157830803,5.0,0.005,/public/home/student090/quantum-pump-l8/runs/l8-ut-20260728T195000/stage10/pair_0055_U_p5d000000_t_p0d600000_N10.npz,10,0.28999953168091824,40,0.9,0.01002561552234422,165,7.882583474838611e-15,55,2.0,/public/home/student090/quantum-pump-l8/runs/l8-allobs-20260728T230945/static/static_0055_U_p5d000000_t_p0d600000.npz,0.6,0.00134516010261021,1,80
2.0000000000000004,3.0,1.3657424835614949,8,1.9999999999999998,1.6494997310636734,5.0,0.005,/public/home/student090/quantum-pump-l8/runs/l8-ut-20260728T195000/stage10/pair_0055_U_p5d000000_t_p0d600000_N10.npz,10,1.6512512787094809,200,0.9,0.2513930116196682,166,4.263256414560601e-14,55,10.0,/public/home/student090/quantum-pump-l8/runs/l8-allobs-20260728T230945/static/static_0055_U_p5d000000_t_p0d600000.npz,0.6,0.0017515476458074275,1,400
2.0000000000000004,3.0,1.3657424835614949,8,1.9999999999999998,2.0329981885362907,5.0,0.005,/public/home/student090/quantum-pump-l8/runs/l8-ut-20260728T195000/stage10/pair_0055_U_p5d000000_t_p0d600000_N10.npz,10,2.035228433843334,1000,0.9,0.9910831826872172,167,2.3148150063434514e-13,55,50.0,/public/home/student090/quantum-pump-l8/runs/l8-allobs-20260728T230945/static/static_0055_U_p5d000000_t_p0d600000.npz,0.6,0.0022302453070435213,1,2000
2.0,3.0,1.1723785946206826,8,2.0,0.2709295784789753,5.25,0.005,/public/home/student090/quantum-pump-l8/runs/l8-ut-20260728T195000/stage10/pair_0056_U_p5d250000_t_p0d600000_N10.npz,20,0.27216981132652174,40,0.9,0.012030606973219645,168,9.547918011776346e-15,56,2.0,/public/home/student090/quantum-pump-l8/runs/l8-allobs-20260728T230945/static/static_0056_U_p5d250000_t_p0d600000.npz,0.6,0.0012402328475464297,1,80
2.0,3.0,1.1723785946206826,8,2.0,1.495168993420628,5.25,0.005,/public/home/student090/quantum-pump-l8/runs/l8-ut-20260728T195000/stage10/pair_0056_U_p5d250000_t_p0d600000_N10.npz,20,1.4966728414355024,200,0.9,0.09630306611306899,169,4.6629367034256575e-14,56,10.0,/public/home/student090/quantum-pump-l8/runs/l8-allobs-20260728T230945/static/static_0056_U_p5d250000_t_p0d600000.npz,0.6,0.0015038480148743538,1,400
2.0,3.0,1.1723785946206826,8,2.0,2.020212079651001,5.25,0.005,/public/home/student090/quantum-pump-l8/runs/l8-ut-20260728T195000/stage10/pair_0056_U_p5d250000_t_p0d600000_N10.npz,20,2.022369613594637,1000,0.9,0.9351543853303573,170,2.530198273120732e-13,56,50.0,/public/home/student090/quantum-pump-l8/runs/l8-allobs-20260728T230945/static/static_0056_U_p5d250000_t_p0d600000.npz,0.6,0.0021575339436363805,1,2000
2.0000000000000004,3.0,0.9649708476259216,8,2.0,0.2578293769680397,5.5,0.005,/public/home/student090/quantum-pump-l8/runs/l8-ut-20260728T195000/stage10/pair_0057_U_p5d500000_t_p0d600000_N10.npz,20,0.2589705175182866,40,0.9,0.013927169080018625,171,6.661338147750939e-15,57,2.0,/public/home/student090/quantum-pump-l8/runs/l8-allobs-20260728T230945/static/static_0057_U_p5d500000_t_p0d600000.npz,0.6,0.0011411405502468885,1,80
2.0000000000000004,3.0,0.9649708476259216,8,2.0,1.340845760847679,5.5,0.005,/public/home/student090/quantum-pump-l8/runs/l8-ut-20260728T195000/stage10/pair_0057_U_p5d500000_t_p0d600000_N10.npz,20,1.3421031973650186,200,0.9,0.03299635985573686,172,3.3306690738754696e-14,57,10.0,/public/home/student090/quantum-pump-l8/runs/l8-allobs-20260728T230945/static/static_0057_U_p5d500000_t_p0d600000.npz,0.6,0.0012574365173396718,1,400
2.0000000000000004,3.0,0.9649708476259216,8,2.0,1.972167483834567,5.5,0.005,/public/home/student090/quantum-pump-l8/runs/l8-ut-20260728T195000/stage10/pair_0057_U_p5d500000_t_p0d600000_N10.npz,20,1.9742088031153122,1000,0.9,0.8329254317793583,173,1.4299672557172016e-13,57,50.0,/public/home/student090/quantum-pump-l8/runs/l8-allobs-20260728T230945/static/static_0057_U_p5d500000_t_p0d600000.npz,0.6,0.0020413192807451352,1,2000
2.0,3.0,0.7610295574587571,8,2.0,0.24931088493405093,5.75,0.005,/public/home/student090/quantum-pump-l8/runs/l8-ut-20260728T195000/stage10/pair_0058_U_p5d750000_t_p0d600000_N10.npz,20,0.25035757746314136,40,0.9,0.014718980526970207,174,1.1102230246251565e-15,58,2.0,/public/home/student090/quantum-pump-l8/runs/l8-allobs-20260728T230945/static/static_0058_U_p5d750000_t_p0d600000.npz,0.6,0.001046692529090426,1,80
2.0,3.0,0.7610295574587571,8,2.0,1.1866847737475896,5.75,0.005,/public/home/student090/quantum-pump-l8/runs/l8-ut-20260728T195000/stage10/pair_0058_U_p5d750000_t_p0d600000_N10.npz,20,1.1877065546787635,200,0.9,0.018525595271402052,175,1.9984014443252818e-15,58,10.0,/public/home/student090/quantum-pump-l8/runs/l8-allobs-20260728T230945/static/static_0058_U_p5d750000_t_p0d600000.npz,0.6,0.001021780931173888,1,400
2.0,3.0,0.7610295574587571,8,2.0,1.960781013885067,5.75,0.005,/public/home/student090/quantum-pump-l8/runs/l8-ut-20260728T195000/stage10/pair_0058_U_p5d750000_t_p0d600000_N10.npz,20,1.962643004743493,1000,0.9,0.8684468563208234,176,2.5757174171303632e-14,58,50.0,/public/home/student090/quantum-pump-l8/runs/l8-allobs-20260728T230945/static/static_0058_U_p5d750000_t_p0d600000.npz,0.6,0.001861990858426088,1,2000
2.0,3.0,0.7207457324473543,8,1.9999999999999996,0.24813015815764616,5.8,0.005,/public/home/student090/quantum-pump-l8/runs/l8-ut-20260728T195000/stage10/pair_0059_U_p5d800000_t_p0d600000_N10.npz,20,0.24915838240110624,40,0.9,0.014707477191827698,177,7.549516567451064e-15,59,2.0,/public/home/student090/quantum-pump-l8/runs/l8-allobs-20260728T230945/static/static_0059_U_p5d800000_t_p0d600000.npz,0.6,0.0010282242434600797,1,80
2.0,3.0,0.7207457324473543,8,1.9999999999999996,1.1554938711187985,5.8,0.005,/public/home/student090/quantum-pump-l8/runs/l8-ut-20260728T195000/stage10/pair_0059_U_p5d800000_t_p0d600000_N10.npz,20,1.1564741017588833,200,0.9,0.017574317287236817,178,3.674838211509268e-14,59,10.0,/public/home/student090/quantum-pump-l8/runs/l8-allobs-20260728T230945/static/static_0059_U_p5d800000_t_p0d600000.npz,0.6,0.0009802306400847893,1,400
2.0,3.0,0.7207457324473543,8,1.9999999999999996,1.9140129350703035,5.8,0.005,/public/home/student090/quantum-pump-l8/runs/l8-ut-20260728T195000/stage10/pair_0059_U_p5d800000_t_p0d600000_N10.npz,20,1.9158244328146776,1000,0.9,0.7903102891165674,179,2.0650148258027912e-13,59,50.0,/public/home/student090/quantum-pump-l8/runs/l8-allobs-20260728T230945/static/static_0059_U_p5d800000_t_p0d600000.npz,0.6,0.0018114977443741687,1,2000
2.0,3.0,0.5617868123928087,8,2.0000000000000004,0.24500310120929975,6.0,0.005,/public/home/student090/quantum-pump-l8/runs/l8-ut-20260728T195000/stage10/pair_0060_U_p6d000000_t_p0d600000_N10.npz,20,0.2459583929884309,40,0.9,0.014188431173178842,180,7.882583474838611e-15,60,2.0,/public/home/student090/quantum-pump-l8/runs/l8-allobs-20260728T230945/static/static_0060_U_p6d000000_t_p0d600000.npz,0.6,0.0009552917791311455,1,80
2.0,3.0,0.5617868123928087,8,2.0000000000000004,1.027814511322741,6.0,0.005,/public/home/student090/quantum-pump-l8/runs/l8-ut-20260728T195000/stage10/pair_0060_U_p6d000000_t_p0d600000_N10.npz,20,1.02866169662325,200,0.9,0.015762142011314397,181,3.930189507173054e-14,60,10.0,/public/home/student090/quantum-pump-l8/runs/l8-allobs-20260728T230945/static/static_0060_U_p6d000000_t_p0d600000.npz,0.6,0.0008471853005089791,1,400
2.0,3.0,0.5617868123928087,8,2.0000000000000004,1.5057250749836133,6.0,0.005,/public/home/student090/quantum-pump-l8/runs/l8-ut-20260728T195000/stage10/pair_0060_U_p6d000000_t_p0d600000_N10.npz,20,1.5073912811414503,1000,0.9,0.0836976229742866,182,2.1804780203638074e-13,60,50.0,/public/home/student090/quantum-pump-l8/runs/l8-allobs-20260728T230945/static/static_0060_U_p6d000000_t_p0d600000.npz,0.6,0.0016662061578369691,1,2000
2.0000000000000004,3.0,0.4075144030398681,8,1.9999999999999996,0.24413510569599112,6.2,0.005,/public/home/student090/quantum-pump-l8/runs/l8-ut-20260728T195000/stage10/pair_0061_U_p6d200000_t_p0d600000_N10.npz,20,0.2450182899311792,40,0.9,0.013296164203568578,183,1.1102230246251565e-15,61,2.0,/public/home/student090/quantum-pump-l8/runs/l8-allobs-20260728T230945/static/static_0061_U_p6d200000_t_p0d600000.npz,0.6,0.0008831842351880725,1,80
2.0000000000000004,3.0,0.4075144030398681,8,1.9999999999999996,0.8907737327912183,6.2,0.005,/public/home/student090/quantum-pump-l8/runs/l8-ut-20260728T195000/stage10/pair_0061_U_p6d200000_t_p0d600000_N10.npz,20,0.8915468032489767,200,0.9,0.019261734645838042,184,7.549516567451064e-15,61,10.0,/public/home/student090/quantum-pump-l8/runs/l8-allobs-20260728T230945/static/static_0061_U_p6d200000_t_p0d600000.npz,0.6,0.0007730704577584291,1,400
2.0000000000000004,3.0,0.4075144030398681,8,1.9999999999999996,1.1073175549595162,6.2,0.005,/public/home/student090/quantum-pump-l8/runs/l8-ut-20260728T195000/stage10/pair_0061_U_p6d200000_t_p0d600000_N10.npz,20,1.1088429615047568,1000,0.9,0.1557802054915357,185,2.0872192862952943e-14,61,50.0,/public/home/student090/quantum-pump-l8/runs/l8-allobs-20260728T230945/static/static_0061_U_p6d200000_t_p0d600000.npz,0.6,0.0015254065452405818,1,2000
2.0000000000000004,3.0,0.3699425721563516,8,2.0,0.24421705647096634,6.25,0.005,/public/home/student090/quantum-pump-l8/runs/l8-ut-20260728T195000/stage10/pair_0062_U_p6d250000_t_p0d600000_N10.npz,20,0.24508224040795185,40,0.9,0.013093105516005659,186,8.548717289613705e-15,62,2.0,/public/home/student090/quantum-pump-l8/runs/l8-allobs-20260728T230945/static/static_0062_U_p6d250000_t_p0d600000.npz,0.6,0.0008651839369855086,1,80
2.0000000000000004,3.0,0.3699425721563516,8,2.0,0.8544810078121489,6.25,0.005,/public/home/student090/quantum-pump-l8/runs/l8-ut-20260728T195000/stage10/pair_0062_U_p6d250000_t_p0d600000_N10.npz,20,0.8552437196500223,200,0.9,0.0213107848140097,187,4.474198789239381e-14,62,10.0,/public/home/student090/quantum-pump-l8/runs/l8-allobs-20260728T230945/static/static_0062_U_p6d250000_t_p0d600000.npz,0.6,0.0007627118378734643,1,400
2.0000000000000004,3.0,0.3699425721563516,8,2.0,1.222582779492447,6.25,0.005,/public/home/student090/quantum-pump-l8/runs/l8-ut-20260728T195000/stage10/pair_0062_U_p6d250000_t_p0d600000_N10.npz,20,1.2240771949836107,1000,0.9,0.28811595102426385,188,2.37698749572246e-13,62,50.0,/public/home/student090/quantum-pump-l8/runs/l8-allobs-20260728T230945/static/static_0062_U_p6d250000_t_p0d600000.npz,0.6,0.001494415491163581,1,2000
2.0,3.0,0.19073821256127754,8,2.0,0.24599972035717294,6.5,0.005,/public/home/student090/quantum-pump-l8/runs/l8-ut-20260728T195000/stage10/pair_0063_U_p6d500000_t_p0d600000_N10.npz,20,0.2467744665906801,40,0.9,0.01276723571499978,189,6.772360450213455e-15,63,2.0,/public/home/student090/quantum-pump-l8/runs/l8-allobs-20260728T230945/static/static_0063_U_p6d500000_t_p0d600000.npz,0.6,0.0007747462335071786,1,80
2.0,3.0,0.19073821256127754,8,2.0,0.6678934646662013,6.5,0.005,/public/home/student090/quantum-pump-l8/runs/l8-ut-20260728T195000/stage10/pair_0063_U_p6d500000_t_p0d600000_N10.npz,20,0.6686358966933621,200,0.9,0.035511362231302364,190,3.397282455352979e-14,63,10.0,/public/home/student090/quantum-pump-l8/runs/l8-allobs-20260728T230945/static/static_0063_U_p6d500000_t_p0d600000.npz,0.6,0.0007424320271608442,1,400
2.0,3.0,0.19073821256127754,8,2.0,0.7441654285342371,6.5,0.005,/public/home/student090/quantum-pump-l8/runs/l8-ut-20260728T195000/stage10/pair_0063_U_p6d500000_t_p0d600000_N10.npz,20,0.7454847733976493,1000,0.9,0.2139391938981868,191,1.9018120411828932e-13,63,50.0,/public/home/student090/quantum-pump-l8/runs/l8-allobs-20260728T230945/static/static_0063_U_p6d500000_t_p0d600000.npz,0.6,0.0013193448634122307,1,2000
2.0,3.0,0.03292788609059816,8,0.0,0.24922348955012438,6.75,0.005,/public/home/student090/quantum-pump-l8/runs/l8-ut-20260728T195000/stage10/pair_0064_U_p6d750000_t_p0d600000_N10.npz,20,0.24990625955127857,40,0.9,0.01441260939874789,192,7.771561172376096e-15,64,2.0,/public/home/student090/quantum-pump-l8/runs/l8-allobs-20260728T230945/static/static_0064_U_p6d750000_t_p0d600000.npz,0.6,0.0006827700011541871,1,80
2.0,3.0,0.03292788609059816,8,0.0,0.5046644379893925,6.75,0.005,/public/home/student090/quantum-pump-l8/runs/l8-ut-20260728T195000/stage10/pair_0064_U_p6d750000_t_p0d600000_N10.npz,20,0.5054088179883789,200,0.9,0.04506792440953213,193,3.7414515929867775e-14,64,10.0,/public/home/student090/quantum-pump-l8/runs/l8-allobs-20260728T230945/static/static_0064_U_p6d750000_t_p0d600000.npz,0.6,0.0007443799989863553,1,400
2.0,3.0,0.03292788609059816,8,0.0,0.49144851735564116,6.75,0.005,/public/home/student090/quantum-pump-l8/runs/l8-ut-20260728T195000/stage10/pair_0064_U_p6d750000_t_p0d600000_N10.npz,20,0.4925381439057323,1000,0.9,0.603516709371746,194,2.0972112935169207e-13,64,50.0,/public/home/student090/quantum-pump-l8/runs/l8-allobs-20260728T230945/static/static_0064_U_p6d750000_t_p0d600000.npz,0.6,0.0010896265500911495,1,2000
1.0601848938211722e-16,3.0,0.09232899392652394,8,0.0,0.25269707705659356,7.0,0.005,/public/home/student090/quantum-pump-l8/runs/l8-ut-20260728T195000/stage10/pair_0065_U_p7d000000_t_p0d600000_N10.npz,20,0.25328576770286343,40,0.9,0.01847340721110993,195,5.218048215738236e-15,65,2.0,/public/home/student090/quantum-pump-l8/runs/l8-allobs-20260728T230945/static/static_0065_U_p7d000000_t_p0d600000.npz,0.6,0.0005886906462698738,1,80
1.0601848938211722e-16,3.0,0.09232899392652394,8,0.0,0.38307929545631736,7.0,0.005,/public/home/student090/quantum-pump-l8/runs/l8-ut-20260728T195000/stage10/pair_0065_U_p7d000000_t_p0d600000_N10.npz,20,0.3838156281493766,200,0.9,0.04243831080640854,196,2.842170943040401e-14,65,10.0,/public/home/student090/quantum-pump-l8/runs/l8-allobs-20260728T230945/static/static_0065_U_p7d000000_t_p0d600000.npz,0.6,0.0007363326930592273,1,400
1.0601848938211722e-16,3.0,0.09232899392652394,8,0.0,0.4310952453358234,7.0,0.005,/public/home/student090/quantum-pump-l8/runs/l8-ut-20260728T195000/stage10/pair_0065_U_p7d000000_t_p0d600000_N10.npz,20,0.43207002343414935,1000,0.9,0.6206197608138788,197,1.6420198534206065e-13,65,50.0,/public/home/student090/quantum-pump-l8/runs/l8-allobs-20260728T230945/static/static_0065_U_p7d000000_t_p0d600000.npz,0.6,0.000974778098325968,1,2000
1.0601848938211722e-16,3.0,0.17749946578624476,8,0.0,0.25528106441173415,7.25,0.005,/public/home/student090/quantum-pump-l8/runs/l8-ut-20260728T195000/stage10/pair_0066_U_p7d250000_t_p0d600000_N10.npz,20,0.25577379219904295,40,0.9,0.024410271718853495,198,8.548717289613705e-15,66,2.0,/public/home/student090/quantum-pump-l8/runs/l8-allobs-20260728T230945/static/static_0066_U_p7d250000_t_p0d600000.npz,0.6,0.0004927277873087998,1,80
1.0601848938211722e-16,3.0,0.17749946578624476,8,0.0,0.28629297704730516,7.25,0.005,/public/home/student090/quantum-pump-l8/runs/l8-ut-20260728T195000/stage10/pair_0066_U_p7d250000_t_p0d600000_N10.npz,20,0.286988236640723,200,0.9,0.0367292064911267,199,4.7628567756419216e-14,66,10.0,/public/home/student090/quantum-pump-l8/runs/l8-allobs-20260728T230945/static/static_0066_U_p7d250000_t_p0d600000.npz,0.6,0.0006952595934178185,1,400
1.0601848938211722e-16,3.0,0.17749946578624476,8,0.0,0.23604458382793372,7.25,0.005,/public/home/student090/quantum-pump-l8/runs/l8-ut-20260728T195000/stage10/pair_0066_U_p7d250000_t_p0d600000_N10.npz,20,0.23690479676595202,1000,0.9,0.471921207921553,200,2.5723867480564877e-13,66,50.0,/public/home/student090/quantum-pump-l8/runs/l8-allobs-20260728T230945/static/static_0066_U_p7d250000_t_p0d600000.npz,0.6,0.000860212938018301,1,2000
-1.1485336349729365e-16,3.0,0.18734343982498336,8,-1.1102230246251565e-16,0.2559923622702948,7.5,0.005,/public/home/student090/quantum-pump-l8/runs/l8-ut-20260728T195000/stage10/pair_0067_U_p7d500000_t_p0d600000_N10.npz,20,0.25638827548458987,40,0.9,0.03100236986337603,201,5.329070518200751e-15,67,2.0,/public/home/student090/quantum-pump-l8/runs/l8-allobs-20260728T230945/static/static_0067_U_p7d500000_t_p0d600000.npz,0.6,0.00039591321429505166,1,80
-1.1485336349729365e-16,3.0,0.18734343982498336,8,-1.1102230246251565e-16,0.21247095812049277,7.5,0.005,/public/home/student090/quantum-pump-l8/runs/l8-ut-20260728T195000/stage10/pair_0067_U_p7d500000_t_p0d600000_N10.npz,20,0.21312116918009794,200,0.9,0.02927529722971737,202,2.353672812205332e-14,67,10.0,/public/home/student090/quantum-pump-l8/runs/l8-allobs-20260728T230945/static/static_0067_U_p7d500000_t_p0d600000.npz,0.6,0.0006502110596051658,1,400
-1.1485336349729365e-16,3.0,0.18734343982498336,8,-1.1102230246251565e-16,0.09086408119339463,7.5,0.005,/public/home/student090/quantum-pump-l8/runs/l8-ut-20260728T195000/stage10/pair_0067_U_p7d500000_t_p0d600000_N10.npz,20,0.09171169317415073,1000,0.9,0.4187232189825843,203,6.794564910705958e-14,67,50.0,/public/home/student090/quantum-pump-l8/runs/l8-allobs-20260728T230945/static/static_0067_U_p7d500000_t_p0d600000.npz,0.6,0.0008476119807560994,1,2000
-7.951386703658792e-17,3.0,0.17741600636930044,8,0.0,0.25408545750255246,7.75,0.005,/public/home/student090/quantum-pump-l8/runs/l8-ut-20260728T195000/stage10/pair_0068_U_p7d750000_t_p0d600000_N10.npz,20,0.2543854598647132,40,0.9,0.03703411690605097,204,4.3298697960381105e-15,68,2.0,/public/home/student090/quantum-pump-l8/runs/l8-allobs-20260728T230945/static/static_0068_U_p7d750000_t_p0d600000.npz,0.6,0.00030000236216076726,1,80
-7.951386703658792e-17,3.0,0.17741600636930044,8,0.0,0.15869224495963813,7.75,0.005,/public/home/student090/quantum-pump-l8/runs/l8-ut-20260728T195000/stage10/pair_0068_U_p7d750000_t_p0d600000_N10.npz,20,0.15932283046527693,200,0.9,0.016518203754348638,205,2.842170943040401e-14,68,10.0,/public/home/student090/quantum-pump-l8/runs/l8-allobs-20260728T230945/static/static_0068_U_p7d750000_t_p0d600000.npz,0.6,0.0006305855056387977,1,400
-7.951386703658792e-17,3.0,0.17741600636930044,8,0.0,0.06075060650456954,7.75,0.005,/public/home/student090/quantum-pump-l8/runs/l8-ut-20260728T195000/stage10/pair_0068_U_p7d750000_t_p0d600000_N10.npz,20,0.0615624375837805,1000,0.9,0.35151866410770843,206,1.603162047558726e-13,68,50.0,/public/home/student090/quantum-pump-l8/runs/l8-allobs-20260728T230945/static/static_0068_U_p7d750000_t_p0d600000.npz,0.6,0.0008118310792109631,1,2000
-2.297067269945873e-16,3.0,0.16747670086199928,8,0.0,0.24910321481698738,8.0,0.005,/public/home/student090/quantum-pump-l8/runs/l8-ut-20260728T195000/stage10/pair_0069_U_p8d000000_t_p0d600000_N10.npz,20,0.24931049793423263,40,0.9,0.041998158691227486,207,2.55351295663786e-15,69,2.0,/public/home/student090/quantum-pump-l8/runs/l8-allobs-20260728T230945/static/static_0069_U_p8d000000_t_p0d600000.npz,0.6,0.00020728311724524384,1,80
-2.297067269945873e-16,3.0,0.16747670086199928,8,0.0,0.10869108964641196,8.0,0.005,/public/home/student090/quantum-pump-l8/runs/l8-ut-20260728T195000/stage10/pair_0069_U_p8d000000_t_p0d600000_N10.npz,20,0.10926796514287047,200,0.9,0.005374750431314492,208,1.3988810110276972e-14,69,10.0,/public/home/student090/quantum-pump-l8/runs/l8-allobs-20260728T230945/static/static_0069_U_p8d000000_t_p0d600000.npz,0.6,0.0005768754964585177,1,400
-2.297067269945873e-16,3.0,0.16747670086199928,8,0.0,0.018052398335741907,8.0,0.005,/public/home/student090/quantum-pump-l8/runs/l8-ut-20260728T195000/stage10/pair_0069_U_p8d000000_t_p0d600000_N10.npz,20,0.018815944240571293,1000,0.9,0.4996334818520994,209,7.271960811294775e-14,69,50.0,/public/home/student090/quantum-pump-l8/runs/l8-allobs-20260728T230945/static/static_0069_U_p8d000000_t_p0d600000.npz,0.6,0.0007635459048293859,1,2000
-2.208718528794109e-17,3.0,0.1579555922713991,8,0.0,0.24089484100764064,8.25,0.005,/public/home/student090/quantum-pump-l8/runs/l8-ut-20260728T195000/stage10/pair_0070_U_p8d250000_t_p0d600000_N10.npz,20,0.24101515245074145,40,0.9,0.046449061915466446,210,3.9968028886505635e-15,70,2.0,/public/home/student090/quantum-pump-l8/runs/l8-allobs-20260728T230945/static/static_0070_U_p8d250000_t_p0d600000.npz,0.6,0.00012031144310081787,1,80
-2.208718528794109e-17,3.0,0.1579555922713991,8,0.0,0.06404875977172102,8.25,0.005,/public/home/student090/quantum-pump-l8/runs/l8-ut-20260728T195000/stage10/pair_0070_U_p8d250000_t_p0d600000_N10.npz,20,0.064526831021044,200,0.9,0.001064457623848822,211,9.325873406851315e-15,70,10.0,/public/home/student090/quantum-pump-l8/runs/l8-allobs-20260728T230945/static/static_0070_U_p8d250000_t_p0d600000.npz,0.6,0.0004780712493229894,1,400
-2.208718528794109e-17,3.0,0.1579555922713991,8,0.0,-0.008840808973442475,8.25,0.005,/public/home/student090/quantum-pump-l8/runs/l8-ut-20260728T195000/stage10/pair_0070_U_p8d250000_t_p0d600000_N10.npz,20,-0.008094990551775866,1000,0.9,0.9180188123582999,212,4.929390229335695e-14,70,50.0,/public/home/student090/quantum-pump-l8/runs/l8-allobs-20260728T230945/static/static_0070_U_p8d250000_t_p0d600000.npz,0.6,0.0007458184216666084,1,2000
7.288771145020559e-17,3.0,0.14906538513464995,8,0.0,0.22960259689286072,8.5,0.005,/public/home/student090/quantum-pump-l8/runs/l8-ut-20260728T195000/stage10/pair_0071_U_p8d500000_t_p0d600000_N10.npz,20,0.22964421120403664,40,0.9,0.051877196834236104,213,3.885780586188048e-15,71,2.0,/public/home/student090/quantum-pump-l8/runs/l8-allobs-20260728T230945/static/static_0071_U_p8d500000_t_p0d600000.npz,0.6,4.161431117591374e-05,1,80
7.288771145020559e-17,3.0,0.14906538513464995,8,0.0,0.038238672366575216,8.5,0.005,/public/home/student090/quantum-pump-l8/runs/l8-ut-20260728T195000/stage10/pair_0071_U_p8d500000_t_p0d600000_N10.npz,20,0.03866184779795179,200,0.9,0.003934056862403998,214,2.4091839634365897e-14,71,10.0,/public/home/student090/quantum-pump-l8/runs/l8-allobs-20260728T230945/static/static_0071_U_p8d500000_t_p0d600000.npz,0.6,0.0004231754313765712,1,400
7.288771145020559e-17,3.0,0.14906538513464995,8,0.0,-0.004581716495133911,8.5,0.005,/public/home/student090/quantum-pump-l8/runs/l8-ut-20260728T195000/stage10/pair_0071_U_p8d500000_t_p0d600000_N10.npz,20,-0.003863067047731745,1000,0.9,0.9088580029449735,215,1.0225154056797692e-13,71,50.0,/public/home/student090/quantum-pump-l8/runs/l8-allobs-20260728T230945/static/static_0071_U_p8d500000_t_p0d600000.npz,0.6,0.0007186494474021657,1,2000
3.754821498949985e-17,3.0,0.14088361206110034,8,0.0,0.21562172570975865,8.75,0.005,/public/home/student090/quantum-pump-l8/runs/l8-ut-20260728T195000/stage10/pair_0072_U_p8d750000_t_p0d600000_N10.npz,20,0.21559513054337798,40,0.9,0.06024659431550218,216,1.5543122344752192e-15,72,2.0,/public/home/student090/quantum-pump-l8/runs/l8-allobs-20260728T230945/static/static_0072_U_p8d750000_t_p0d600000.npz,0.6,2.6595166380677382e-05,1,80
3.754821498949985e-17,3.0,0.14088361206110034,8,0.0,0.02664634733614703,8.75,0.005,/public/home/student090/quantum-pump-l8/runs/l8-ut-20260728T195000/stage10/pair_0072_U_p8d750000_t_p0d600000_N10.npz,20,0.02704949902943181,200,0.9,0.013325244141454097,217,1.1435297153639112e-14,72,10.0,/public/home/student090/quantum-pump-l8/runs/l8-allobs-20260728T230945/static/static_0072_U_p8d750000_t_p0d600000.npz,0.6,0.0004031516932847777,1,400
3.754821498949985e-17,3.0,0.14088361206110034,8,0.0,0.0018972407858895836,8.75,0.005,/public/home/student090/quantum-pump-l8/runs/l8-ut-20260728T195000/stage10/pair_0072_U_p8d750000_t_p0d600000_N10.npz,20,0.002581757675227888,1000,0.9,0.49557648612975186,218,4.207745263329343e-14,72,50.0,/public/home/student090/quantum-pump-l8/runs/l8-allobs-20260728T230945/static/static_0072_U_p8d750000_t_p0d600000.npz,0.6,0.0006845168893383044,1,2000
-1.31970932095448e-16,3.0,0.1334113775989827,8,0.0,0.19954001491016837,9.0,0.005,/public/home/student090/quantum-pump-l8/runs/l8-ut-20260728T195000/stage10/pair_0073_U_p9d000000_t_p0d600000_N10.npz,20,0.1994573659880953,40,0.9,0.07346580295364417,219,2.6645352591003757e-15,73,2.0,/public/home/student090/quantum-pump-l8/runs/l8-allobs-20260728T230945/static/static_0073_U_p9d000000_t_p0d600000.npz,0.6,8.264892207307528e-05,1,80
-1.31970932095448e-16,3.0,0.1334113775989827,8,0.0,0.017618461206432026,9.0,0.005,/public/home/student090/quantum-pump-l8/runs/l8-ut-20260728T195000/stage10/pair_0073_U_p9d000000_t_p0d600000_N10.npz,20,0.01798441268363592,200,0.9,0.027011430162582038,220,1.4654943925052066e-14,73,10.0,/public/home/student090/quantum-pump-l8/runs/l8-allobs-20260728T230945/static/static_0073_U_p9d000000_t_p0d600000.npz,0.6,0.00036595147720389423,1,400
-1.31970932095448e-16,3.0,0.1334113775989827,8,0.0,0.00022670466177934537,9.0,0.005,/public/home/student090/quantum-pump-l8/runs/l8-ut-20260728T195000/stage10/pair_0073_U_p9d000000_t_p0d600000_N10.npz,20,0.0008800798245269635,1000,0.9,0.25613565040710057,221,1.1035616864774056e-13,73,50.0,/public/home/student090/quantum-pump-l8/runs/l8-allobs-20260728T230945/static/static_0073_U_p9d000000_t_p0d600000.npz,0.6,0.0006533751627476181,1,2000
8.614002262297024e-17,3.0,0.12661064243496467,8,0.0,0.18206466025682339,9.25,0.005,/public/home/student090/quantum-pump-l8/runs/l8-ut-20260728T195000/stage10/pair_0074_U_p9d250000_t_p0d600000_N10.npz,20,0.18193908924498242,40,0.9,0.09300417268223121,222,5.773159728050814e-15,74,2.0,/public/home/student090/quantum-pump-l8/runs/l8-allobs-20260728T230945/static/static_0074_U_p9d250000_t_p0d600000.npz,0.6,0.00012557101184096364,1,80
8.614002262297024e-17,3.0,0.12661064243496467,8,0.0,0.010207766331847501,9.25,0.005,/public/home/student090/quantum-pump-l8/runs/l8-ut-20260728T195000/stage10/pair_0074_U_p9d250000_t_p0d600000_N10.npz,20,0.010549264073249135,200,0.9,0.04079477250816435,223,3.3084646133829665e-14,74,10.0,/public/home/student090/quantum-pump-l8/runs/l8-allobs-20260728T230945/static/static_0074_U_p9d250000_t_p0d600000.npz,0.6,0.00034149774140163416,1,400
8.614002262297024e-17,3.0,0.12661064243496467,8,0.0,-0.001157230385912998,9.25,0.005,/public/home/student090/quantum-pump-l8/runs/l8-ut-20260728T195000/stage10/pair_0074_U_p9d250000_t_p0d600000_N10.npz,20,-0.0005328987132440366,1000,0.9,0.20720715768399167,224,1.667554982986985e-13,74,50.0,/public/home/student090/quantum-pump-l8/runs/l8-allobs-20260728T230945/static/static_0074_U_p9d250000_t_p0d600000.npz,0.6,0.0006243316726689613,1,2000
3.103249532955723e-16,3.0,0.12042615693647263,8,0.0,0.16394475449553406,9.5,0.005,/public/home/student090/quantum-pump-l8/runs/l8-ut-20260728T195000/stage10/pair_0075_U_p9d500000_t_p0d600000_N10.npz,20,0.16378962778860776,40,0.9,0.1197210258069772,225,9.325873406851315e-15,75,2.0,/public/home/student090/quantum-pump-l8/runs/l8-allobs-20260728T230945/static/static_0075_U_p9d500000_t_p0d600000.npz,0.6,0.0001551267069263007,1,80
3.103249532955723e-16,3.0,0.12042615693647263,8,0.0,0.00607822855642241,9.5,0.005,/public/home/student090/quantum-pump-l8/runs/l8-ut-20260728T195000/stage10/pair_0075_U_p9d500000_t_p0d600000_N10.npz,20,0.006422399100132613,200,0.9,0.05158418616379789,226,4.1300296516055823e-14,75,10.0,/public/home/student090/quantum-pump-l8/runs/l8-allobs-20260728T230945/static/static_0075_U_p9d500000_t_p0d600000.npz,0.6,0.00034417054371020314,1,400
3.103249532955723e-16,3.0,0.12042615693647263,8,0.0,-0.0009876062522651019,9.5,0.005,/public/home/student090/quantum-pump-l8/runs/l8-ut-20260728T195000/stage10/pair_0075_U_p9d500000_t_p0d600000_N10.npz,20,-0.00039053017989258823,1000,0.9,0.19446946182190614,227,2.091660178393795e-13,75,50.0,/public/home/student090/quantum-pump-l8/runs/l8-allobs-20260728T230945/static/static_0075_U_p9d500000_t_p0d600000.npz,0.6,0.0005970760723725136,1,2000
1.8829325457969777e-16,3.0,0.11479760849095011,8,0.0,0.14589769679843914,9.75,0.005,/public/home/student090/quantum-pump-l8/runs/l8-ut-20260728T195000/stage10/pair_0076_U_p9d750000_t_p0d600000_N10.npz,20,0.1457259188596002,40,0.9,0.15385254535362552,228,4.440892098500626e-15,76,2.0,/public/home/student090/quantum-pump-l8/runs/l8-allobs-20260728T230945/static/static_0076_U_p9d750000_t_p0d600000.npz,0.6,0.0001717779388389351,1,80
1.8829325457969777e-16,3.0,0.11479760849095011,8,0.0,0.0030723151325168048,9.75,0.005,/public/home/student090/quantum-pump-l8/runs/l8-ut-20260728T195000/stage10/pair_0076_U_p9d750000_t_p0d600000_N10.npz,20,0.0034191865514334877,200,0.9,0.05891513007773358,229,1.7985612998927536e-14,76,10.0,/public/home/student090/quantum-pump-l8/runs/l8-allobs-20260728T230945/static/static_0076_U_p9d750000_t_p0d600000.npz,0.6,0.0003468714189166829,1,400
1.8829325457969777e-16,3.0,0.11479760849095011,8,0.0,-0.0006813890014215359,9.75,0.005,/public/home/student090/quantum-pump-l8/runs/l8-ut-20260728T195000/stage10/pair_0076_U_p9d750000_t_p0d600000_N10.npz,20,-0.0001087211370327812,1000,0.9,0.19288167403192177,230,9.792167077193881e-14,76,50.0,/public/home/student090/quantum-pump-l8/runs/l8-allobs-20260728T230945/static/static_0076_U_p9d750000_t_p0d600000.npz,0.6,0.0005726678643887547,1,2000
-6.626155586382327e-17,3.0,0.10966593098460353,8,0.0,0.12854697502133247,10.0,0.005,/public/home/student090/quantum-pump-l8/runs/l8-ut-20260728T195000/stage10/pair_0077_U_p10d000000_t_p0d600000_N10.npz,20,0.1283704100014867,40,0.9,0.1950584418330645,231,9.325873406851315e-15,77,2.0,/public/home/student090/quantum-pump-l8/runs/l8-allobs-20260728T230945/static/static_0077_U_p10d000000_t_p0d600000.npz,0.6,0.00017656501984578132,1,80
-6.626155586382327e-17,3.0,0.10966593098460353,8,0.0,0.0009974439544578263,10.0,0.005,/public/home/student090/quantum-pump-l8/runs/l8-ut-20260728T195000/stage10/pair_0077_U_p10d000000_t_p0d600000_N10.npz,20,0.001338157521265889,200,0.9,0.06297318937889883,232,4.674038933671909e-14,77,10.0,/public/home/student090/quantum-pump-l8/runs/l8-allobs-20260728T230945/static/static_0077_U_p10d000000_t_p0d600000.npz,0.6,0.0003407135668080626,1,400
-6.626155586382327e-17,3.0,0.10966593098460353,8,0.0,-0.0003945502866507573,10.0,0.005,/public/home/student090/quantum-pump-l8/runs/l8-ut-20260728T195000/stage10/pair_0077_U_p10d000000_t_p0d600000_N10.npz,20,0.0001549923459217563,1000,0.9,0.17637224082177255,233,2.0439205883349132e-13,77,50.0,/public/home/student090/quantum-pump-l8/runs/l8-allobs-20260728T230945/static/static_0077_U_p10d000000_t_p0d600000.npz,0.6,0.0005495426325725136,1,2000
2.5400263081132252e-17,3.0,0.08102716168111201,8,0.0,0.04119839893133453,12.0,0.005,/public/home/student090/quantum-pump-l8/runs/l8-ut-20260728T195000/stage10/pair_0078_U_p12d000000_t_p0d600000_N10.npz,20,0.04121747462862509,40,0.9,0.6018522231911098,234,7.993605777301127e-15,78,2.0,/public/home/student090/quantum-pump-l8/runs/l8-allobs-20260728T230945/static/static_0078_U_p12d000000_t_p0d600000.npz,0.6,1.9075697290565907e-05,1,80
2.5400263081132252e-17,3.0,0.08102716168111201,8,0.0,0.0001160567508122411,12.0,0.005,/public/home/student090/quantum-pump-l8/runs/l8-ut-20260728T195000/stage10/pair_0078_U_p12d000000_t_p0d600000_N10.npz,20,0.00040001413228385403,200,0.9,0.02084170171850219,235,4.030109579389318e-14,78,10.0,/public/home/student090/quantum-pump-l8/runs/l8-allobs-20260728T230945/static/static_0078_U_p12d000000_t_p0d600000.npz,0.6,0.0002839573814716129,1,400
2.5400263081132252e-17,3.0,0.08102716168111201,8,0.0,6.25859160864359e-05,12.0,0.005,/public/home/student090/quantum-pump-l8/runs/l8-ut-20260728T195000/stage10/pair_0078_U_p12d000000_t_p0d600000_N10.npz,20,0.00046362901281217007,1000,0.9,0.9668428662764684,236,1.7463808177353712e-13,78,50.0,/public/home/student090/quantum-pump-l8/runs/l8-allobs-20260728T230945/static/static_0078_U_p12d000000_t_p0d600000.npz,0.6,0.00040104309672573415,1,2000
-8.779656151956583e-17,3.0,0.05411458140544445,8,0.0,0.0007730745761818375,16.0,0.005,/public/home/student090/quantum-pump-l8/runs/l8-ut-20260728T195000/stage10/pair_0079_U_p16d000000_t_p0d600000_N10.npz,20,0.0009913441076139667,40,0.9,0.8832675462797014,237,1.0436096431476471e-14,79,2.0,/public/home/student090/quantum-pump-l8/runs/l8-allobs-20260728T230945/static/static_0079_U_p16d000000_t_p0d600000.npz,0.6,0.0002182695314321292,1,80
-8.779656151956583e-17,3.0,0.05411458140544445,8,0.0,8.402827998614987e-05,16.0,0.005,/public/home/student090/quantum-pump-l8/runs/l8-ut-20260728T195000/stage10/pair_0079_U_p16d000000_t_p0d600000_N10.npz,20,0.00029901075034140777,200,0.9,0.03891010660983808,238,5.084821452783217e-14,79,10.0,/public/home/student090/quantum-pump-l8/runs/l8-allobs-20260728T230945/static/static_0079_U_p16d000000_t_p0d600000.npz,0.6,0.0002149824703552579,1,400
-8.779656151956583e-17,3.0,0.05411458140544445,8,0.0,8.183729735206664e-05,16.0,0.005,/public/home/student090/quantum-pump-l8/runs/l8-ut-20260728T195000/stage10/pair_0079_U_p16d000000_t_p0d600000_N10.npz,20,0.0003379508715491862,1000,0.9,0.06729594152347855,239,2.6134649999676185e-13,79,50.0,/public/home/student090/quantum-pump-l8/runs/l8-allobs-20260728T230945/static/static_0079_U_p16d000000_t_p0d600000.npz,0.6,0.0002561135741971195,1,2000
9.842601943938747e-17,3.0,0.03332988377448409,8,0.0,7.0370868394851205e-06,24.0,0.005,/public/home/student090/quantum-pump-l8/runs/l8-ut-20260728T195000/stage10/pair_0080_U_p24d000000_t_p0d600000_N10.npz,20,0.0001619685086427765,40,0.9,0.9530564748159971,240,5.995204332975845e-15,80,2.0,/public/home/student090/quantum-pump-l8/runs/l8-allobs-20260728T230945/static/static_0080_U_p24d000000_t_p0d600000.npz,0.6,0.00015493142180329138,1,80
9.842601943938747e-17,3.0,0.03332988377448409,8,0.0,4.280265108096773e-05,24.0,0.005,/public/home/student090/quantum-pump-l8/runs/l8-ut-20260728T195000/stage10/pair_0080_U_p24d000000_t_p0d600000_N10.npz,20,0.00019444309177089815,200,0.9,0.3098657960441942,241,1.1546319456101628e-14,80,10.0,/public/home/student090/quantum-pump-l8/runs/l8-allobs-20260728T230945/static/static_0080_U_p24d000000_t_p0d600000.npz,0.6,0.00015164044068993043,1,400
9.842601943938747e-17,3.0,0.03332988377448409,8,0.0,4.95056306325787e-05,24.0,0.005,/public/home/student090/quantum-pump-l8/runs/l8-ut-20260728T195000/stage10/pair_0080_U_p24d000000_t_p0d600000_N10.npz,20,0.00021277442242189298,1000,0.9,0.9965102214947021,242,6.727951529228449e-14,80,50.0,/public/home/student090/quantum-pump-l8/runs/l8-allobs-20260728T230945/static/static_0080_U_p24d000000_t_p0d600000.npz,0.6,0.00016326879178931429,1,2000
-2.1855960066957956e-16,3.0,0.02433351783727658,8,0.0,4.9447196101435616e-05,32.0,0.005,/public/home/student090/quantum-pump-l8/runs/l8-ut-20260728T195000/stage10/pair_0081_U_p32d000000_t_p0d600000_N10.npz,20,0.00017285571499047283,40,0.9,0.9739240794354623,243,6.217248937900877e-15,81,2.0,/public/home/student090/quantum-pump-l8/runs/l8-allobs-20260728T230945/static/static_0081_U_p32d000000_t_p0d600000.npz,0.6,0.00012340851888903721,1,80
-2.1855960066957956e-16,3.0,0.02433351783727658,8,0.0,3.613315713588159e-05,32.0,0.005,/public/home/student090/quantum-pump-l8/runs/l8-ut-20260728T195000/stage10/pair_0081_U_p32d000000_t_p0d600000_N10.npz,20,0.00015955418300726894,200,0.9,0.5235510879826442,244,1.021405182655144e-14,81,10.0,/public/home/student090/quantum-pump-l8/runs/l8-allobs-20260728T230945/static/static_0081_U_p32d000000_t_p0d600000.npz,0.6,0.00012342102587138736,1,400
-2.1855960066957956e-16,3.0,0.02433351783727658,8,0.0,3.67657736481034e-05,32.0,0.005,/public/home/student090/quantum-pump-l8/runs/l8-ut-20260728T195000/stage10/pair_0081_U_p32d000000_t_p0d600000_N10.npz,20,0.00016514285831149554,1000,0.9,0.12893650822852046,245,1.1546319456101628e-14,81,50.0,/public/home/student090/quantum-pump-l8/runs/l8-allobs-20260728T230945/static/static_0081_U_p32d000000_t_p0d600000.npz,0.6,0.00012837708466339212,1,2000
2.0000000000000004,3.0,0.3143446057948438,8,1.9999999999999996,8.740361520805731e-05,-32.0,0.005,/public/home/student090/quantum-pump-l8/runs/l8-allobs-20260728T230945/chern10/pair_0082_U_neg32d000000_t_p0d700000_N10.npz,20,0.00023254084790521508,40,0.9,0.9726401295403581,246,1.7763568394002505e-15,82,2.0,/public/home/student090/quantum-pump-l8/runs/l8-allobs-20260728T230945/static/static_0082_U_neg32d000000_t_p0d700000.npz,0.7,0.00014513723269715776,1,80
2.0000000000000004,3.0,0.3143446057948438,8,1.9999999999999996,0.0044893550393131434,-32.0,0.005,/public/home/student090/quantum-pump-l8/runs/l8-allobs-20260728T230945/chern10/pair_0082_U_neg32d000000_t_p0d700000_N10.npz,20,0.0046385019457161674,200,0.9,0.6798059266511829,247,3.774758283725532e-15,82,10.0,/public/home/student090/quantum-pump-l8/runs/l8-allobs-20260728T230945/static/static_0082_U_neg32d000000_t_p0d700000.npz,0.7,0.000149146906403024,1,400
2.0000000000000004,3.0,0.3143446057948438,8,1.9999999999999996,0.04659891162593545,-32.0,0.005,/public/home/student090/quantum-pump-l8/runs/l8-allobs-20260728T230945/chern10/pair_0082_U_neg32d000000_t_p0d700000_N10.npz,20,0.046776278004746215,1000,0.9,0.5953381206058068,248,1.1102230246251565e-14,82,50.0,/public/home/student090/quantum-pump-l8/runs/l8-allobs-20260728T230945/static/static_0082_U_neg32d000000_t_p0d700000.npz,0.7,0.00017736637881076572,1,2000
2.0000000000000004,3.0,0.4159926002608785,8,2.0,0.00046085392518892005,-24.0,0.005,/public/home/student090/quantum-pump-l8/runs/l8-allobs-20260728T230945/chern10/pair_0083_U_neg24d000000_t_p0d700000_N10.npz,20,0.0006420965070820361,40,0.9,0.9516754433923141,249,5.995204332975845e-15,83,2.0,/public/home/student090/quantum-pump-l8/runs/l8-allobs-20260728T230945/static/static_0083_U_neg24d000000_t_p0d700000.npz,0.7,0.00018124258189311602,1,80
2.0000000000000004,3.0,0.4159926002608785,8,2.0,0.00993921170202306,-24.0,0.005,/public/home/student090/quantum-pump-l8/runs/l8-allobs-20260728T230945/chern10/pair_0083_U_neg24d000000_t_p0d700000_N10.npz,20,0.01012984579623264,200,0.9,0.5103940297913185,250,1.9095836023552692e-14,83,10.0,/public/home/student090/quantum-pump-l8/runs/l8-allobs-20260728T230945/static/static_0083_U_neg24d000000_t_p0d700000.npz,0.7,0.0001906340942095814,1,400
2.0000000000000004,3.0,0.4159926002608785,8,2.0,0.10036476857756596,-24.0,0.005,/public/home/student090/quantum-pump-l8/runs/l8-allobs-20260728T230945/chern10/pair_0083_U_neg24d000000_t_p0d700000_N10.npz,20,0.10061428014200981,1000,0.9,0.3348074813974184,251,9.015010959956271e-14,83,50.0,/public/home/student090/quantum-pump-l8/runs/l8-allobs-20260728T230945/static/static_0083_U_neg24d000000_t_p0d700000.npz,0.7,0.0002495115644438467,1,2000
2.0,3.0,0.6112734709463865,8,2.0,0.003941304447002028,-16.0,0.005,/public/home/student090/quantum-pump-l8/runs/l8-ut-20260728T195000/stage10/pair_0084_U_neg16d000000_t_p0d700000_N10.npz,20,0.004213298935523418,40,0.9,0.8770742194958168,252,8.215650382226158e-15,84,2.0,/public/home/student090/quantum-pump-l8/runs/l8-allobs-20260728T230945/static/static_0084_U_neg16d000000_t_p0d700000.npz,0.7,0.00027199448852139024,1,80
2.0,3.0,0.6112734709463865,8,2.0,0.03157210597207261,-16.0,0.005,/public/home/student090/quantum-pump-l8/runs/l8-ut-20260728T195000/stage10/pair_0084_U_neg16d000000_t_p0d700000_N10.npz,20,0.031873445911549295,200,0.9,0.25048396423715696,253,4.0190073491430667e-14,84,10.0,/public/home/student090/quantum-pump-l8/runs/l8-allobs-20260728T230945/static/static_0084_U_neg16d000000_t_p0d700000.npz,0.7,0.00030133993947668164,1,400
2.0,3.0,0.6112734709463865,8,2.0,0.29129099419986515,-16.0,0.005,/public/home/student090/quantum-pump-l8/runs/l8-ut-20260728T195000/stage10/pair_0084_U_neg16d000000_t_p0d700000_N10.npz,20,0.2917473405125595,1000,0.9,0.1500951317202714,254,1.9628743075372768e-13,84,50.0,/public/home/student090/quantum-pump-l8/runs/l8-allobs-20260728T230945/static/static_0084_U_neg16d000000_t_p0d700000.npz,0.7,0.00045634631269436676,1,2000
2.0,3.0,0.7933701913509807,8,2.0000000000000004,0.006982827359287428,-12.0,0.005,/public/home/student090/quantum-pump-l8/runs/l8-allobs-20260728T230945/chern10/pair_0085_U_neg12d000000_t_p0d700000_N10.npz,20,0.007384569154948816,40,0.9,0.6800012581731636,255,6.328271240363392e-15,85,2.0,/public/home/student090/quantum-pump-l8/runs/l8-allobs-20260728T230945/static/static_0085_U_neg12d000000_t_p0d700000.npz,0.7,0.0004017417956613872,1,80
2.0,3.0,0.7933701913509807,8,2.0000000000000004,0.14186690813567807,-12.0,0.005,/public/home/student090/quantum-pump-l8/runs/l8-allobs-20260728T230945/chern10/pair_0085_U_neg12d000000_t_p0d700000_N10.npz,20,0.14231481163818704,200,0.9,0.08035777408324836,256,3.519406988061746e-14,85,10.0,/public/home/student090/quantum-pump-l8/runs/l8-allobs-20260728T230945/static/static_0085_U_neg12d000000_t_p0d700000.npz,0.7,0.00044790350250897837,1,400
2.0,3.0,0.7933701913509807,8,2.0000000000000004,0.5917029600529401,-12.0,0.005,/public/home/student090/quantum-pump-l8/runs/l8-allobs-20260728T230945/chern10/pair_0085_U_neg12d000000_t_p0d700000_N10.npz,20,0.5924284636798234,1000,0.9,0.025666970349197925,257,1.5920598173124745e-13,85,50.0,/public/home/student090/quantum-pump-l8/runs/l8-allobs-20260728T230945/static/static_0085_U_neg12d000000_t_p0d700000.npz,0.7,0.0007255036268832837,1,2000
2.0000000000000004,3.0,1.112454140271936,8,2.0,0.10487004440452796,-8.0,0.005,/public/home/student090/quantum-pump-l8/runs/l8-ut-20260728T195000/stage10/pair_0086_U_neg8d000000_t_p0d700000_N10.npz,20,0.10542099437450714,40,0.9,0.15435810586211193,258,1.3322676295501878e-15,86,2.0,/public/home/student090/quantum-pump-l8/runs/l8-allobs-20260728T230945/static/static_0086_U_neg8d000000_t_p0d700000.npz,0.7,0.0005509499699791753,1,80
2.0000000000000004,3.0,1.112454140271936,8,2.0,0.1978919199567681,-8.0,0.005,/public/home/student090/quantum-pump-l8/runs/l8-ut-20260728T195000/stage10/pair_0086_U_neg8d000000_t_p0d700000_N10.npz,20,0.19869020721834088,200,0.9,0.13546149222013404,259,2.4424906541753444e-15,86,10.0,/public/home/student090/quantum-pump-l8/runs/l8-allobs-20260728T230945/static/static_0086_U_neg8d000000_t_p0d700000.npz,0.7,0.0007982872615727721,1,400
2.0000000000000004,3.0,1.112454140271936,8,2.0,1.071990573086167,-8.0,0.005,/public/home/student090/quantum-pump-l8/runs/l8-ut-20260728T195000/stage10/pair_0086_U_neg8d000000_t_p0d700000_N10.npz,20,1.0731817857314978,1000,0.9,0.08896973262929936,260,7.327471962526033e-15,86,50.0,/public/home/student090/quantum-pump-l8/runs/l8-allobs-20260728T230945/static/static_0086_U_neg8d000000_t_p0d700000.npz,0.7,0.0011912126453308414,1,2000
2.0,3.0,1.3724594881807697,8,2.0,0.16044150611082153,-6.0,0.005,/public/home/student090/quantum-pump-l8/runs/l8-ut-20260728T195000/stage10/pair_0087_U_neg6d000000_t_p0d700000_N10.npz,20,0.16148364892372905,40,0.9,0.010869513901106109,261,6.994405055138486e-15,87,2.0,/public/home/student090/quantum-pump-l8/runs/l8-allobs-20260728T230945/static/static_0087_U_neg6d000000_t_p0d700000.npz,0.7,0.001042142812907515,1,80
2.0,3.0,1.3724594881807697,8,2.0,0.7592477530824809,-6.0,0.005,/public/home/student090/quantum-pump-l8/runs/l8-ut-20260728T195000/stage10/pair_0087_U_neg6d000000_t_p0d700000_N10.npz,20,0.7604274681848185,200,0.9,0.019776909916471328,262,3.708144902248023e-14,87,10.0,/public/home/student090/quantum-pump-l8/runs/l8-allobs-20260728T230945/static/static_0087_U_neg6d000000_t_p0d700000.npz,0.7,0.0011797151023376085,1,400
2.0,3.0,1.3724594881807697,8,2.0,1.4585774657010417,-6.0,0.005,/public/home/student090/quantum-pump-l8/runs/l8-ut-20260728T195000/stage10/pair_0087_U_neg6d000000_t_p0d700000_N10.npz,20,1.4601652893577828,1000,0.9,0.2523049834049483,263,1.7263968032921184e-13,87,50.0,/public/home/student090/quantum-pump-l8/runs/l8-allobs-20260728T230945/static/static_0087_U_neg6d000000_t_p0d700000.npz,0.7,0.0015878236567410386,1,2000
2.0,3.0,1.75035473853967,8,2.000000000000001,0.3578300285148929,-4.0,0.005,/public/home/student090/quantum-pump-l8/runs/l8-ut-20260728T195000/stage10/pair_0088_U_neg4d000000_t_p0d700000_N10.npz,20,0.35957798954921666,40,0.9,0.016534175930110327,264,2.4424906541753444e-15,88,2.0,/public/home/student090/quantum-pump-l8/runs/l8-allobs-20260728T230945/static/static_0088_U_neg4d000000_t_p0d700000.npz,0.7,0.0017479610343237861,1,80
2.0,3.0,1.75035473853967,8,2.000000000000001,1.1707698563108657,-4.0,0.005,/public/home/student090/quantum-pump-l8/runs/l8-ut-20260728T195000/stage10/pair_0088_U_neg4d000000_t_p0d700000_N10.npz,20,1.1724659838835463,200,0.9,0.004587566886573961,265,1.021405182655144e-14,88,10.0,/public/home/student090/quantum-pump-l8/runs/l8-allobs-20260728T230945/static/static_0088_U_neg4d000000_t_p0d700000.npz,0.7,0.0016961275726805614,1,400
2.0,3.0,1.75035473853967,8,2.000000000000001,1.845597570555173,-4.0,0.005,/public/home/student090/quantum-pump-l8/runs/l8-ut-20260728T195000/stage10/pair_0088_U_neg4d000000_t_p0d700000_N10.npz,20,1.8475531733505925,1000,0.9,0.5890700803309086,266,5.284661597215745e-14,88,50.0,/public/home/student090/quantum-pump-l8/runs/l8-allobs-20260728T230945/static/static_0088_U_neg4d000000_t_p0d700000.npz,0.7,0.0019556027954195088,1,2000
2.0,3.0,2.292989251870427,8,2.0000000000000004,0.6747867038128167,-2.0,0.005,/public/home/student090/quantum-pump-l8/runs/l8-ut-20260728T195000/stage10/pair_0089_U_neg2d000000_t_p0d700000_N10.npz,10,0.6772778901712829,40,0.9,0.001962065748489574,267,5.995204332975845e-15,89,2.0,/public/home/student090/quantum-pump-l8/runs/l8-allobs-20260728T230945/static/static_0089_U_neg2d000000_t_p0d700000.npz,0.7,0.0024911863584662353,1,80
2.0,3.0,2.292989251870427,8,2.0000000000000004,1.4787684072225644,-2.0,0.005,/public/home/student090/quantum-pump-l8/runs/l8-ut-20260728T195000/stage10/pair_0089_U_neg2d000000_t_p0d700000_N10.npz,10,1.4808717880449727,200,0.9,0.10181722656625433,268,2.708944180085382e-14,89,10.0,/public/home/student090/quantum-pump-l8/runs/l8-allobs-20260728T230945/static/static_0089_U_neg2d000000_t_p0d700000.npz,0.7,0.0021033808224082406,1,400
2.0,3.0,2.292989251870427,8,2.0000000000000004,1.984868766113186,-2.0,0.005,/public/home/student090/quantum-pump-l8/runs/l8-ut-20260728T195000/stage10/pair_0089_U_neg2d000000_t_p0d700000_N10.npz,10,1.9871260468792546,1000,0.9,0.8454533555242681,269,1.2634338020234281e-13,89,50.0,/public/home/student090/quantum-pump-l8/runs/l8-allobs-20260728T230945/static/static_0089_U_neg2d000000_t_p0d700000.npz,0.7,0.00225728076606857,1,2000
2.0,3.0,2.799999999999983,8,2.0,0.9462905552173764,0.0,0.005,/public/home/student090/quantum-pump-l8/runs/l8-ut-20260728T195000/stage10/pair_0090_U_p0d000000_t_p0d700000_N10.npz,10,0.9497212601333527,40,0.9,5.4094609341877277e-05,270,3.1086244689504383e-15,90,2.0,/public/home/student090/quantum-pump-l8/runs/l8-allobs-20260728T230945/static/static_0090_U_p0d000000_t_p0d700000.npz,0.7,0.0034307049159763015,1,80
2.0,3.0,2.799999999999983,8,2.0,1.8269571576521715,0.0,0.005,/public/home/student090/quantum-pump-l8/runs/l8-ut-20260728T195000/stage10/pair_0090_U_p0d000000_t_p0d700000_N10.npz,10,1.8295838632924597,200,0.9,0.5092644481725292,271,1.2656542480726785e-14,90,10.0,/public/home/student090/quantum-pump-l8/runs/l8-allobs-20260728T230945/static/static_0090_U_p0d000000_t_p0d700000.npz,0.7,0.0026267056402882183,1,400
2.0,3.0,2.799999999999983,8,2.0,1.9926134685860315,0.0,0.005,/public/home/student090/quantum-pump-l8/runs/l8-ut-20260728T195000/stage10/pair_0090_U_p0d000000_t_p0d700000_N10.npz,10,1.99517560499707,1000,0.9,0.9758365200936348,272,3.019806626980426e-14,90,50.0,/public/home/student090/quantum-pump-l8/runs/l8-allobs-20260728T230945/static/static_0090_U_p0d000000_t_p0d700000.npz,0.7,0.002562136411038418,1,2000
2.0,3.0,2.292989251870453,8,2.0,0.8702399158709523,2.0,0.005,/public/home/student090/quantum-pump-l8/runs/l8-ut-20260728T195000/stage10/pair_0091_U_p2d000000_t_p0d700000_N10.npz,10,0.8735774100052349,40,0.9,0.012621723871992207,273,5.329070518200751e-15,91,2.0,/public/home/student090/quantum-pump-l8/runs/l8-allobs-20260728T230945/static/static_0091_U_p2d000000_t_p0d700000.npz,0.7,0.003337494134282637,1,80
2.0,3.0,2.292989251870453,8,2.0,1.9675287916148456,2.0,0.005,/public/home/student090/quantum-pump-l8/runs/l8-ut-20260728T195000/stage10/pair_0091_U_p2d000000_t_p0d700000_N10.npz,10,1.9702884872783863,200,0.9,0.8701026413188534,274,2.6645352591003757e-14,91,10.0,/public/home/student090/quantum-pump-l8/runs/l8-allobs-20260728T230945/static/static_0091_U_p2d000000_t_p0d700000.npz,0.7,0.002759695663540729,1,400
2.0,3.0,2.292989251870453,8,2.0,2.00008033713054,2.0,0.005,/public/home/student090/quantum-pump-l8/runs/l8-ut-20260728T195000/stage10/pair_0091_U_p2d000000_t_p0d700000_N10.npz,10,2.0027925761852448,1000,0.9,0.9962237654457858,275,1.1191048088221578e-13,91,50.0,/public/home/student090/quantum-pump-l8/runs/l8-allobs-20260728T230945/static/static_0091_U_p2d000000_t_p0d700000.npz,0.7,0.002712239054704746,1,2000
2.0,3.0,1.7503547385397447,8,2.0,0.5580960484479163,4.0,0.005,/public/home/student090/quantum-pump-l8/runs/l8-ut-20260728T195000/stage10/pair_0092_U_p4d000000_t_p0d700000_N10.npz,10,0.5600862250836646,40,0.9,0.0018884912765787783,276,1.7763568394002505e-15,92,2.0,/public/home/student090/quantum-pump-l8/runs/l8-allobs-20260728T230945/static/static_0092_U_p4d000000_t_p0d700000.npz,0.7,0.0019901766357482975,1,80
2.0,3.0,1.7503547385397447,8,2.0,1.9854244724704913,4.0,0.005,/public/home/student090/quantum-pump-l8/runs/l8-ut-20260728T195000/stage10/pair_0092_U_p4d000000_t_p0d700000_N10.npz,10,1.988094014102932,200,0.9,0.9619443710900177,277,1.099120794378905e-14,92,10.0,/public/home/student090/quantum-pump-l8/runs/l8-allobs-20260728T230945/static/static_0092_U_p4d000000_t_p0d700000.npz,0.7,0.0026695416324407084,1,400
2.0,3.0,1.7503547385397447,8,2.0,2.0116296593652008,4.0,0.005,/public/home/student090/quantum-pump-l8/runs/l8-ut-20260728T195000/stage10/pair_0092_U_p4d000000_t_p0d700000_N10.npz,10,2.014247916006579,1000,0.9,0.9989248845649649,278,5.895284260759581e-14,92,50.0,/public/home/student090/quantum-pump-l8/runs/l8-allobs-20260728T230945/static/static_0092_U_p4d000000_t_p0d700000.npz,0.7,0.0026182566413783803,1,2000
2.0000000000000004,3.0,1.6948730524218139,8,2.0,0.5184404036421588,4.25,0.005,/public/home/student090/quantum-pump-l8/runs/l8-ut-20260728T195000/stage10/pair_0093_U_p4d250000_t_p0d700000_N10.npz,10,0.5202659206386666,40,0.9,0.00156804635064289,279,4.107825191113079e-15,93,2.0,/public/home/student090/quantum-pump-l8/runs/l8-allobs-20260728T230945/static/static_0093_U_p4d250000_t_p0d700000.npz,0.7,0.0018255169965077922,1,80
2.0000000000000004,3.0,1.6948730524218139,8,2.0,1.9745005977038346,4.25,0.005,/public/home/student090/quantum-pump-l8/runs/l8-ut-20260728T195000/stage10/pair_0093_U_p4d250000_t_p0d700000_N10.npz,10,1.9770911892821381,200,0.9,0.9105435386978665,280,3.5638159090467525e-14,93,10.0,/public/home/student090/quantum-pump-l8/runs/l8-allobs-20260728T230945/static/static_0093_U_p4d250000_t_p0d700000.npz,0.7,0.002590591578303547,1,400
2.0000000000000004,3.0,1.6948730524218139,8,2.0,2.016833211475496,4.25,0.005,/public/home/student090/quantum-pump-l8/runs/l8-ut-20260728T195000/stage10/pair_0093_U_p4d250000_t_p0d700000_N10.npz,10,2.0194196224290653,1000,0.9,0.998912484980858,281,1.7319479184152442e-13,93,50.0,/public/home/student090/quantum-pump-l8/runs/l8-allobs-20260728T230945/static/static_0093_U_p4d250000_t_p0d700000.npz,0.7,0.0025864109535693736,1,2000
2.0,3.0,1.641962070188466,8,2.0,0.48142005114507125,4.5,0.005,/public/home/student090/quantum-pump-l8/runs/l8-ut-20260728T195000/stage10/pair_0094_U_p4d500000_t_p0d700000_N10.npz,10,0.4830911528897131,40,0.9,0.0016234798706646727,282,7.882583474838611e-15,94,2.0,/public/home/student090/quantum-pump-l8/runs/l8-allobs-20260728T230945/static/static_0094_U_p4d500000_t_p0d700000.npz,0.7,0.0016711017446418563,1,80
2.0,3.0,1.641962070188466,8,2.0,1.9404301178970258,4.5,0.005,/public/home/student090/quantum-pump-l8/runs/l8-ut-20260728T195000/stage10/pair_0094_U_p4d500000_t_p0d700000_N10.npz,10,1.9428907519004828,200,0.9,0.7910083783846623,283,4.7628567756419216e-14,94,10.0,/public/home/student090/quantum-pump-l8/runs/l8-allobs-20260728T230945/static/static_0094_U_p4d500000_t_p0d700000.npz,0.7,0.002460634003456974,1,400
2.0,3.0,1.641962070188466,8,2.0,2.0244491772324498,4.5,0.005,/public/home/student090/quantum-pump-l8/runs/l8-ut-20260728T195000/stage10/pair_0094_U_p4d500000_t_p0d700000_N10.npz,10,2.027001979733509,1000,0.9,0.9988085890723739,284,2.5135449277513544e-13,94,50.0,/public/home/student090/quantum-pump-l8/runs/l8-allobs-20260728T230945/static/static_0094_U_p4d500000_t_p0d700000.npz,0.7,0.0025528025010590483,1,2000
2.0,3.0,1.5915170022902014,8,2.0000000000000004,0.44781656113654517,4.75,0.005,/public/home/student090/quantum-pump-l8/runs/l8-ut-20260728T195000/stage10/pair_0095_U_p4d750000_t_p0d700000_N10.npz,10,0.4493441645189288,40,0.9,0.0020600119561444232,285,6.661338147750939e-15,95,2.0,/public/home/student090/quantum-pump-l8/runs/l8-allobs-20260728T230945/static/static_0095_U_p4d750000_t_p0d700000.npz,0.7,0.0015276033823836133,1,80
2.0,3.0,1.5915170022902014,8,2.0000000000000004,1.8725724480673398,4.75,0.005,/public/home/student090/quantum-pump-l8/runs/l8-ut-20260728T195000/stage10/pair_0095_U_p4d750000_t_p0d700000_N10.npz,10,1.8748387203229107,200,0.9,0.5994838065676862,286,2.2648549702353193e-14,95,10.0,/public/home/student090/quantum-pump-l8/runs/l8-allobs-20260728T230945/static/static_0095_U_p4d750000_t_p0d700000.npz,0.7,0.002266272255570856,1,400
2.0,3.0,1.5915170022902014,8,2.0000000000000004,2.036149106292431,4.75,0.005,/public/home/student090/quantum-pump-l8/runs/l8-ut-20260728T195000/stage10/pair_0095_U_p4d750000_t_p0d700000_N10.npz,10,2.038664377250687,1000,0.9,0.9988478929424076,287,9.037215420448774e-14,95,50.0,/public/home/student090/quantum-pump-l8/runs/l8-allobs-20260728T230945/static/static_0095_U_p4d750000_t_p0d700000.npz,0.7,0.0025152709582560995,1,2000
2.0,3.0,1.5434290342592423,8,2.0,0.41825162664945553,5.0,0.005,/public/home/student090/quantum-pump-l8/runs/l8-ut-20260728T195000/stage10/pair_0096_U_p5d000000_t_p0d700000_N10.npz,10,0.4196463919495956,40,0.9,0.0031096552152205005,288,7.66053886991358e-15,96,2.0,/public/home/student090/quantum-pump-l8/runs/l8-allobs-20260728T230945/static/static_0096_U_p5d000000_t_p0d700000.npz,0.7,0.001394765300140044,1,80
2.0,3.0,1.5434290342592423,8,2.0,1.7677735350105275,5.0,0.005,/public/home/student090/quantum-pump-l8/runs/l8-ut-20260728T195000/stage10/pair_0096_U_p5d000000_t_p0d700000_N10.npz,10,1.769795299417525,200,0.9,0.37310578771946035,289,4.674038933671909e-14,96,10.0,/public/home/student090/quantum-pump-l8/runs/l8-allobs-20260728T230945/static/static_0096_U_p5d000000_t_p0d700000.npz,0.7,0.0020217644069975282,1,400
2.0,3.0,1.5434290342592423,8,2.0,2.0539393828933923,5.0,0.005,/public/home/student090/quantum-pump-l8/runs/l8-ut-20260728T195000/stage10/pair_0096_U_p5d000000_t_p0d700000_N10.npz,10,2.056410771387412,1000,0.9,0.997428217845082,290,2.5779378631796135e-13,96,50.0,/public/home/student090/quantum-pump-l8/runs/l8-allobs-20260728T230945/static/static_0096_U_p5d000000_t_p0d700000.npz,0.7,0.0024713884940195108,1,2000
1.9999999999999998,3.0,1.4975879565186103,8,2.0000000000000004,0.39312244479919384,5.25,0.005,/public/home/student090/quantum-pump-l8/runs/l8-ut-20260728T195000/stage10/pair_0097_U_p5d250000_t_p0d700000_N10.npz,10,0.39439396065668825,40,0.9,0.004704709264400364,291,8.548717289613705e-15,97,2.0,/public/home/student090/quantum-pump-l8/runs/l8-allobs-20260728T230945/static/static_0097_U_p5d250000_t_p0d700000.npz,0.7,0.0012715158574944097,1,80
1.9999999999999998,3.0,1.4975879565186103,8,2.0000000000000004,1.6316914770811788,5.25,0.005,/public/home/student090/quantum-pump-l8/runs/l8-ut-20260728T195000/stage10/pair_0097_U_p5d250000_t_p0d700000_N10.npz,10,1.6334594201618102,200,0.9,0.17452899857493284,292,5.007105841059456e-14,97,10.0,/public/home/student090/quantum-pump-l8/runs/l8-allobs-20260728T230945/static/static_0097_U_p5d250000_t_p0d700000.npz,0.7,0.00176794308063144,1,400
1.9999999999999998,3.0,1.4975879565186103,8,2.0000000000000004,2.0767196471071694,5.25,0.005,/public/home/student090/quantum-pump-l8/runs/l8-ut-20260728T195000/stage10/pair_0097_U_p5d250000_t_p0d700000_N10.npz,10,2.0791296544314255,1000,0.9,0.9927237659386112,293,2.7833291227352674e-13,97,50.0,/public/home/student090/quantum-pump-l8/runs/l8-allobs-20260728T230945/static/static_0097_U_p5d250000_t_p0d700000.npz,0.7,0.0024100073242561137,1,2000
2.0,3.0,1.0515439335441759,8,2.0000000000000004,0.37255251235666503,5.5,0.005,/public/home/student090/quantum-pump-l8/runs/l8-ut-20260728T195000/stage10/pair_0098_U_p5d500000_t_p0d700000_N10.npz,20,0.373708686860871,40,0.9,0.006197765313965004,294,7.327471962526033e-15,98,2.0,/public/home/student090/quantum-pump-l8/runs/l8-allobs-20260728T230945/static/static_0098_U_p5d500000_t_p0d700000.npz,0.7,0.0011561745042059646,1,80
2.0,3.0,1.0515439335441759,8,2.0000000000000004,1.4740052548998912,5.5,0.005,/public/home/student090/quantum-pump-l8/runs/l8-ut-20260728T195000/stage10/pair_0098_U_p5d500000_t_p0d700000_N10.npz,20,1.4755473655151403,200,0.9,0.05326002719853257,295,2.7977620220553945e-14,98,10.0,/public/home/student090/quantum-pump-l8/runs/l8-allobs-20260728T230945/static/static_0098_U_p5d500000_t_p0d700000.npz,0.7,0.0015421106152491149,1,400
2.0,3.0,1.0515439335441759,8,2.0000000000000004,2.089908182722014,5.5,0.005,/public/home/student090/quantum-pump-l8/runs/l8-ut-20260728T195000/stage10/pair_0098_U_p5d500000_t_p0d700000_N10.npz,20,2.0922279932312207,1000,0.9,0.9651258046707923,296,1.0258460747536446e-13,98,50.0,/public/home/student090/quantum-pump-l8/runs/l8-allobs-20260728T230945/static/static_0098_U_p5d500000_t_p0d700000.npz,0.7,0.002319810509206821,1,2000
2.0,3.0,0.8507452685644186,8,2.0,0.3563674350370614,5.75,0.005,/public/home/student090/quantum-pump-l8/runs/l8-ut-20260728T195000/stage10/pair_0099_U_p5d750000_t_p0d700000_N10.npz,20,0.3574141575043566,40,0.9,0.006745711771523738,297,1.4432899320127035e-15,99,2.0,/public/home/student090/quantum-pump-l8/runs/l8-allobs-20260728T230945/static/static_0099_U_p5d750000_t_p0d700000.npz,0.7,0.0010467224672952025,1,80
2.0,3.0,0.8507452685644186,8,2.0,1.3016830729161968,5.75,0.005,/public/home/student090/quantum-pump-l8/runs/l8-ut-20260728T195000/stage10/pair_0099_U_p5d750000_t_p0d700000_N10.npz,20,1.3030445922467748,200,0.9,0.014504843837124179,298,6.5503158452884236e-15,99,10.0,/public/home/student090/quantum-pump-l8/runs/l8-allobs-20260728T230945/static/static_0099_U_p5d750000_t_p0d700000.npz,0.7,0.0013615193305780426,1,400
2.0,3.0,0.8507452685644186,8,2.0,1.8809946537392364,5.75,0.005,/public/home/student090/quantum-pump-l8/runs/l8-ut-20260728T195000/stage10/pair_0099_U_p5d750000_t_p0d700000_N10.npz,20,1.883168631001147,1000,0.9,0.6089100118900832,299,5.0737192225369654e-14,99,50.0,/public/home/student090/quantum-pump-l8/runs/l8-allobs-20260728T230945/static/static_0099_U_p5d750000_t_p0d700000.npz,0.7,0.002173977261910709,1,2000
2.0,3.0,0.8110424355723325,8,2.0,0.3536204425945984,5.8,0.005,/public/home/student090/quantum-pump-l8/runs/l8-ut-20260728T195000/stage10/pair_0100_U_p5d800000_t_p0d700000_N10.npz,20,0.35464579746826413,40,0.9,0.0066979489877533206,300,7.66053886991358e-15,100,2.0,/public/home/student090/quantum-pump-l8/runs/l8-allobs-20260728T230945/static/static_0100_U_p5d800000_t_p0d700000.npz,0.7,0.0010253548736657292,1,80
2.0,3.0,0.8110424355723325,8,2.0,1.2658336995079784,5.8,0.005,/public/home/student090/quantum-pump-l8/runs/l8-ut-20260728T195000/stage10/pair_0100_U_p5d800000_t_p0d700000_N10.npz,20,1.2671649566981884,200,0.9,0.013529663755380575,301,3.963496197911809e-14,100,10.0,/public/home/student090/quantum-pump-l8/runs/l8-allobs-20260728T230945/static/static_0100_U_p5d800000_t_p0d700000.npz,0.7,0.001331257190209989,1,400
2.0,3.0,0.8110424355723325,8,2.0,1.797510279402609,5.8,0.005,/public/home/student090/quantum-pump-l8/runs/l8-ut-20260728T195000/stage10/pair_0100_U_p5d800000_t_p0d700000_N10.npz,20,1.7996484102158299,1000,0.9,0.47634505609365446,302,2.3081536681957004e-13,100,50.0,/public/home/student090/quantum-pump-l8/runs/l8-allobs-20260728T230945/static/static_0100_U_p5d800000_t_p0d700000.npz,0.7,0.0021381308132208954,1,2000
2.0,3.0,0.6541281413543611,8,2.0000000000000004,0.344102030287071,6.0,0.005,/public/home/student090/quantum-pump-l8/runs/l8-ut-20260728T195000/stage10/pair_0101_U_p6d000000_t_p0d700000_N10.npz,20,0.3450431291910968,40,0.9,0.00603154097940217,303,7.105427357601002e-15,101,2.0,/public/home/student090/quantum-pump-l8/runs/l8-allobs-20260728T230945/static/static_0101_U_p6d000000_t_p0d700000.npz,0.7,0.0009410989040258277,1,80
2.0,3.0,0.6541281413543611,8,2.0000000000000004,1.1191544718461672,6.0,0.005,/public/home/student090/quantum-pump-l8/runs/l8-ut-20260728T195000/stage10/pair_0101_U_p6d000000_t_p0d700000_N10.npz,20,1.1203841453907324,200,0.9,0.017328148076028553,304,4.218847493575595e-14,101,10.0,/public/home/student090/quantum-pump-l8/runs/l8-allobs-20260728T230945/static/static_0101_U_p6d000000_t_p0d700000.npz,0.7,0.0012296735445651574,1,400
2.0,3.0,0.6541281413543611,8,2.0000000000000004,1.5118310937147148,6.0,0.005,/public/home/student090/quantum-pump-l8/runs/l8-ut-20260728T195000/stage10/pair_0101_U_p6d000000_t_p0d700000_N10.npz,20,1.51384266802639,1000,0.9,0.26275447911405675,305,2.469136006766348e-13,101,50.0,/public/home/student090/quantum-pump-l8/runs/l8-allobs-20260728T230945/static/static_0101_U_p6d000000_t_p0d700000.npz,0.7,0.0020115743116750906,1,2000
2.0000000000000004,3.0,0.5010934016003841,8,1.9999999999999998,0.3366373058046219,6.2,0.005,/public/home/student090/quantum-pump-l8/runs/l8-ut-20260728T195000/stage10/pair_0102_U_p6d200000_t_p0d700000_N10.npz,20,0.33749542353802525,40,0.9,0.004943044246001855,306,1.7763568394002505e-15,102,2.0,/public/home/student090/quantum-pump-l8/runs/l8-allobs-20260728T230945/static/static_0102_U_p6d200000_t_p0d700000.npz,0.7,0.0008581177334033296,1,80
2.0000000000000004,3.0,0.5010934016003841,8,1.9999999999999998,0.9704640965093007,6.2,0.005,/public/home/student090/quantum-pump-l8/runs/l8-ut-20260728T195000/stage10/pair_0102_U_p6d200000_t_p0d700000_N10.npz,20,0.9716221550840989,200,0.9,0.021382977935062157,307,5.773159728050814e-15,102,10.0,/public/home/student090/quantum-pump-l8/runs/l8-allobs-20260728T230945/static/static_0102_U_p6d200000_t_p0d700000.npz,0.7,0.0011580585747982264,1,400
2.0000000000000004,3.0,0.5010934016003841,8,1.9999999999999998,1.7279182591838955,6.2,0.005,/public/home/student090/quantum-pump-l8/runs/l8-ut-20260728T195000/stage10/pair_0102_U_p6d200000_t_p0d700000_N10.npz,20,1.7297871960555307,1000,0.9,0.7257011007088737,308,1.84297022087776e-14,102,50.0,/public/home/student090/quantum-pump-l8/runs/l8-allobs-20260728T230945/static/static_0102_U_p6d200000_t_p0d700000.npz,0.7,0.0018689368716351407,1,2000
2.0,3.0,0.4636178904583783,8,2.0,0.33503994556056577,6.25,0.005,/public/home/student090/quantum-pump-l8/runs/l8-ut-20260728T195000/stage10/pair_0103_U_p6d250000_t_p0d700000_N10.npz,20,0.3358774271099181,40,0.9,0.004681243851867501,309,8.770761894538737e-15,103,2.0,/public/home/student090/quantum-pump-l8/runs/l8-allobs-20260728T230945/static/static_0103_U_p6d250000_t_p0d700000.npz,0.7,0.0008374815493523147,1,80
2.0,3.0,0.4636178904583783,8,2.0,0.9335803898867804,6.25,0.005,/public/home/student090/quantum-pump-l8/runs/l8-ut-20260728T195000/stage10/pair_0103_U_p6d250000_t_p0d700000_N10.npz,20,0.9347246757441494,200,0.9,0.023184265853276924,310,4.773959005888173e-14,103,10.0,/public/home/student090/quantum-pump-l8/runs/l8-allobs-20260728T230945/static/static_0103_U_p6d250000_t_p0d700000.npz,0.7,0.0011442858573690318,1,400
2.0,3.0,0.4636178904583783,8,2.0,1.6315472768896713,6.25,0.005,/public/home/student090/quantum-pump-l8/runs/l8-ut-20260728T195000/stage10/pair_0103_U_p6d250000_t_p0d700000_N10.npz,20,1.6333684962114823,1000,0.9,0.7783667199507078,311,2.773337115513641e-13,103,50.0,/public/home/student090/quantum-pump-l8/runs/l8-allobs-20260728T230945/static/static_0103_U_p6d250000_t_p0d700000.npz,0.7,0.0018212193218110073,1,2000
2.0000000000000004,3.0,0.2826515346321661,8,2.0000000000000004,0.3282814438504155,6.5,0.005,/public/home/student090/quantum-pump-l8/runs/l8-ut-20260728T195000/stage10/pair_0104_U_p6d500000_t_p0d700000_N10.npz,20,0.3290159615480219,40,0.9,0.004041635800418539,312,7.438494264988549e-15,104,2.0,/public/home/student090/quantum-pump-l8/runs/l8-allobs-20260728T230945/static/static_0104_U_p6d500000_t_p0d700000.npz,0.7,0.0007345176976063517,1,80
2.0000000000000004,3.0,0.2826515346321661,8,2.0000000000000004,0.754485053642366,6.5,0.005,/public/home/student090/quantum-pump-l8/runs/l8-ut-20260728T195000/stage10/pair_0104_U_p6d500000_t_p0d700000_N10.npz,20,0.7555770227356557,200,0.9,0.06127945639334552,313,3.9190872769268026e-14,104,10.0,/public/home/student090/quantum-pump-l8/runs/l8-allobs-20260728T230945/static/static_0104_U_p6d500000_t_p0d700000.npz,0.7,0.0010919690932897907,1,400
2.0000000000000004,3.0,0.2826515346321661,8,2.0000000000000004,0.856982613286535,6.5,0.005,/public/home/student090/quantum-pump-l8/runs/l8-ut-20260728T195000/stage10/pair_0104_U_p6d500000_t_p0d700000_N10.npz,20,0.8584600511170634,1000,0.9,0.08145219672052656,314,2.1516122217235534e-13,104,50.0,/public/home/student090/quantum-pump-l8/runs/l8-allobs-20260728T230945/static/static_0104_U_p6d500000_t_p0d700000.npz,0.7,0.0014774378305283387,1,2000
2.0,3.0,0.11676615465232043,8,2.0000000000000004,0.32283031183656213,6.75,0.005,/public/home/student090/quantum-pump-l8/runs/l8-ut-20260728T195000/stage10/pair_0105_U_p6d750000_t_p0d700000_N10.npz,20,0.3234617950684413,40,0.9,0.005475981156511666,315,7.993605777301127e-15,105,2.0,/public/home/student090/quantum-pump-l8/runs/l8-allobs-20260728T230945/static/static_0105_U_p6d750000_t_p0d700000.npz,0.7,0.0006314832318791708,1,80
2.0,3.0,0.11676615465232043,8,2.0000000000000004,0.5890634436948551,6.75,0.005,/public/home/student090/quantum-pump-l8/runs/l8-ut-20260728T195000/stage10/pair_0105_U_p6d750000_t_p0d700000_N10.npz,20,0.5901143445541696,200,0.9,0.15514300929565175,316,4.196643033083092e-14,105,10.0,/public/home/student090/quantum-pump-l8/runs/l8-allobs-20260728T230945/static/static_0105_U_p6d750000_t_p0d700000.npz,0.7,0.0010509008593144742,1,400
2.0,3.0,0.11676615465232043,8,2.0000000000000004,0.5210733519124732,6.75,0.005,/public/home/student090/quantum-pump-l8/runs/l8-ut-20260728T195000/stage10/pair_0105_U_p6d750000_t_p0d700000_N10.npz,20,0.522322921979171,1000,0.9,0.057818503765388836,317,2.1360690993788012e-13,105,50.0,/public/home/student090/quantum-pump-l8/runs/l8-allobs-20260728T230945/static/static_0105_U_p6d750000_t_p0d700000.npz,0.7,0.0012495700666977916,1,2000
-1.7669748230352872e-16,3.0,0.026413688615997355,8,0.0,0.3176880987437069,7.0,0.005,/public/home/student090/quantum-pump-l8/runs/l8-ut-20260728T195000/stage10/pair_0106_U_p7d000000_t_p0d700000_N10.npz,20,0.3182164586905071,40,0.9,0.009615429204688723,318,6.661338147750939e-15,106,2.0,/public/home/student090/quantum-pump-l8/runs/l8-allobs-20260728T230945/static/static_0106_U_p7d000000_t_p0d700000.npz,0.7,0.0005283599468001721,1,80
-1.7669748230352872e-16,3.0,0.026413688615997355,8,0.0,0.4409403056011698,7.0,0.005,/public/home/student090/quantum-pump-l8/runs/l8-ut-20260728T195000/stage10/pair_0106_U_p7d000000_t_p0d700000_N10.npz,20,0.44195574334146737,200,0.9,0.20691511475032143,319,3.2862601528904634e-14,106,10.0,/public/home/student090/quantum-pump-l8/runs/l8-allobs-20260728T230945/static/static_0106_U_p7d000000_t_p0d700000.npz,0.7,0.0010154377402975534,1,400
-1.7669748230352872e-16,3.0,0.026413688615997355,8,0.0,0.2964569921093582,7.0,0.005,/public/home/student090/quantum-pump-l8/runs/l8-ut-20260728T195000/stage10/pair_0106_U_p7d000000_t_p0d700000_N10.npz,20,0.2976110126983839,1000,0.9,0.5612858652480178,320,1.8041124150158794e-13,106,50.0,/public/home/student090/quantum-pump-l8/runs/l8-allobs-20260728T230945/static/static_0106_U_p7d000000_t_p0d700000.npz,0.7,0.001154020589025695,1,2000
3.533949646070574e-17,3.0,0.13910620396736295,8,0.0,0.3119435446860812,7.25,0.005,/public/home/student090/quantum-pump-l8/runs/l8-ut-20260728T195000/stage10/pair_0107_U_p7d250000_t_p0d700000_N10.npz,20,0.31236937599381126,40,0.9,0.0159982880266162,321,8.326672684688674e-15,107,2.0,/public/home/student090/quantum-pump-l8/runs/l8-allobs-20260728T230945/static/static_0107_U_p7d250000_t_p0d700000.npz,0.7,0.0004258313077300513,1,80
3.533949646070574e-17,3.0,0.13910620396736295,8,0.0,0.3171893887893332,7.25,0.005,/public/home/student090/quantum-pump-l8/runs/l8-ut-20260728T195000/stage10/pair_0107_U_p7d250000_t_p0d700000_N10.npz,20,0.3181701473177958,200,0.9,0.15928948813776939,322,4.5630166312093934e-14,107,10.0,/public/home/student090/quantum-pump-l8/runs/l8-allobs-20260728T230945/static/static_0107_U_p7d250000_t_p0d700000.npz,0.7,0.0009807585284625775,1,400
3.533949646070574e-17,3.0,0.13910620396736295,8,0.0,0.13328305964075582,7.25,0.005,/public/home/student090/quantum-pump-l8/runs/l8-ut-20260728T195000/stage10/pair_0107_U_p7d250000_t_p0d700000_N10.npz,20,0.13437152695230314,1000,0.9,0.8231982419275083,323,2.559064071760986e-13,107,50.0,/public/home/student090/quantum-pump-l8/runs/l8-allobs-20260728T230945/static/static_0107_U_p7d250000_t_p0d700000.npz,0.7,0.0010884673115473253,1,2000
-1.4135798584282297e-16,3.0,0.21761041224072653,8,0.0,0.3048468673592148,7.5,0.005,/public/home/student090/quantum-pump-l8/runs/l8-ut-20260728T195000/stage10/pair_0108_U_p7d500000_t_p0d700000_N10.npz,20,0.30517207044672967,40,0.9,0.02330140093751977,324,6.217248937900877e-15,108,2.0,/public/home/student090/quantum-pump-l8/runs/l8-allobs-20260728T230945/static/static_0108_U_p7d500000_t_p0d700000.npz,0.7,0.00032520308751488036,1,80
-1.4135798584282297e-16,3.0,0.21761041224072653,8,0.0,0.23370308871604842,7.5,0.005,/public/home/student090/quantum-pump-l8/runs/l8-ut-20260728T195000/stage10/pair_0108_U_p7d500000_t_p0d700000_N10.npz,20,0.23462240342966442,200,0.9,0.11367906084123705,325,2.4424906541753444e-14,108,10.0,/public/home/student090/quantum-pump-l8/runs/l8-allobs-20260728T230945/static/static_0108_U_p7d500000_t_p0d700000.npz,0.7,0.000919314713616004,1,400
-1.4135798584282297e-16,3.0,0.21761041224072653,8,0.0,0.15472610674500745,7.5,0.005,/public/home/student090/quantum-pump-l8/runs/l8-ut-20260728T195000/stage10/pair_0108_U_p7d500000_t_p0d700000_N10.npz,20,0.15577477770898515,1000,0.9,0.6206298682086339,326,9.592326932761353e-14,108,50.0,/public/home/student090/quantum-pump-l8/runs/l8-allobs-20260728T230945/static/static_0108_U_p7d500000_t_p0d700000.npz,0.7,0.0010486709639777048,1,2000
1.4135798584282297e-16,3.0,0.22024323196879525,8,0.0,0.29586180440639637,7.75,0.005,/public/home/student090/quantum-pump-l8/runs/l8-ut-20260728T195000/stage10/pair_0109_U_p7d750000_t_p0d700000_N10.npz,20,0.2960900637576263,40,0.9,0.030035632353548718,327,4.884981308350689e-15,109,2.0,/public/home/student090/quantum-pump-l8/runs/l8-allobs-20260728T230945/static/static_0109_U_p7d750000_t_p0d700000.npz,0.7,0.00022825935122994245,1,80
1.4135798584282297e-16,3.0,0.22024323196879525,8,0.0,0.1841283494210198,7.75,0.005,/public/home/student090/quantum-pump-l8/runs/l8-ut-20260728T195000/stage10/pair_0109_U_p7d750000_t_p0d700000_N10.npz,20,0.18494624940239296,200,0.9,0.12630781213328787,328,2.55351295663786e-14,109,10.0,/public/home/student090/quantum-pump-l8/runs/l8-allobs-20260728T230945/static/static_0109_U_p7d750000_t_p0d700000.npz,0.7,0.0008178999813731602,1,400
1.4135798584282297e-16,3.0,0.22024323196879525,8,0.0,0.1334637698988148,7.75,0.005,/public/home/student090/quantum-pump-l8/runs/l8-ut-20260728T195000/stage10/pair_0109_U_p7d750000_t_p0d700000_N10.npz,20,0.13447447592385575,1000,0.9,0.35257666546895405,329,1.5154544286133387e-13,109,50.0,/public/home/student090/quantum-pump-l8/runs/l8-allobs-20260728T230945/static/static_0109_U_p7d750000_t_p0d700000.npz,0.7,0.0010107060250409416,1,2000
-1.6786260818835226e-16,3.0,0.21093018006238662,8,0.0,0.2846920390204313,8.0,0.005,/public/home/student090/quantum-pump-l8/runs/l8-ut-20260728T195000/stage10/pair_0110_U_p8d000000_t_p0d700000_N10.npz,20,0.2848291073438803,40,0.9,0.035328161710856246,330,1.2212453270876722e-15,110,2.0,/public/home/student090/quantum-pump-l8/runs/l8-allobs-20260728T230945/static/static_0110_U_p8d000000_t_p0d700000.npz,0.7,0.00013706832344900777,1,80
-1.6786260818835226e-16,3.0,0.21093018006238662,8,0.0,0.13731147448748107,8.0,0.005,/public/home/student090/quantum-pump-l8/runs/l8-ut-20260728T195000/stage10/pair_0110_U_p8d000000_t_p0d700000_N10.npz,20,0.13800506943452048,200,0.9,0.13703067612952394,331,1.27675647831893e-14,110,10.0,/public/home/student090/quantum-pump-l8/runs/l8-allobs-20260728T230945/static/static_0110_U_p8d000000_t_p0d700000.npz,0.7,0.0006935949470394109,1,400
-1.6786260818835226e-16,3.0,0.21093018006238662,8,0.0,0.009049890062821416,8.0,0.005,/public/home/student090/quantum-pump-l8/runs/l8-ut-20260728T195000/stage10/pair_0110_U_p8d000000_t_p0d700000_N10.npz,20,0.010026905653081022,1000,0.9,0.5078642732213489,332,7.183142969324763e-14,110,50.0,/public/home/student090/quantum-pump-l8/runs/l8-allobs-20260728T230945/static/static_0110_U_p8d000000_t_p0d700000.npz,0.7,0.0009770155902596063,1,2000
-1.236882376124701e-16,3.0,0.20135887370843575,8,0.0,0.2712820950639646,8.25,0.005,/public/home/student090/quantum-pump-l8/runs/l8-ut-20260728T195000/stage10/pair_0111_U_p8d250000_t_p0d700000_N10.npz,20,0.2713358532256392,40,0.9,0.03940338511857431,333,3.3306690738754696e-15,111,2.0,/public/home/student090/quantum-pump-l8/runs/l8-allobs-20260728T230945/static/static_0111_U_p8d250000_t_p0d700000.npz,0.7,5.3758161674577476e-05,1,80
-1.236882376124701e-16,3.0,0.20135887370843575,8,0.0,0.08470037509647803,8.25,0.005,/public/home/student090/quantum-pump-l8/runs/l8-ut-20260728T195000/stage10/pair_0111_U_p8d250000_t_p0d700000_N10.npz,20,0.08528946366843729,200,0.9,0.10857827264157915,334,8.881784197001252e-15,111,10.0,/public/home/student090/quantum-pump-l8/runs/l8-allobs-20260728T230945/static/static_0111_U_p8d250000_t_p0d700000.npz,0.7,0.0005890885719592592,1,400
-1.236882376124701e-16,3.0,0.20135887370843575,8,0.0,-0.021436196312786968,8.25,0.005,/public/home/student090/quantum-pump-l8/runs/l8-ut-20260728T195000/stage10/pair_0111_U_p8d250000_t_p0d700000_N10.npz,20,-0.02046870327571088,1000,0.9,0.6540639914518342,335,4.085620730620576e-14,111,50.0,/public/home/student090/quantum-pump-l8/runs/l8-allobs-20260728T230945/static/static_0111_U_p8d250000_t_p0d700000.npz,0.7,0.0009674930370760886,1,2000
0.0,3.0,0.19192867973292715,8,0.0,0.2557955291681239,8.5,0.005,/public/home/student090/quantum-pump-l8/runs/l8-ut-20260728T195000/stage10/pair_0112_U_p8d500000_t_p0d700000_N10.npz,20,0.2557758179050927,40,0.9,0.043582296400597624,336,1.5543122344752192e-15,112,2.0,/public/home/student090/quantum-pump-l8/runs/l8-allobs-20260728T230945/static/static_0112_U_p8d500000_t_p0d700000.npz,0.7,1.9711263031241266e-05,1,80
0.0,3.0,0.19192867973292715,8,0.0,0.046708655584615504,8.5,0.005,/public/home/student090/quantum-pump-l8/runs/l8-ut-20260728T195000/stage10/pair_0112_U_p8d500000_t_p0d700000_N10.npz,20,0.0472438294853035,200,0.9,0.06549417629979418,337,2.0317081350640365e-14,112,10.0,/public/home/student090/quantum-pump-l8/runs/l8-allobs-20260728T230945/static/static_0112_U_p8d500000_t_p0d700000.npz,0.7,0.0005351739006879963,1,400
0.0,3.0,0.19192867973292715,8,0.0,-0.00034951554088002393,8.5,0.005,/public/home/student090/quantum-pump-l8/runs/l8-ut-20260728T195000/stage10/pair_0112_U_p8d500000_t_p0d700000_N10.npz,20,0.0005984402082565672,1000,0.9,0.47889816140299907,338,9.747758156208874e-14,112,50.0,/public/home/student090/quantum-pump-l8/runs/l8-allobs-20260728T230945/static/static_0112_U_p8d500000_t_p0d700000.npz,0.7,0.0009479557491365911,1,2000
1.3914926731402886e-16,3.0,0.18287909152428727,8,0.0,0.23857515403101265,8.75,0.005,/public/home/student090/quantum-pump-l8/runs/l8-ut-20260728T195000/stage10/pair_0113_U_p8d750000_t_p0d700000_N10.npz,20,0.238493403338099,40,0.9,0.04987965337990005,339,1.9984014443252818e-15,113,2.0,/public/home/student090/quantum-pump-l8/runs/l8-allobs-20260728T230945/static/static_0113_U_p8d750000_t_p0d700000.npz,0.7,8.175069291363468e-05,1,80
1.3914926731402886e-16,3.0,0.18287909152428727,8,0.0,0.03087035908044766,8.75,0.005,/public/home/student090/quantum-pump-l8/runs/l8-ut-20260728T195000/stage10/pair_0113_U_p8d750000_t_p0d700000_N10.npz,20,0.031367272336191035,200,0.9,0.03399046987005857,340,1.27675647831893e-14,113,10.0,/public/home/student090/quantum-pump-l8/runs/l8-allobs-20260728T230945/static/static_0113_U_p8d750000_t_p0d700000.npz,0.7,0.000496913255743376,1,400
1.3914926731402886e-16,3.0,0.18287909152428727,8,0.0,0.009195448156452077,8.75,0.005,/public/home/student090/quantum-pump-l8/runs/l8-ut-20260728T195000/stage10/pair_0113_U_p8d750000_t_p0d700000_N10.npz,20,0.010107767490593549,1000,0.9,0.28374113874271867,341,1.7208456881689926e-14,113,50.0,/public/home/student090/quantum-pump-l8/runs/l8-allobs-20260728T230945/static/static_0113_U_p8d750000_t_p0d700000.npz,0.7,0.0009123193341414714,1,2000
3.014900791803959e-16,3.0,0.17433693126613425,8,0.0,0.2200911796974623,9.0,0.005,/public/home/student090/quantum-pump-l8/runs/l8-ut-20260728T195000/stage10/pair_0114_U_p9d000000_t_p0d700000_N10.npz,20,0.2199598898914172,40,0.9,0.060431672740618586,342,5.10702591327572e-15,114,2.0,/public/home/student090/quantum-pump-l8/runs/l8-allobs-20260728T230945/static/static_0114_U_p9d000000_t_p0d700000.npz,0.7,0.00013128980604509843,1,80
3.014900791803959e-16,3.0,0.17433693126613425,8,0.0,0.02318326603352333,9.0,0.005,/public/home/student090/quantum-pump-l8/runs/l8-ut-20260728T195000/stage10/pair_0114_U_p9d000000_t_p0d700000_N10.npz,20,0.023632762016365307,200,0.9,0.015928412032901053,343,1.84297022087776e-14,114,10.0,/public/home/student090/quantum-pump-l8/runs/l8-allobs-20260728T230945/static/static_0114_U_p9d000000_t_p0d700000.npz,0.7,0.0004494959828419756,1,400
3.014900791803959e-16,3.0,0.17433693126613425,8,0.0,0.0036223489859597397,9.0,0.005,/public/home/student090/quantum-pump-l8/runs/l8-ut-20260728T195000/stage10/pair_0114_U_p9d000000_t_p0d700000_N10.npz,20,0.004500756037000339,1000,0.9,0.4583882872330889,344,1.5409895581797173e-13,114,50.0,/public/home/student090/quantum-pump-l8/runs/l8-allobs-20260728T230945/static/static_0114_U_p9d000000_t_p0d700000.npz,0.7,0.0008784070510405996,1,2000
6.6261555863823264e-18,3.0,0.16635528345378292,8,0.0,0.20088367415062225,9.25,0.005,/public/home/student090/quantum-pump-l8/runs/l8-ut-20260728T195000/stage10/pair_0115_U_p9d250000_t_p0d700000_N10.npz,20,0.200715821909241,40,0.9,0.07698930255862423,345,7.993605777301127e-15,115,2.0,/public/home/student090/quantum-pump-l8/runs/l8-allobs-20260728T230945/static/static_0115_U_p9d250000_t_p0d700000.npz,0.7,0.00016785224138124444,1,80
6.6261555863823264e-18,3.0,0.16635528345378292,8,0.0,0.0151011873008568,9.25,0.005,/public/home/student090/quantum-pump-l8/runs/l8-ut-20260728T195000/stage10/pair_0115_U_p9d250000_t_p0d700000_N10.npz,20,0.015523575726284117,200,0.9,0.005990720943583615,346,3.241851231905457e-14,115,10.0,/public/home/student090/quantum-pump-l8/runs/l8-allobs-20260728T230945/static/static_0115_U_p9d250000_t_p0d700000.npz,0.7,0.0004223884254273176,1,400
6.6261555863823264e-18,3.0,0.16635528345378292,8,0.0,-0.004901858317579509,9.25,0.005,/public/home/student090/quantum-pump-l8/runs/l8-ut-20260728T195000/stage10/pair_0115_U_p9d250000_t_p0d700000_N10.npz,20,-0.0040498946698206886,1000,0.9,0.866779313854879,347,1.7963408538435033e-13,115,50.0,/public/home/student090/quantum-pump-l8/runs/l8-allobs-20260728T230945/static/static_0115_U_p9d250000_t_p0d700000.npz,0.7,0.0008519636477588204,1,2000
-1.1485336349729365e-16,3.0,0.15894187383176672,8,0.0,0.18150567884057303,9.5,0.005,/public/home/student090/quantum-pump-l8/runs/l8-ut-20260728T195000/stage10/pair_0116_U_p9d500000_t_p0d700000_N10.npz,20,0.18131412650203083,40,0.9,0.10061298538250216,348,8.215650382226158e-15,116,2.0,/public/home/student090/quantum-pump-l8/runs/l8-allobs-20260728T230945/static/static_0116_U_p9d500000_t_p0d700000.npz,0.7,0.00019155233854220577,1,80
-1.1485336349729365e-16,3.0,0.15894187383176672,8,0.0,0.008835548373386438,9.5,0.005,/public/home/student090/quantum-pump-l8/runs/l8-ut-20260728T195000/stage10/pair_0116_U_p9d500000_t_p0d700000_N10.npz,20,0.009254542554856068,200,0.9,0.0029946092210374193,349,4.263256414560601e-14,116,10.0,/public/home/student090/quantum-pump-l8/runs/l8-allobs-20260728T230945/static/static_0116_U_p9d500000_t_p0d700000.npz,0.7,0.0004189941814696299,1,400
-1.1485336349729365e-16,3.0,0.15894187383176672,8,0.0,-0.005085928859890373,9.5,0.005,/public/home/student090/quantum-pump-l8/runs/l8-ut-20260728T195000/stage10/pair_0116_U_p9d500000_t_p0d700000_N10.npz,20,-0.004259884508679458,1000,0.9,0.9756735725093993,350,1.7741363933510002e-13,116,50.0,/public/home/student090/quantum-pump-l8/runs/l8-allobs-20260728T230945/static/static_0116_U_p9d500000_t_p0d700000.npz,0.7,0.0008260443512109151,1,2000
8.448348372637466e-17,3.0,0.15207827410380315,8,0.0,0.16247267418139358,9.75,0.005,/public/home/student090/quantum-pump-l8/runs/l8-ut-20260728T195000/stage10/pair_0117_U_p9d750000_t_p0d700000_N10.npz,20,0.1622696499415019,40,0.9,0.13158408734302335,351,4.884981308350689e-15,117,2.0,/public/home/student090/quantum-pump-l8/runs/l8-allobs-20260728T230945/static/static_0117_U_p9d750000_t_p0d700000.npz,0.7,0.00020302423989168594,1,80
8.448348372637466e-17,3.0,0.15207827410380315,8,0.0,0.004562104619067427,9.75,0.005,/public/home/student090/quantum-pump-l8/runs/l8-ut-20260728T195000/stage10/pair_0117_U_p9d750000_t_p0d700000_N10.npz,20,0.004978358720430953,200,0.9,0.006322904637537027,352,1.687538997430238e-14,117,10.0,/public/home/student090/quantum-pump-l8/runs/l8-allobs-20260728T230945/static/static_0117_U_p9d750000_t_p0d700000.npz,0.7,0.00041625410136352653,1,400
8.448348372637466e-17,3.0,0.15207827410380315,8,0.0,-0.0007039000916918194,9.75,0.005,/public/home/student090/quantum-pump-l8/runs/l8-ut-20260728T195000/stage10/pair_0117_U_p9d750000_t_p0d700000_N10.npz,20,9.196779359856849e-05,1000,0.9,0.6703287029646988,353,8.348877145181177e-14,117,50.0,/public/home/student090/quantum-pump-l8/runs/l8-allobs-20260728T230945/static/static_0117_U_p9d750000_t_p0d700000.npz,0.7,0.0007958678852903879,1,2000
-1.3528400988863916e-16,3.0,0.14573225224507103,8,0.0,0.1442228984963923,10.0,0.005,/public/home/student090/quantum-pump-l8/runs/l8-ut-20260728T195000/stage10/pair_0118_U_p10d000000_t_p0d700000_N10.npz,20,0.14401959238991227,40,0.9,0.16946771596226673,354,9.325873406851315e-15,118,2.0,/public/home/student090/quantum-pump-l8/runs/l8-allobs-20260728T230945/static/static_0118_U_p10d000000_t_p0d700000.npz,0.7,0.00020330610648003344,1,80
-1.3528400988863916e-16,3.0,0.14573225224507103,8,0.0,0.001519199559650495,10.0,0.005,/public/home/student090/quantum-pump-l8/runs/l8-ut-20260728T195000/stage10/pair_0118_U_p10d000000_t_p0d700000_N10.npz,20,0.0019263391960380274,200,0.9,0.013869253843309547,355,3.9190872769268026e-14,118,10.0,/public/home/student090/quantum-pump-l8/runs/l8-allobs-20260728T230945/static/static_0118_U_p10d000000_t_p0d700000.npz,0.7,0.00040713963638753245,1,400
-1.3528400988863916e-16,3.0,0.14573225224507103,8,0.0,0.0010386305403327024,10.0,0.005,/public/home/student090/quantum-pump-l8/runs/l8-ut-20260728T195000/stage10/pair_0118_U_p10d000000_t_p0d700000_N10.npz,20,0.0018049178885099887,1000,0.9,0.3383767237519362,356,2.0228263508670352e-13,118,50.0,/public/home/student090/quantum-pump-l8/runs/l8-allobs-20260728T230945/static/static_0118_U_p10d000000_t_p0d700000.npz,0.7,0.0007662873481772863,1,2000
-2.7608981609926363e-18,3.0,0.10908371430554809,8,0.0,0.0452571646942355,12.0,0.005,/public/home/student090/quantum-pump-l8/runs/l8-ut-20260728T195000/stage10/pair_0119_U_p12d000000_t_p0d700000_N10.npz,20,0.04528451381346074,40,0.9,0.5483551280269543,357,7.438494264988549e-15,119,2.0,/public/home/student090/quantum-pump-l8/runs/l8-allobs-20260728T230945/static/static_0119_U_p12d000000_t_p0d700000.npz,0.7,2.734911922524369e-05,1,80
-2.7608981609926363e-18,3.0,0.10908371430554809,8,0.0,8.670808381457836e-05,12.0,0.005,/public/home/student090/quantum-pump-l8/runs/l8-ut-20260728T195000/stage10/pair_0119_U_p12d000000_t_p0d700000_N10.npz,20,0.000418533031685963,200,0.9,0.062907257016928,358,4.118927421359331e-14,119,10.0,/public/home/student090/quantum-pump-l8/runs/l8-allobs-20260728T230945/static/static_0119_U_p12d000000_t_p0d700000.npz,0.7,0.00033182494787138467,1,400
-2.7608981609926363e-18,3.0,0.10908371430554809,8,0.0,7.16985005493409e-05,12.0,0.005,/public/home/student090/quantum-pump-l8/runs/l8-ut-20260728T195000/stage10/pair_0119_U_p12d000000_t_p0d700000_N10.npz,20,0.0006522850828954102,1000,0.9,0.2121930614147849,359,1.8907098109366416e-13,119,50.0,/public/home/student090/quantum-pump-l8/runs/l8-allobs-20260728T230945/static/static_0119_U_p12d000000_t_p0d700000.npz,0.7,0.0005805865823460693,1,2000
3.119814921921679e-17,3.0,0.0733579284607272,8,0.0,0.000908765411924949,16.0,0.005,/public/home/student090/quantum-pump-l8/runs/l8-ut-20260728T195000/stage10/pair_0120_U_p16d000000_t_p0d700000_N10.npz,20,0.0011682606077535423,40,0.9,0.8432550438103583,360,8.43769498715119e-15,120,2.0,/public/home/student090/quantum-pump-l8/runs/l8-allobs-20260728T230945/static/static_0120_U_p16d000000_t_p0d700000.npz,0.7,0.00025949519582859335,1,80
3.119814921921679e-17,3.0,0.0733579284607272,8,0.0,7.934228048369268e-05,16.0,0.005,/public/home/student090/quantum-pump-l8/runs/l8-ut-20260728T195000/stage10/pair_0120_U_p16d000000_t_p0d700000_N10.npz,20,0.0003287273268653612,200,0.9,1.8616776304292882e-05,361,5.0182080713057076e-14,120,10.0,/public/home/student090/quantum-pump-l8/runs/l8-allobs-20260728T230945/static/static_0120_U_p16d000000_t_p0d700000.npz,0.7,0.0002493850463816685,1,400
3.119814921921679e-17,3.0,0.0733579284607272,8,0.0,0.00011487972040037424,16.0,0.005,/public/home/student090/quantum-pump-l8/runs/l8-ut-20260728T195000/stage10/pair_0120_U_p16d000000_t_p0d700000_N10.npz,20,0.00048596645372754507,1000,0.9,0.18125757045110008,362,2.5979218776228663e-13,120,50.0,/public/home/student090/quantum-pump-l8/runs/l8-allobs-20260728T230945/static/static_0120_U_p16d000000_t_p0d700000.npz,0.7,0.0003710867333271708,1,2000
-2.7795342235793363e-16,3.0,0.0453066072492645,8,0.0,3.331135390175774e-05,24.0,0.005,/public/home/student090/quantum-pump-l8/runs/l8-ut-20260728T195000/stage10/pair_0121_U_p24d000000_t_p0d700000_N10.npz,20,0.00020943684114393016,40,0.9,0.9342773468585959,363,4.884981308350689e-15,121,2.0,/public/home/student090/quantum-pump-l8/runs/l8-allobs-20260728T230945/static/static_0121_U_p24d000000_t_p0d700000.npz,0.7,0.00017612548724217243,1,80
-2.7795342235793363e-16,3.0,0.0453066072492645,8,0.0,5.34724886346999e-05,24.0,0.005,/public/home/student090/quantum-pump-l8/runs/l8-ut-20260728T195000/stage10/pair_0121_U_p24d000000_t_p0d700000_N10.npz,20,0.00022803720734560615,200,0.9,0.17983501176878508,364,1.4654943925052066e-14,121,10.0,/public/home/student090/quantum-pump-l8/runs/l8-allobs-20260728T230945/static/static_0121_U_p24d000000_t_p0d700000.npz,0.7,0.00017456471871090626,1,400
-2.7795342235793363e-16,3.0,0.0453066072492645,8,0.0,6.638756435090714e-05,24.0,0.005,/public/home/student090/quantum-pump-l8/runs/l8-ut-20260728T195000/stage10/pair_0121_U_p24d000000_t_p0d700000_N10.npz,20,0.00028410736996184563,1000,0.9,0.3831912916037066,365,6.994405055138486e-14,121,50.0,/public/home/student090/quantum-pump-l8/runs/l8-allobs-20260728T230945/static/static_0121_U_p24d000000_t_p0d700000.npz,0.7,0.00021771980561093848,1,2000
1.5864811057603934e-16,3.0,0.0330991622172766,8,0.0,4.881219701165379e-05,32.0,0.005,/public/home/student090/quantum-pump-l8/runs/l8-allobs-20260728T230945/chern10/pair_0122_U_p32d000000_t_p0d700000_N10.npz,20,0.00019063911297172216,40,0.9,0.9632292096878143,366,6.8833827526759706e-15,122,2.0,/public/home/student090/quantum-pump-l8/runs/l8-allobs-20260728T230945/static/static_0122_U_p32d000000_t_p0d700000.npz,0.7,0.00014182691596006838,1,80
1.5864811057603934e-16,3.0,0.0330991622172766,8,0.0,4.048915069367683e-05,32.0,0.005,/public/home/student090/quantum-pump-l8/runs/l8-allobs-20260728T230945/chern10/pair_0122_U_p32d000000_t_p0d700000_N10.npz,20,0.00018263251554901774,200,0.9,0.39733895621394416,367,6.8833827526759706e-15,122,10.0,/public/home/student090/quantum-pump-l8/runs/l8-allobs-20260728T230945/static/static_0122_U_p32d000000_t_p0d700000.npz,0.7,0.0001421433648553409,1,400
1.5864811057603934e-16,3.0,0.0330991622172766,8,0.0,4.6219708040340204e-05,32.0,0.005,/public/home/student090/quantum-pump-l8/runs/l8-allobs-20260728T230945/chern10/pair_0122_U_p32d000000_t_p0d700000_N10.npz,20,0.00020675380424970232,1000,0.9,0.6435807758902639,368,1.3877787807814457e-14,122,50.0,/public/home/student090/quantum-pump-l8/runs/l8-allobs-20260728T230945/static/static_0122_U_p32d000000_t_p0d700000.npz,0.7,0.0001605340962093621,1,2000
2.0000000000000004,3.0,0.35663794558973905,8,2.0,0.00045566010230448453,-32.0,0.005,/public/home/student090/quantum-pump-l8/runs/l8-allobs-20260728T230945/chern10/pair_0123_U_neg32d000000_t_p0d800000_N10.npz,20,0.0006215932378916461,40,0.9,0.9644038580436545,369,1.5543122344752192e-15,123,2.0,/public/home/student090/quantum-pump-l8/runs/l8-allobs-20260728T230945/static/static_0123_U_neg32d000000_t_p0d800000.npz,0.8,0.00016593313558716156,1,80
2.0000000000000004,3.0,0.35663794558973905,8,2.0,0.006037985319131088,-32.0,0.005,/public/home/student090/quantum-pump-l8/runs/l8-allobs-20260728T230945/chern10/pair_0123_U_neg32d000000_t_p0d800000_N10.npz,20,0.006209696869504025,200,0.9,0.5965530952420124,370,2.55351295663786e-15,123,10.0,/public/home/student090/quantum-pump-l8/runs/l8-allobs-20260728T230945/static/static_0123_U_neg32d000000_t_p0d800000.npz,0.8,0.00017171155037293707,1,400
2.0000000000000004,3.0,0.35663794558973905,8,2.0,0.06395619678424393,-32.0,0.005,/public/home/student090/quantum-pump-l8/runs/l8-allobs-20260728T230945/chern10/pair_0123_U_neg32d000000_t_p0d800000_N10.npz,20,0.06417186754384037,1000,0.9,0.5795638599706597,371,1.9095836023552692e-14,123,50.0,/public/home/student090/quantum-pump-l8/runs/l8-allobs-20260728T230945/static/static_0123_U_neg32d000000_t_p0d800000.npz,0.8,0.00021567075959644244,1,2000
2.0000000000000004,3.0,0.4715409137551916,8,1.9999999999999993,0.0010872854362922726,-24.0,0.005,/public/home/student090/quantum-pump-l8/runs/l8-allobs-20260728T230945/chern10/pair_0124_U_neg24d000000_t_p0d800000_N10.npz,20,0.001295339692303654,40,0.9,0.9373879332734458,372,4.218847493575595e-15,124,2.0,/public/home/student090/quantum-pump-l8/runs/l8-allobs-20260728T230945/static/static_0124_U_neg24d000000_t_p0d800000.npz,0.8,0.00020805425601138142,1,80
2.0000000000000004,3.0,0.4715409137551916,8,1.9999999999999993,0.013662618669875566,-24.0,0.005,/public/home/student090/quantum-pump-l8/runs/l8-allobs-20260728T230945/chern10/pair_0124_U_neg24d000000_t_p0d800000_N10.npz,20,0.013884326464848471,200,0.9,0.4116646703628401,373,1.9984014443252818e-14,124,10.0,/public/home/student090/quantum-pump-l8/runs/l8-allobs-20260728T230945/static/static_0124_U_neg24d000000_t_p0d800000.npz,0.8,0.00022170779497290502,1,400
2.0000000000000004,3.0,0.4715409137551916,8,1.9999999999999993,0.13779031676772177,-24.0,0.005,/public/home/student090/quantum-pump-l8/runs/l8-allobs-20260728T230945/chern10/pair_0124_U_neg24d000000_t_p0d800000_N10.npz,20,0.13810181663061477,1000,0.9,0.12060722335279393,374,9.08162434143378e-14,124,50.0,/public/home/student090/quantum-pump-l8/runs/l8-allobs-20260728T230945/static/static_0124_U_neg24d000000_t_p0d800000.npz,0.8,0.0003114998628929999,1,2000
2.0000000000000004,3.0,0.6912905638603348,8,1.9999999999999996,0.0057963887202501455,-16.0,0.005,/public/home/student090/quantum-pump-l8/runs/l8-ut-20260728T195000/stage10/pair_0125_U_neg16d000000_t_p0d800000_N10.npz,20,0.006105757151086728,40,0.9,0.8436428611887873,375,7.549516567451064e-15,125,2.0,/public/home/student090/quantum-pump-l8/runs/l8-allobs-20260728T230945/static/static_0125_U_neg16d000000_t_p0d800000.npz,0.8,0.0003093684308365825,1,80
2.0000000000000004,3.0,0.6912905638603348,8,1.9999999999999996,0.045832449714289236,-16.0,0.005,/public/home/student090/quantum-pump-l8/runs/l8-ut-20260728T195000/stage10/pair_0125_U_neg16d000000_t_p0d800000_N10.npz,20,0.04619343846838803,200,0.9,0.1836409093966565,376,4.085620730620576e-14,125,10.0,/public/home/student090/quantum-pump-l8/runs/l8-allobs-20260728T230945/static/static_0125_U_neg16d000000_t_p0d800000.npz,0.8,0.0003609887540987969,1,400
2.0000000000000004,3.0,0.6912905638603348,8,1.9999999999999996,0.39096317988298146,-16.0,0.005,/public/home/student090/quantum-pump-l8/runs/l8-ut-20260728T195000/stage10/pair_0125_U_neg16d000000_t_p0d800000_N10.npz,20,0.391545733023409,1000,0.9,0.13568479645282028,377,1.9095836023552692e-13,125,50.0,/public/home/student090/quantum-pump-l8/runs/l8-allobs-20260728T230945/static/static_0125_U_neg16d000000_t_p0d800000.npz,0.8,0.0005825531404275441,1,2000
2.0,3.0,0.8947340937209063,8,2.0,0.011577004090609603,-12.0,0.005,/public/home/student090/quantum-pump-l8/runs/l8-ut-20260728T195000/stage10/pair_0126_U_neg12d000000_t_p0d800000_N10.npz,20,0.012021866460545727,40,0.9,0.637865978605334,378,8.104628079763643e-15,126,2.0,/public/home/student090/quantum-pump-l8/runs/l8-allobs-20260728T230945/static/static_0126_U_neg12d000000_t_p0d800000.npz,0.8,0.00044486236993612413,1,80
2.0,3.0,0.8947340937209063,8,2.0,0.186812817782679,-12.0,0.005,/public/home/student090/quantum-pump-l8/runs/l8-ut-20260728T195000/stage10/pair_0126_U_neg12d000000_t_p0d800000_N10.npz,20,0.18736379368026604,200,0.9,0.06903590485667517,379,3.4638958368304884e-14,126,10.0,/public/home/student090/quantum-pump-l8/runs/l8-allobs-20260728T230945/static/static_0126_U_neg12d000000_t_p0d800000.npz,0.8,0.0005509758975870416,1,400
2.0,3.0,0.8947340937209063,8,2.0,0.7244909025286138,-12.0,0.005,/public/home/student090/quantum-pump-l8/runs/l8-ut-20260728T195000/stage10/pair_0126_U_neg12d000000_t_p0d800000_N10.npz,20,0.7254096341657464,1000,0.9,0.03398558485104822,380,1.5920598173124745e-13,126,50.0,/public/home/student090/quantum-pump-l8/runs/l8-allobs-20260728T230945/static/static_0126_U_neg12d000000_t_p0d800000.npz,0.8,0.0009187316371326304,1,2000
2.0,3.0,1.247264034558043,8,2.0,0.1120132139912866,-8.0,0.005,/public/home/student090/quantum-pump-l8/runs/l8-ut-20260728T195000/stage10/pair_0127_U_neg8d000000_t_p0d800000_N10.npz,20,0.1126223232446489,40,0.9,0.14837416021850341,381,1.9984014443252818e-15,127,2.0,/public/home/student090/quantum-pump-l8/runs/l8-allobs-20260728T230945/static/static_0127_U_neg8d000000_t_p0d800000.npz,0.8,0.0006091092533622999,1,80
2.0,3.0,1.247264034558043,8,2.0,0.2613076835344602,-8.0,0.005,/public/home/student090/quantum-pump-l8/runs/l8-ut-20260728T195000/stage10/pair_0127_U_neg8d000000_t_p0d800000_N10.npz,20,0.2622576309711639,200,0.9,0.1272396045278243,382,4.6629367034256575e-15,127,10.0,/public/home/student090/quantum-pump-l8/runs/l8-allobs-20260728T230945/static/static_0127_U_neg8d000000_t_p0d800000.npz,0.8,0.0009499474367036798,1,400
2.0,3.0,1.247264034558043,8,2.0,1.262992009993035,-8.0,0.005,/public/home/student090/quantum-pump-l8/runs/l8-ut-20260728T195000/stage10/pair_0127_U_neg8d000000_t_p0d800000_N10.npz,20,1.2644517974519103,1000,0.9,0.18449264423428768,383,1.0436096431476471e-14,127,50.0,/public/home/student090/quantum-pump-l8/runs/l8-allobs-20260728T230945/static/static_0127_U_neg8d000000_t_p0d800000.npz,0.8,0.0014597874588753168,1,2000
2.0,3.0,1.530843357702409,8,2.0000000000000004,0.21889718231582936,-6.0,0.005,/public/home/student090/quantum-pump-l8/runs/l8-ut-20260728T195000/stage10/pair_0128_U_neg6d000000_t_p0d800000_N10.npz,20,0.21998532436290286,40,0.9,0.009532921557784343,384,7.66053886991358e-15,128,2.0,/public/home/student090/quantum-pump-l8/runs/l8-allobs-20260728T230945/static/static_0128_U_neg6d000000_t_p0d800000.npz,0.8,0.0010881420470734982,1,80
2.0,3.0,1.530843357702409,8,2.0000000000000004,0.8023840450596165,-6.0,0.005,/public/home/student090/quantum-pump-l8/runs/l8-ut-20260728T195000/stage10/pair_0128_U_neg6d000000_t_p0d800000_N10.npz,20,0.8037825951604848,200,0.9,0.016594842749799773,385,3.574918139293004e-14,128,10.0,/public/home/student090/quantum-pump-l8/runs/l8-allobs-20260728T230945/static/static_0128_U_neg6d000000_t_p0d800000.npz,0.8,0.001398550100868312,1,400
2.0,3.0,1.530843357702409,8,2.0000000000000004,1.5717583255607497,-6.0,0.005,/public/home/student090/quantum-pump-l8/runs/l8-ut-20260728T195000/stage10/pair_0128_U_neg6d000000_t_p0d800000_N10.npz,20,1.5736209914197257,1000,0.9,0.3432656463840895,386,1.6575629757653587e-13,128,50.0,/public/home/student090/quantum-pump-l8/runs/l8-allobs-20260728T230945/static/static_0128_U_neg6d000000_t_p0d800000.npz,0.8,0.001862665858975987,1,2000
2.0000000000000004,3.0,1.9387829460602752,8,1.9999999999999996,0.46817149278436954,-4.0,0.005,/public/home/student090/quantum-pump-l8/runs/l8-ut-20260728T195000/stage10/pair_0129_U_neg4d000000_t_p0d800000_N10.npz,10,0.47014326719151023,40,0.9,0.004611820995821181,387,1.7763568394002505e-15,129,2.0,/public/home/student090/quantum-pump-l8/runs/l8-allobs-20260728T230945/static/static_0129_U_neg4d000000_t_p0d800000.npz,0.8,0.0019717744071406917,1,80
2.0000000000000004,3.0,1.9387829460602752,8,1.9999999999999996,1.2791540575336744,-4.0,0.005,/public/home/student090/quantum-pump-l8/runs/l8-ut-20260728T195000/stage10/pair_0129_U_neg4d000000_t_p0d800000_N10.npz,10,1.2810877498782842,200,0.9,0.008726590817104201,388,9.992007221626409e-15,129,10.0,/public/home/student090/quantum-pump-l8/runs/l8-allobs-20260728T230945/static/static_0129_U_neg4d000000_t_p0d800000.npz,0.8,0.0019336923446098275,1,400
2.0000000000000004,3.0,1.9387829460602752,8,1.9999999999999996,1.8913020137476144,-4.0,0.005,/public/home/student090/quantum-pump-l8/runs/l8-ut-20260728T195000/stage10/pair_0129_U_neg4d000000_t_p0d800000_N10.npz,10,1.893567275597029,1000,0.9,0.7337061626094333,389,4.6629367034256575e-14,129,50.0,/public/home/student090/quantum-pump-l8/runs/l8-allobs-20260728T230945/static/static_0129_U_neg4d000000_t_p0d800000.npz,0.8,0.002265261849414557,1,2000
2.0,3.0,2.5291935417100273,8,1.9999999999999998,0.7584289954139054,-2.0,0.005,/public/home/student090/quantum-pump-l8/runs/l8-ut-20260728T195000/stage10/pair_0130_U_neg2d000000_t_p0d800000_N10.npz,10,0.7611348857961859,40,0.9,0.005627168446216792,390,5.995204332975845e-15,130,2.0,/public/home/student090/quantum-pump-l8/runs/l8-allobs-20260728T230945/static/static_0130_U_neg2d000000_t_p0d800000.npz,0.8,0.002705890382280529,1,80
2.0,3.0,2.5291935417100273,8,1.9999999999999998,1.5668333987988474,-2.0,0.005,/public/home/student090/quantum-pump-l8/runs/l8-ut-20260728T195000/stage10/pair_0130_U_neg2d000000_t_p0d800000_N10.npz,10,1.5692366024848492,200,0.9,0.10265679612399341,391,2.4646951146678475e-14,130,10.0,/public/home/student090/quantum-pump-l8/runs/l8-allobs-20260728T230945/static/static_0130_U_neg2d000000_t_p0d800000.npz,0.8,0.002403203686001776,1,400
2.0,3.0,2.5291935417100273,8,1.9999999999999998,1.973038079938851,-2.0,0.005,/public/home/student090/quantum-pump-l8/runs/l8-ut-20260728T195000/stage10/pair_0130_U_neg2d000000_t_p0d800000_N10.npz,10,1.9756069036988777,1000,0.9,0.9119740648150139,392,1.2501111257279263e-13,130,50.0,/public/home/student090/quantum-pump-l8/runs/l8-allobs-20260728T230945/static/static_0130_U_neg2d000000_t_p0d800000.npz,0.8,0.0025688237600267616,1,2000
2.0,3.0,3.199999999999971,8,2.0,1.0072080202407965,0.0,0.005,/public/home/student090/quantum-pump-l8/runs/l8-ut-20260728T195000/stage10/pair_0131_U_p0d000000_t_p0d800000_N10.npz,10,1.01099380630127,40,0.9,0.0029867545829632652,393,3.3306690738754696e-15,131,2.0,/public/home/student090/quantum-pump-l8/runs/l8-allobs-20260728T230945/static/static_0131_U_p0d000000_t_p0d800000.npz,0.8,0.0037857860604735283,1,80
2.0,3.0,3.199999999999971,8,2.0,1.8786077984792586,0.0,0.005,/public/home/student090/quantum-pump-l8/runs/l8-ut-20260728T195000/stage10/pair_0131_U_p0d000000_t_p0d800000_N10.npz,10,1.8815404170061394,200,0.9,0.5775250588702399,394,7.549516567451064e-15,131,10.0,/public/home/student090/quantum-pump-l8/runs/l8-allobs-20260728T230945/static/static_0131_U_p0d000000_t_p0d800000.npz,0.8,0.002932618526880759,1,400
2.0,3.0,3.199999999999971,8,2.0,1.9954589202300628,0.0,0.005,/public/home/student090/quantum-pump-l8/runs/l8-ut-20260728T195000/stage10/pair_0131_U_p0d000000_t_p0d800000_N10.npz,10,1.9982854468528184,1000,0.9,0.9799580166488296,395,3.0531133177191805e-14,131,50.0,/public/home/student090/quantum-pump-l8/runs/l8-allobs-20260728T230945/static/static_0131_U_p0d000000_t_p0d800000.npz,0.8,0.0028265266227556207,1,2000
1.9999999999999998,3.0,2.5291935417101072,8,1.9999999999999996,1.0458822472598681,2.0,0.005,/public/home/student090/quantum-pump-l8/runs/l8-ut-20260728T195000/stage10/pair_0132_U_p2d000000_t_p0d800000_N10.npz,10,1.0496998222126175,40,0.9,0.020245794198731796,396,5.995204332975845e-15,132,2.0,/public/home/student090/quantum-pump-l8/runs/l8-allobs-20260728T230945/static/static_0132_U_p2d000000_t_p0d800000.npz,0.8,0.0038175749527493696,1,80
1.9999999999999998,3.0,2.5291935417101072,8,1.9999999999999996,1.9804812772602272,2.0,0.005,/public/home/student090/quantum-pump-l8/runs/l8-ut-20260728T195000/stage10/pair_0132_U_p2d000000_t_p0d800000_N10.npz,10,1.9835248118554678,200,0.9,0.9156315346469487,397,2.731148640577885e-14,132,10.0,/public/home/student090/quantum-pump-l8/runs/l8-allobs-20260728T230945/static/static_0132_U_p2d000000_t_p0d800000.npz,0.8,0.003043534595240649,1,400
1.9999999999999998,3.0,2.5291935417101072,8,1.9999999999999996,2.0035757766598596,2.0,0.005,/public/home/student090/quantum-pump-l8/runs/l8-ut-20260728T195000/stage10/pair_0132_U_p2d000000_t_p0d800000_N10.npz,10,2.00652356750487,1000,0.9,0.9951490480929325,398,1.2101430968414206e-13,132,50.0,/public/home/student090/quantum-pump-l8/runs/l8-allobs-20260728T230945/static/static_0132_U_p2d000000_t_p0d800000.npz,0.8,0.0029477908450101786,1,2000
2.0000000000000004,3.0,1.9387829460602406,8,2.0000000000000004,0.7266689461347172,4.0,0.005,/public/home/student090/quantum-pump-l8/runs/l8-ut-20260728T195000/stage10/pair_0133_U_p4d000000_t_p0d800000_N10.npz,10,0.7288311245527941,40,0.9,0.0004778972130271513,399,1.5543122344752192e-15,133,2.0,/public/home/student090/quantum-pump-l8/runs/l8-allobs-20260728T230945/static/static_0133_U_p4d000000_t_p0d800000.npz,0.8,0.0021621784180768655,1,80
2.0000000000000004,3.0,1.9387829460602406,8,2.0000000000000004,1.9956891430798391,4.0,0.005,/public/home/student090/quantum-pump-l8/runs/l8-ut-20260728T195000/stage10/pair_0133_U_p4d000000_t_p0d800000_N10.npz,10,1.998582341757945,200,0.9,0.9868113132362879,400,1.1546319456101628e-14,133,10.0,/public/home/student090/quantum-pump-l8/runs/l8-allobs-20260728T230945/static/static_0133_U_p4d000000_t_p0d800000.npz,0.8,0.0028931986781057795,1,400
2.0000000000000004,3.0,1.9387829460602406,8,2.0000000000000004,2.0183391261906407,4.0,0.005,/public/home/student090/quantum-pump-l8/runs/l8-ut-20260728T195000/stage10/pair_0133_U_p4d000000_t_p0d800000_N10.npz,10,2.0211974659236374,1000,0.9,0.9987397739852848,401,5.362377208939506e-14,133,50.0,/public/home/student090/quantum-pump-l8/runs/l8-allobs-20260728T230945/static/static_0133_U_p4d000000_t_p0d800000.npz,0.8,0.002858339732996651,1,2000
1.9999999999999998,3.0,1.8790620854014417,8,1.9999999999999998,0.6789003736084644,4.25,0.005,/public/home/student090/quantum-pump-l8/runs/l8-ut-20260728T195000/stage10/pair_0134_U_p4d250000_t_p0d800000_N10.npz,10,0.6808606218908497,40,0.9,0.00018231514738890978,402,3.552713678800501e-15,134,2.0,/public/home/student090/quantum-pump-l8/runs/l8-allobs-20260728T230945/static/static_0134_U_p4d250000_t_p0d800000.npz,0.8,0.0019602482823852796,1,80
1.9999999999999998,3.0,1.8790620854014417,8,1.9999999999999998,1.988399962278377,4.25,0.005,/public/home/student090/quantum-pump-l8/runs/l8-ut-20260728T195000/stage10/pair_0134_U_p4d250000_t_p0d800000_N10.npz,10,1.9912050305623914,200,0.9,0.9539982398911259,403,3.7192471324942744e-14,134,10.0,/public/home/student090/quantum-pump-l8/runs/l8-allobs-20260728T230945/static/static_0134_U_p4d250000_t_p0d800000.npz,0.8,0.0028050682840143892,1,400
1.9999999999999998,3.0,1.8790620854014417,8,1.9999999999999998,2.0262545158387395,4.25,0.005,/public/home/student090/quantum-pump-l8/runs/l8-ut-20260728T195000/stage10/pair_0134_U_p4d250000_t_p0d800000_N10.npz,10,2.0290796750607014,1000,0.9,0.9987436518795101,404,1.8762769116165146e-13,134,50.0,/public/home/student090/quantum-pump-l8/runs/l8-allobs-20260728T230945/static/static_0134_U_p4d250000_t_p0d800000.npz,0.8,0.002825159221961915,1,2000
1.9999999999999998,3.0,1.8220814426770282,8,2.0000000000000004,0.633510415176352,4.5,0.005,/public/home/student090/quantum-pump-l8/runs/l8-ut-20260728T195000/stage10/pair_0135_U_p4d500000_t_p0d800000_N10.npz,10,0.6352832062216804,40,0.9,0.00039727538510219356,405,8.326672684688674e-15,135,2.0,/public/home/student090/quantum-pump-l8/runs/l8-allobs-20260728T230945/static/static_0135_U_p4d500000_t_p0d800000.npz,0.8,0.001772791045328459,1,80
1.9999999999999998,3.0,1.8220814426770282,8,2.0000000000000004,1.9583170447264264,4.5,0.005,/public/home/student090/quantum-pump-l8/runs/l8-ut-20260728T195000/stage10/pair_0135_U_p4d500000_t_p0d800000_N10.npz,10,1.9609923558729414,200,0.9,0.8596378223423444,406,5.395683899678261e-14,135,10.0,/public/home/student090/quantum-pump-l8/runs/l8-allobs-20260728T230945/static/static_0135_U_p4d500000_t_p0d800000.npz,0.8,0.0026753111465149804,1,400
1.9999999999999998,3.0,1.8220814426770282,8,2.0000000000000004,2.0374531434586007,4.5,0.005,/public/home/student090/quantum-pump-l8/runs/l8-ut-20260728T195000/stage10/pair_0135_U_p4d500000_t_p0d800000_N10.npz,10,2.04024154302741,1000,0.9,0.9994676348726172,407,2.8321789358187743e-13,135,50.0,/public/home/student090/quantum-pump-l8/runs/l8-allobs-20260728T230945/static/static_0135_U_p4d500000_t_p0d800000.npz,0.8,0.0027883995688093854,1,2000
2.0000000000000004,3.0,1.7677148483464658,8,2.0,0.591445577558563,4.75,0.005,/public/home/student090/quantum-pump-l8/runs/l8-ut-20260728T195000/stage10/pair_0136_U_p4d750000_t_p0d800000_N10.npz,10,0.5930459808017067,40,0.9,0.000765717140476271,408,6.661338147750939e-15,136,2.0,/public/home/student090/quantum-pump-l8/runs/l8-allobs-20260728T230945/static/static_0136_U_p4d750000_t_p0d800000.npz,0.8,0.0016004032431436999,1,80
2.0000000000000004,3.0,1.7677148483464658,8,2.0,1.8915791919255107,4.75,0.005,/public/home/student090/quantum-pump-l8/runs/l8-ut-20260728T195000/stage10/pair_0136_U_p4d750000_t_p0d800000_N10.npz,10,1.8940826519066456,200,0.9,0.6874129234066925,409,1.554312234475219e-14,136,10.0,/public/home/student090/quantum-pump-l8/runs/l8-allobs-20260728T230945/static/static_0136_U_p4d750000_t_p0d800000.npz,0.8,0.0025034599811348812,1,400
2.0000000000000004,3.0,1.7677148483464658,8,2.0,2.053404192698046,4.75,0.005,/public/home/student090/quantum-pump-l8/runs/l8-ut-20260728T195000/stage10/pair_0136_U_p4d750000_t_p0d800000_N10.npz,10,2.056153387841956,1000,0.9,0.9997535413308676,410,5.218048215738236e-14,136,50.0,/public/home/student090/quantum-pump-l8/runs/l8-allobs-20260728T230945/static/static_0136_U_p4d750000_t_p0d800000.npz,0.8,0.0027491951439100326,1,2000
2.0000000000000004,3.0,1.7158378076541965,8,2.0,0.5533844894051656,5.0,0.005,/public/home/student090/quantum-pump-l8/runs/l8-ut-20260728T195000/stage10/pair_0137_U_p5d000000_t_p0d800000_N10.npz,10,0.5548269501415571,40,0.9,0.0014027759465125346,411,8.992806499463768e-15,137,2.0,/public/home/student090/quantum-pump-l8/runs/l8-allobs-20260728T230945/static/static_0137_U_p5d000000_t_p0d800000.npz,0.8,0.0014424607363915376,1,80
2.0000000000000004,3.0,1.7158378076541965,8,2.0,1.779162899994119,5.0,0.005,/public/home/student090/quantum-pump-l8/runs/l8-ut-20260728T195000/stage10/pair_0137_U_p5d000000_t_p0d800000_N10.npz,10,1.7814686506886745,200,0.9,0.45388669200967796,412,5.440092820663267e-14,137,10.0,/public/home/student090/quantum-pump-l8/runs/l8-allobs-20260728T230945/static/static_0137_U_p5d000000_t_p0d800000.npz,0.8,0.0023057506945556305,1,400
2.0000000000000004,3.0,1.7158378076541965,8,2.0,2.0764583549222255,5.0,0.005,/public/home/student090/quantum-pump-l8/runs/l8-ut-20260728T195000/stage10/pair_0137_U_p5d000000_t_p0d800000_N10.npz,10,2.0791618548390023,1000,0.9,0.9994953105317014,413,3.0675462170393075e-13,137,50.0,/public/home/student090/quantum-pump-l8/runs/l8-allobs-20260728T230945/static/static_0137_U_p5d000000_t_p0d800000.npz,0.8,0.0027034999167767637,1,2000
1.9999999999999998,3.0,1.6663285074172647,8,2.0,0.5197038973172302,5.25,0.005,/public/home/student090/quantum-pump-l8/runs/l8-ut-20260728T195000/stage10/pair_0138_U_p5d250000_t_p0d800000_N10.npz,10,0.5210012867098105,40,0.9,0.002383594157798804,414,9.2148511043888e-15,138,2.0,/public/home/student090/quantum-pump-l8/runs/l8-allobs-20260728T230945/static/static_0138_U_p5d250000_t_p0d800000.npz,0.8,0.0012973893925802837,1,80
1.9999999999999998,3.0,1.6663285074172647,8,2.0,1.6251480883816443,5.25,0.005,/public/home/student090/quantum-pump-l8/runs/l8-ut-20260728T195000/stage10/pair_0138_U_p5d250000_t_p0d800000_N10.npz,10,1.6272565851055438,200,0.9,0.2172788778346343,415,5.67323965583455e-14,138,10.0,/public/home/student090/quantum-pump-l8/runs/l8-allobs-20260728T230945/static/static_0138_U_p5d250000_t_p0d800000.npz,0.8,0.0021084967238995667,1,400
1.9999999999999998,3.0,1.6663285074172647,8,2.0,2.1057591554888906,5.25,0.005,/public/home/student090/quantum-pump-l8/runs/l8-ut-20260728T195000/stage10/pair_0138_U_p5d250000_t_p0d800000_N10.npz,10,2.108408054903864,1000,0.9,0.9966806107334839,416,3.269606807521086e-13,138,50.0,/public/home/student090/quantum-pump-l8/runs/l8-allobs-20260728T230945/static/static_0138_U_p5d250000_t_p0d800000.npz,0.8,0.0026488994149733713,1,2000
1.9999999999999998,3.0,1.5654169844274781,8,2.0,0.4904693416506286,5.5,0.005,/public/home/student090/quantum-pump-l8/runs/l8-ut-20260728T195000/stage10/pair_0139_U_p5d500000_t_p0d800000_N10.npz,10,0.49163235255824955,40,0.9,0.0033085065761433497,417,7.105427357601002e-15,139,2.0,/public/home/student090/quantum-pump-l8/runs/l8-allobs-20260728T230945/static/static_0139_U_p5d500000_t_p0d800000.npz,0.8,0.0011630109076209427,1,80
1.9999999999999998,3.0,1.5654169844274781,8,2.0,1.4508533814856415,5.5,0.005,/public/home/student090/quantum-pump-l8/runs/l8-ut-20260728T195000/stage10/pair_0139_U_p5d500000_t_p0d800000_N10.npz,10,1.4527844952064697,200,0.9,0.05432342649446588,418,2.353672812205332e-14,139,10.0,/public/home/student090/quantum-pump-l8/runs/l8-allobs-20260728T230945/static/static_0139_U_p5d500000_t_p0d800000.npz,0.8,0.0019311137208282148,1,400
1.9999999999999998,3.0,1.5654169844274781,8,2.0,2.11208282202185,5.5,0.005,/public/home/student090/quantum-pump-l8/runs/l8-ut-20260728T195000/stage10/pair_0139_U_p5d500000_t_p0d800000_N10.npz,10,2.1146587952928373,1000,0.9,0.933404436452416,419,6.23945339839338e-14,139,50.0,/public/home/student090/quantum-pump-l8/runs/l8-allobs-20260728T230945/static/static_0139_U_p5d500000_t_p0d800000.npz,0.8,0.002575973270987131,1,2000
2.0,3.0,0.9390698607510384,8,2.0000000000000004,0.46545178618297955,5.75,0.005,/public/home/student090/quantum-pump-l8/runs/l8-ut-20260728T195000/stage10/pair_0140_U_p5d750000_t_p0d800000_N10.npz,20,0.46648870157340994,40,0.9,0.0034887142949302113,420,1.4432899320127035e-15,140,2.0,/public/home/student090/quantum-pump-l8/runs/l8-allobs-20260728T230945/static/static_0140_U_p5d750000_t_p0d800000.npz,0.8,0.0010369153904303818,1,80
2.0,3.0,0.9390698607510384,8,2.0000000000000004,1.2847037210258898,5.75,0.005,/public/home/student090/quantum-pump-l8/runs/l8-ut-20260728T195000/stage10/pair_0140_U_p5d750000_t_p0d800000_N10.npz,20,1.2864748308818663,200,0.9,0.010466172529908073,421,1.0325074129013956e-14,140,10.0,/public/home/student090/quantum-pump-l8/runs/l8-allobs-20260728T230945/static/static_0140_U_p5d750000_t_p0d800000.npz,0.8,0.0017711098559765048,1,400
2.0,3.0,0.9390698607510384,8,2.0000000000000004,1.952450775146019,5.75,0.005,/public/home/student090/quantum-pump-l8/runs/l8-ut-20260728T195000/stage10/pair_0140_U_p5d750000_t_p0d800000_N10.npz,20,1.9549149689303524,1000,0.9,0.6480473157554586,422,1.0047518372857667e-13,140,50.0,/public/home/student090/quantum-pump-l8/runs/l8-allobs-20260728T230945/static/static_0140_U_p5d750000_t_p0d800000.npz,0.8,0.0024641937843334905,1,2000
2.0000000000000004,3.0,0.899913854781424,8,2.0,0.4609156779755372,5.8,0.005,/public/home/student090/quantum-pump-l8/runs/l8-ut-20260728T195000/stage10/pair_0141_U_p5d800000_t_p0d800000_N10.npz,20,0.46192816097844797,40,0.9,0.003391985019696846,423,8.104628079763643e-15,141,2.0,/public/home/student090/quantum-pump-l8/runs/l8-allobs-20260728T230945/static/static_0141_U_p5d800000_t_p0d800000.npz,0.8,0.0010124830029107912,1,80
2.0000000000000004,3.0,0.899913854781424,8,2.0,1.253862394486273,5.8,0.005,/public/home/student090/quantum-pump-l8/runs/l8-ut-20260728T195000/stage10/pair_0141_U_p5d800000_t_p0d800000_N10.npz,20,1.2556019087816066,200,0.9,0.014494387531977328,424,4.5075054799781356e-14,141,10.0,/public/home/student090/quantum-pump-l8/runs/l8-allobs-20260728T230945/static/static_0141_U_p5d800000_t_p0d800000.npz,0.8,0.0017395142953335885,1,400
2.0000000000000004,3.0,0.899913854781424,8,2.0,1.9076629823509499,5.8,0.005,/public/home/student090/quantum-pump-l8/runs/l8-ut-20260728T195000/stage10/pair_0141_U_p5d800000_t_p0d800000_N10.npz,20,1.9100933309279693,1000,0.9,0.5975145554882911,425,2.8488322811881517e-13,141,50.0,/public/home/student090/quantum-pump-l8/runs/l8-allobs-20260728T230945/static/static_0141_U_p5d800000_t_p0d800000.npz,0.8,0.0024303485770194033,1,2000
2.0000000000000004,3.0,0.7449600034523325,8,2.0,0.4441686390362899,6.0,0.005,/public/home/student090/quantum-pump-l8/runs/l8-ut-20260728T195000/stage10/pair_0142_U_p6d000000_t_p0d800000_N10.npz,20,0.44508545038289876,40,0.9,0.0025813887606930554,426,8.215650382226158e-15,142,2.0,/public/home/student090/quantum-pump-l8/runs/l8-allobs-20260728T230945/static/static_0142_U_p6d000000_t_p0d800000.npz,0.8,0.0009168113466088701,1,80
2.0000000000000004,3.0,0.7449600034523325,8,2.0,1.1351180923302542,6.0,0.005,/public/home/student090/quantum-pump-l8/runs/l8-ut-20260728T195000/stage10/pair_0142_U_p6d000000_t_p0d800000_N10.npz,20,1.1367290892779895,200,0.9,0.04954522054786325,427,4.851674617611934e-14,142,10.0,/public/home/student090/quantum-pump-l8/runs/l8-allobs-20260728T230945/static/static_0142_U_p6d000000_t_p0d800000.npz,0.8,0.0016109969477353658,1,400
2.0000000000000004,3.0,0.7449600034523325,8,2.0,1.988746343370203,6.0,0.005,/public/home/student090/quantum-pump-l8/runs/l8-ut-20260728T195000/stage10/pair_0142_U_p6d000000_t_p0d800000_N10.npz,20,1.991005675522944,1000,0.9,0.725192849391041,428,3.05089287166993e-13,142,50.0,/public/home/student090/quantum-pump-l8/runs/l8-allobs-20260728T230945/static/static_0142_U_p6d000000_t_p0d800000.npz,0.8,0.0022593321527408783,1,2000
2.0,3.0,0.5932942579330138,8,1.9999999999999996,0.4293817662145866,6.2,0.005,/public/home/student090/quantum-pump-l8/runs/l8-ut-20260728T195000/stage10/pair_0143_U_p6d200000_t_p0d800000_N10.npz,20,0.4302055210474344,40,0.9,0.001371296089979079,429,1.9984014443252818e-15,143,2.0,/public/home/student090/quantum-pump-l8/runs/l8-allobs-20260728T230945/static/static_0143_U_p6d200000_t_p0d800000.npz,0.8,0.0008237548328478006,1,80
2.0,3.0,0.5932942579330138,8,1.9999999999999996,1.0110963546519038,6.2,0.005,/public/home/student090/quantum-pump-l8/runs/l8-ut-20260728T195000/stage10/pair_0143_U_p6d200000_t_p0d800000_N10.npz,20,1.0125869142053647,200,0.9,0.07109751397001102,430,7.66053886991358e-15,143,10.0,/public/home/student090/quantum-pump-l8/runs/l8-allobs-20260728T230945/static/static_0143_U_p6d200000_t_p0d800000.npz,0.8,0.0014905595534608906,1,400
2.0,3.0,0.5932942579330138,8,1.9999999999999996,1.8698092060097167,6.2,0.005,/public/home/student090/quantum-pump-l8/runs/l8-ut-20260728T195000/stage10/pair_0143_U_p6d200000_t_p0d800000_N10.npz,20,1.8719288686127284,1000,0.9,0.8511035154617638,431,7.283063041541027e-14,143,50.0,/public/home/student090/quantum-pump-l8/runs/l8-allobs-20260728T230945/static/static_0143_U_p6d200000_t_p0d800000.npz,0.8,0.0021196626030117738,1,2000
2.0000000000000004,3.0,0.5560164187807697,8,2.0,0.4259446736782133,6.25,0.005,/public/home/student090/quantum-pump-l8/runs/l8-ut-20260728T195000/stage10/pair_0144_U_p6d250000_t_p0d800000_N10.npz,20,0.4267454854882868,40,0.9,0.0010740005894791327,432,1.021405182655144e-14,144,2.0,/public/home/student090/quantum-pump-l8/runs/l8-allobs-20260728T230945/static/static_0144_U_p6d250000_t_p0d800000.npz,0.8,0.0008008118100734651,1,80
2.0000000000000004,3.0,0.5560164187807697,8,2.0,0.9776737444486928,6.25,0.005,/public/home/student090/quantum-pump-l8/runs/l8-ut-20260728T195000/stage10/pair_0144_U_p6d250000_t_p0d800000_N10.npz,20,0.9791392890423718,200,0.9,0.06983884774429547,433,5.140332604014475e-14,144,10.0,/public/home/student090/quantum-pump-l8/runs/l8-allobs-20260728T230945/static/static_0144_U_p6d250000_t_p0d800000.npz,0.8,0.0014655445936789802,1,400
2.0000000000000004,3.0,0.5560164187807697,8,2.0,1.8398316830359007,6.25,0.005,/public/home/student090/quantum-pump-l8/runs/l8-ut-20260728T195000/stage10/pair_0144_U_p6d250000_t_p0d800000_N10.npz,20,1.841882316258219,1000,0.9,0.6411918273137954,434,3.206324095117452e-13,144,50.0,/public/home/student090/quantum-pump-l8/runs/l8-allobs-20260728T230945/static/static_0144_U_p6d250000_t_p0d800000.npz,0.8,0.0020506332223182433,1,2000
2.0,3.0,0.3746215909339732,8,2.0,0.4099859249693156,6.5,0.005,/public/home/student090/quantum-pump-l8/runs/l8-ut-20260728T195000/stage10/pair_0145_U_p6d500000_t_p0d800000_N10.npz,20,0.4106735548277598,40,0.9,0.00019364031634731648,435,7.66053886991358e-15,145,2.0,/public/home/student090/quantum-pump-l8/runs/l8-allobs-20260728T230945/static/static_0145_U_p6d500000_t_p0d800000.npz,0.8,0.0006876298584442275,1,80
2.0,3.0,0.3746215909339732,8,2.0,0.8025988606700656,6.5,0.005,/public/home/student090/quantum-pump-l8/runs/l8-ut-20260728T195000/stage10/pair_0145_U_p6d500000_t_p0d800000_N10.npz,20,0.803991726832692,200,0.9,0.045021532657981096,436,4.39648317751562e-14,145,10.0,/public/home/student090/quantum-pump-l8/runs/l8-allobs-20260728T230945/static/static_0145_U_p6d500000_t_p0d800000.npz,0.8,0.0013928661626264605,1,400
2.0,3.0,0.3746215909339732,8,2.0,0.6385207534720938,6.5,0.005,/public/home/student090/quantum-pump-l8/runs/l8-ut-20260728T195000/stage10/pair_0145_U_p6d500000_t_p0d800000_N10.npz,20,0.640265410665731,1000,0.9,0.20979850899287952,437,2.4780177909633494e-13,145,50.0,/public/home/student090/quantum-pump-l8/runs/l8-allobs-20260728T230945/static/static_0145_U_p6d500000_t_p0d800000.npz,0.8,0.0017446571936371447,1,2000
2.0,3.0,0.20447266672653885,8,2.0,0.3954582130253928,6.75,0.005,/public/home/student090/quantum-pump-l8/runs/l8-ut-20260728T195000/stage10/pair_0146_U_p6d750000_t_p0d800000_N10.npz,20,0.3960348865882904,40,0.9,0.0012891951722865094,438,8.770761894538737e-15,146,2.0,/public/home/student090/quantum-pump-l8/runs/l8-allobs-20260728T230945/static/static_0146_U_p6d750000_t_p0d800000.npz,0.8,0.0005766735628975894,1,80
2.0,3.0,0.20447266672653885,8,2.0,0.6518396299658002,6.75,0.005,/public/home/student090/quantum-pump-l8/runs/l8-ut-20260728T195000/stage10/pair_0146_U_p6d750000_t_p0d800000_N10.npz,20,0.653226379760142,200,0.9,0.10628424912359308,439,4.374278717023117e-14,146,10.0,/public/home/student090/quantum-pump-l8/runs/l8-allobs-20260728T230945/static/static_0146_U_p6d750000_t_p0d800000.npz,0.8,0.001386749794341724,1,400
2.0,3.0,0.20447266672653885,8,2.0,0.7845505147975151,6.75,0.005,/public/home/student090/quantum-pump-l8/runs/l8-ut-20260728T195000/stage10/pair_0146_U_p6d750000_t_p0d800000_N10.npz,20,0.7860387103025807,1000,0.9,0.16977600793491,440,2.3070434451710753e-13,146,50.0,/public/home/student090/quantum-pump-l8/runs/l8-allobs-20260728T230945/static/static_0146_U_p6d750000_t_p0d800000.npz,0.8,0.001488195505065515,1,2000
2.0,3.0,0.05074883420007881,8,1.9999999999999998,0.3815618165978384,7.0,0.005,/public/home/student090/quantum-pump-l8/runs/l8-ut-20260728T195000/stage10/pair_0147_U_p7d000000_t_p0d800000_N10.npz,20,0.38202986219478885,40,0.9,0.005086328333380529,441,4.9960036108132044e-15,147,2.0,/public/home/student090/quantum-pump-l8/runs/l8-allobs-20260728T230945/static/static_0147_U_p7d000000_t_p0d800000.npz,0.8,0.00046804559695046155,1,80
2.0,3.0,0.05074883420007881,8,1.9999999999999998,0.5349642297380901,7.0,0.005,/public/home/student090/quantum-pump-l8/runs/l8-ut-20260728T195000/stage10/pair_0147_U_p7d000000_t_p0d800000_N10.npz,20,0.5363294685892679,200,0.9,0.3054113189934741,442,2.631228568361621e-14,147,10.0,/public/home/student090/quantum-pump-l8/runs/l8-allobs-20260728T230945/static/static_0147_U_p7d000000_t_p0d800000.npz,0.8,0.0013652388511777858,1,400
2.0,3.0,0.05074883420007881,8,1.9999999999999998,0.5213369479807827,7.0,0.005,/public/home/student090/quantum-pump-l8/runs/l8-ut-20260728T195000/stage10/pair_0147_U_p7d000000_t_p0d800000_N10.npz,20,0.5226358446627284,1000,0.9,0.26113600591209274,443,1.4577228313328305e-13,147,50.0,/public/home/student090/quantum-pump-l8/runs/l8-allobs-20260728T230945/static/static_0147_U_p7d000000_t_p0d800000.npz,0.8,0.001298896681945716,1,2000
3.533949646070574e-17,3.0,0.08042999521579075,8,0.0,0.3675949456557243,7.25,0.005,/public/home/student090/quantum-pump-l8/runs/l8-ut-20260728T195000/stage10/pair_0148_U_p7d250000_t_p0d800000_N10.npz,20,0.3679574092288467,40,0.9,0.011264256419407257,444,7.105427357601002e-15,148,2.0,/public/home/student090/quantum-pump-l8/runs/l8-allobs-20260728T230945/static/static_0148_U_p7d250000_t_p0d800000.npz,0.8,0.00036246357312236244,1,80
3.533949646070574e-17,3.0,0.08042999521579075,8,0.0,0.39790796123101607,7.25,0.005,/public/home/student090/quantum-pump-l8/runs/l8-ut-20260728T195000/stage10/pair_0148_U_p7d250000_t_p0d800000_N10.npz,20,0.39918716715254227,200,0.9,0.432188849106587,445,3.8746783559417963e-14,148,10.0,/public/home/student090/quantum-pump-l8/runs/l8-allobs-20260728T230945/static/static_0148_U_p7d250000_t_p0d800000.npz,0.8,0.0012792059215261942,1,400
3.533949646070574e-17,3.0,0.08042999521579075,8,0.0,0.27403717160747926,7.25,0.005,/public/home/student090/quantum-pump-l8/runs/l8-ut-20260728T195000/stage10/pair_0148_U_p7d250000_t_p0d800000_N10.npz,20,0.27525267871785086,1000,0.9,0.7511928533676596,446,2.0627943797535409e-13,148,50.0,/public/home/student090/quantum-pump-l8/runs/l8-allobs-20260728T230945/static/static_0148_U_p7d250000_t_p0d800000.npz,0.8,0.0012155071103716053,1,2000
-1.5902773407317583e-16,3.0,0.18385245589672428,8,0.0,0.35300073971392976,7.5,0.005,/public/home/student090/quantum-pump-l8/runs/l8-ut-20260728T195000/stage10/pair_0149_U_p7d500000_t_p0d800000_N10.npz,20,0.35326186261060943,40,0.9,0.018587477124976295,447,6.439293542825908e-15,149,2.0,/public/home/student090/quantum-pump-l8/runs/l8-allobs-20260728T230945/static/static_0149_U_p7d500000_t_p0d800000.npz,0.8,0.0002611228966796775,1,80
-1.5902773407317583e-16,3.0,0.18385245589672428,8,0.0,0.24654685846826485,7.5,0.005,/public/home/student090/quantum-pump-l8/runs/l8-ut-20260728T195000/stage10/pair_0149_U_p7d500000_t_p0d800000_N10.npz,20,0.24768648836609639,200,0.9,0.34788399764020395,448,2.6867397195928788e-14,149,10.0,/public/home/student090/quantum-pump-l8/runs/l8-allobs-20260728T230945/static/static_0149_U_p7d500000_t_p0d800000.npz,0.8,0.0011396298978315345,1,400
-1.5902773407317583e-16,3.0,0.18385245589672428,8,0.0,0.2946307254874605,7.5,0.005,/public/home/student090/quantum-pump-l8/runs/l8-ut-20260728T195000/stage10/pair_0149_U_p7d500000_t_p0d800000_N10.npz,20,0.2958211720038338,1000,0.9,0.735191044459769,449,1.0724754417879012e-13,149,50.0,/public/home/student090/quantum-pump-l8/runs/l8-allobs-20260728T230945/static/static_0149_U_p7d500000_t_p0d800000.npz,0.8,0.0011904465163732891,1,2000
0.0,3.0,0.25785313162765267,8,0.0,0.33739507070065045,7.75,0.005,/public/home/student090/quantum-pump-l8/runs/l8-ut-20260728T195000/stage10/pair_0150_U_p7d750000_t_p0d800000_N10.npz,20,0.33756059613275313,40,0.9,0.025505647975702102,450,3.885780586188048e-15,150,2.0,/public/home/student090/quantum-pump-l8/runs/l8-allobs-20260728T230945/static/static_0150_U_p7d750000_t_p0d800000.npz,0.8,0.00016552543210268666,1,80
0.0,3.0,0.25785313162765267,8,0.0,0.15184097546522757,7.75,0.005,/public/home/student090/quantum-pump-l8/runs/l8-ut-20260728T195000/stage10/pair_0150_U_p7d750000_t_p0d800000_N10.npz,20,0.1528246631342753,200,0.9,0.22815425156385283,451,2.8754776337791554e-14,150,10.0,/public/home/student090/quantum-pump-l8/runs/l8-allobs-20260728T230945/static/static_0150_U_p7d750000_t_p0d800000.npz,0.8,0.0009836876690477447,1,400
0.0,3.0,0.25785313162765267,8,0.0,0.12451243867673438,7.75,0.005,/public/home/student090/quantum-pump-l8/runs/l8-ut-20260728T195000/stage10/pair_0150_U_p7d750000_t_p0d800000_N10.npz,20,0.12566577169918722,1000,0.9,0.6839158507607361,452,1.52433621281034e-13,150,50.0,/public/home/student090/quantum-pump-l8/runs/l8-allobs-20260728T230945/static/static_0150_U_p7d750000_t_p0d800000.npz,0.8,0.0011533330224528376,1,2000
-2.297067269945873e-16,3.0,0.2532695461352876,8,0.0,0.32057496617823344,8.0,0.005,/public/home/student090/quantum-pump-l8/runs/l8-ut-20260728T195000/stage10/pair_0151_U_p8d000000_t_p0d800000_N10.npz,20,0.32065226246086986,40,0.9,0.030903273889855757,453,1.9984014443252818e-15,151,2.0,/public/home/student090/quantum-pump-l8/runs/l8-allobs-20260728T230945/static/static_0151_U_p8d000000_t_p0d800000.npz,0.8,7.729628263641874e-05,1,80
-2.297067269945873e-16,3.0,0.2532695461352876,8,0.0,0.12351047959679307,8.0,0.005,/public/home/student090/quantum-pump-l8/runs/l8-ut-20260728T195000/stage10/pair_0151_U_p8d000000_t_p0d800000_N10.npz,20,0.12437286444945359,200,0.9,0.24294266172466591,454,1.2323475573339238e-14,151,10.0,/public/home/student090/quantum-pump-l8/runs/l8-allobs-20260728T230945/static/static_0151_U_p8d000000_t_p0d800000.npz,0.8,0.0008623848526605193,1,400
-2.297067269945873e-16,3.0,0.2532695461352876,8,0.0,-0.045977917539075756,8.0,0.005,/public/home/student090/quantum-pump-l8/runs/l8-ut-20260728T195000/stage10/pair_0151_U_p8d000000_t_p0d800000_N10.npz,20,-0.04481539626268337,1000,0.9,0.9280693151426028,455,7.749356711883593e-14,151,50.0,/public/home/student090/quantum-pump-l8/runs/l8-allobs-20260728T230945/static/static_0151_U_p8d000000_t_p0d800000.npz,0.8,0.0011625212763923878,1,2000
-2.3854160110976374e-16,3.0,0.24460092073990136,8,0.0,0.30250960663555493,8.25,0.005,/public/home/student090/quantum-pump-l8/runs/l8-ut-20260728T195000/stage10/pair_0152_U_p8d250000_t_p0d800000_N10.npz,20,0.3025076155054386,40,0.9,0.03465018718765216,456,4.884981308350689e-15,152,2.0,/public/home/student090/quantum-pump-l8/runs/l8-allobs-20260728T230945/static/static_0152_U_p8d250000_t_p0d800000.npz,0.8,1.991130116341111e-06,1,80
-2.3854160110976374e-16,3.0,0.24460092073990136,8,0.0,0.10685755439638756,8.25,0.005,/public/home/student090/quantum-pump-l8/runs/l8-ut-20260728T195000/stage10/pair_0152_U_p8d250000_t_p0d800000_N10.npz,20,0.1076401468938727,200,0.9,0.3142138034351548,457,9.769962616701378e-15,152,10.0,/public/home/student090/quantum-pump-l8/runs/l8-allobs-20260728T230945/static/static_0152_U_p8d250000_t_p0d800000.npz,0.8,0.0007825924974851489,1,400
-2.3854160110976374e-16,3.0,0.24460092073990136,8,0.0,0.004090452039358371,8.25,0.005,/public/home/student090/quantum-pump-l8/runs/l8-ut-20260728T195000/stage10/pair_0152_U_p8d250000_t_p0d800000_N10.npz,20,0.005261127741741935,1000,0.9,0.6789708233763577,458,5.5067062021407764e-14,152,50.0,/public/home/student090/quantum-pump-l8/runs/l8-allobs-20260728T230945/static/static_0152_U_p8d250000_t_p0d800000.npz,0.8,0.001170675702383564,1,2000
-2.2087185287941088e-16,3.0,0.23549168343213234,8,0.0,0.28331737539511836,8.5,0.005,/public/home/student090/quantum-pump-l8/runs/l8-ut-20260728T195000/stage10/pair_0153_U_p8d500000_t_p0d800000_N10.npz,20,0.28324641101111137,40,0.9,0.03774624377585992,459,2.886579864025407e-15,153,2.0,/public/home/student090/quantum-pump-l8/runs/l8-allobs-20260728T230945/static/static_0153_U_p8d500000_t_p0d800000.npz,0.8,7.096438400699956e-05,1,80
-2.2087185287941088e-16,3.0,0.23549168343213234,8,0.0,0.07299795835593906,8.5,0.005,/public/home/student090/quantum-pump-l8/runs/l8-ut-20260728T195000/stage10/pair_0153_U_p8d500000_t_p0d800000_N10.npz,20,0.07369714379103166,200,0.9,0.3098072722179349,460,2.3203661214665772e-14,153,10.0,/public/home/student090/quantum-pump-l8/runs/l8-allobs-20260728T230945/static/static_0153_U_p8d500000_t_p0d800000.npz,0.8,0.0006991854350926058,1,400
-2.2087185287941088e-16,3.0,0.23549168343213234,8,0.0,0.04796605904662354,8.5,0.005,/public/home/student090/quantum-pump-l8/runs/l8-ut-20260728T195000/stage10/pair_0153_U_p8d500000_t_p0d800000_N10.npz,20,0.04911088316432304,1000,0.9,0.23522987513738222,461,5.806466418789569e-14,153,50.0,/public/home/student090/quantum-pump-l8/runs/l8-allobs-20260728T230945/static/static_0153_U_p8d500000_t_p0d800000.npz,0.8,0.0011448241176995055,1,2000
-6.184411880623505e-17,3.0,0.22630546826728803,8,0.0,0.2632333011120393,8.75,0.005,/public/home/student090/quantum-pump-l8/runs/l8-ut-20260728T195000/stage10/pair_0154_U_p8d750000_t_p0d800000_N10.npz,20,0.26310473845987037,40,0.9,0.04205528460866848,462,1.5543122344752192e-15,154,2.0,/public/home/student090/quantum-pump-l8/runs/l8-allobs-20260728T230945/static/static_0154_U_p8d750000_t_p0d800000.npz,0.8,0.0001285626521689287,1,80
-6.184411880623505e-17,3.0,0.22630546826728803,8,0.0,0.038607630580043795,8.75,0.005,/public/home/student090/quantum-pump-l8/runs/l8-ut-20260728T195000/stage10/pair_0154_U_p8d750000_t_p0d800000_N10.npz,20,0.039220464401077446,200,0.9,0.2360207761708971,463,4.773959005888173e-15,154,10.0,/public/home/student090/quantum-pump-l8/runs/l8-allobs-20260728T230945/static/static_0154_U_p8d750000_t_p0d800000.npz,0.8,0.0006128338210336509,1,400
-6.184411880623505e-17,3.0,0.22630546826728803,8,0.0,0.0065882214920656304,8.75,0.005,/public/home/student090/quantum-pump-l8/runs/l8-ut-20260728T195000/stage10/pair_0154_U_p8d750000_t_p0d800000_N10.npz,20,0.007706285985366481,1000,0.9,0.34625303118186185,464,3.730349362740526e-14,154,50.0,/public/home/student090/quantum-pump-l8/runs/l8-allobs-20260728T230945/static/static_0154_U_p8d750000_t_p0d800000.npz,0.8,0.001118064493300851,1,2000
-5.963540027744093e-17,3.0,0.21728747952094318,8,0.0,0.24257149046641893,9.0,0.005,/public/home/student090/quantum-pump-l8/runs/l8-ut-20260728T195000/stage10/pair_0155_U_p9d000000_t_p0d800000_N10.npz,20,0.2423973889898316,40,0.9,0.04978001306617253,465,5.995204332975845e-15,155,2.0,/public/home/student090/quantum-pump-l8/runs/l8-allobs-20260728T230945/static/static_0155_U_p9d000000_t_p0d800000.npz,0.8,0.000174101476587335,1,80
-5.963540027744093e-17,3.0,0.21728747952094318,8,0.0,0.02083098439324869,9.0,0.005,/public/home/student090/quantum-pump-l8/runs/l8-ut-20260728T195000/stage10/pair_0155_U_p9d000000_t_p0d800000_N10.npz,20,0.021395607705544804,200,0.9,0.16607542307145354,466,3.108624468950438e-14,155,10.0,/public/home/student090/quantum-pump-l8/runs/l8-allobs-20260728T230945/static/static_0155_U_p9d000000_t_p0d800000.npz,0.8,0.0005646233122961128,1,400
-5.963540027744093e-17,3.0,0.21728747952094318,8,0.0,-0.02202245197296943,9.0,0.005,/public/home/student090/quantum-pump-l8/runs/l8-ut-20260728T195000/stage10/pair_0155_U_p9d000000_t_p0d800000_N10.npz,20,-0.020922111123127394,1000,0.9,0.7148118967585878,467,1.6298074001497298e-13,155,50.0,/public/home/student090/quantum-pump-l8/runs/l8-allobs-20260728T230945/static/static_0155_U_p9d000000_t_p0d800000.npz,0.8,0.0011003408498420353,1,2000
-4.8591807633470396e-17,3.0,0.2085915722867595,8,0.0,0.22168690891244877,9.25,0.005,/public/home/student090/quantum-pump-l8/runs/l8-ut-20260728T195000/stage10/pair_0156_U_p9d250000_t_p0d800000_N10.npz,20,0.22147961681229705,40,0.9,0.06289179621140341,468,7.993605777301127e-15,156,2.0,/public/home/student090/quantum-pump-l8/runs/l8-allobs-20260728T230945/static/static_0156_U_p9d250000_t_p0d800000.npz,0.8,0.00020729210015171806,1,80
-4.8591807633470396e-17,3.0,0.2085915722867595,8,0.0,0.01482773129355346,9.25,0.005,/public/home/student090/quantum-pump-l8/runs/l8-ut-20260728T195000/stage10/pair_0156_U_p9d250000_t_p0d800000_N10.npz,20,0.015379211984109487,200,0.9,0.12444556783945104,469,3.708144902248023e-14,156,10.0,/public/home/student090/quantum-pump-l8/runs/l8-allobs-20260728T230945/static/static_0156_U_p9d250000_t_p0d800000.npz,0.8,0.0005514806905560273,1,400
-4.8591807633470396e-17,3.0,0.2085915722867595,8,0.0,-0.016088275468869317,9.25,0.005,/public/home/student090/quantum-pump-l8/runs/l8-ut-20260728T195000/stage10/pair_0156_U_p9d250000_t_p0d800000_N10.npz,20,-0.015010683925590839,1000,0.9,0.7625152581748494,470,1.545430450278218e-13,156,50.0,/public/home/student090/quantum-pump-l8/runs/l8-allobs-20260728T230945/static/static_0156_U_p9d250000_t_p0d800000.npz,0.8,0.0010775915432784788,1,2000
1.866367156831022e-16,3.0,0.20030554164417724,8,0.0,0.20094024299660748,9.5,0.005,/public/home/student090/quantum-pump-l8/runs/l8-ut-20260728T195000/stage10/pair_0157_U_p9d500000_t_p0d800000_N10.npz,20,0.20071201985978387,40,0.9,0.08269812188543928,471,6.8833827526759706e-15,157,2.0,/public/home/student090/quantum-pump-l8/runs/l8-allobs-20260728T230945/static/static_0157_U_p9d500000_t_p0d800000.npz,0.8,0.00022822313682360762,1,80
1.866367156831022e-16,3.0,0.20030554164417724,8,0.0,0.010690002225227013,9.5,0.005,/public/home/student090/quantum-pump-l8/runs/l8-ut-20260728T195000/stage10/pair_0157_U_p9d500000_t_p0d800000_N10.npz,20,0.011228725783869352,200,0.9,0.0934409385694264,472,3.5083047578154947e-14,157,10.0,/public/home/student090/quantum-pump-l8/runs/l8-allobs-20260728T230945/static/static_0157_U_p9d500000_t_p0d800000.npz,0.8,0.0005387235586423386,1,400
1.866367156831022e-16,3.0,0.20030554164417724,8,0.0,-0.0017080261219831912,9.5,0.005,/public/home/student090/quantum-pump-l8/runs/l8-ut-20260728T195000/stage10/pair_0157_U_p9d500000_t_p0d800000_N10.npz,20,-0.0006609346532119029,1000,0.9,0.4651934633727126,473,1.638689184346731e-13,157,50.0,/public/home/student090/quantum-pump-l8/runs/l8-allobs-20260728T230945/static/static_0157_U_p9d500000_t_p0d800000.npz,0.8,0.0010470914687712883,1,2000
1.1043592643970544e-16,3.0,0.19247171158662324,8,0.0,0.1806686785090528,9.75,0.005,/public/home/student090/quantum-pump-l8/runs/l8-ut-20260728T195000/stage10/pair_0158_U_p9d750000_t_p0d800000_N10.npz,20,0.18043136091804468,40,0.9,0.10964011787272764,474,4.218847493575595e-15,158,2.0,/public/home/student090/quantum-pump-l8/runs/l8-allobs-20260728T230945/static/static_0158_U_p9d750000_t_p0d800000.npz,0.8,0.00023731759100811822,1,80
1.1043592643970544e-16,3.0,0.19247171158662324,8,0.0,0.005938787775813853,9.75,0.005,/public/home/student090/quantum-pump-l8/runs/l8-ut-20260728T195000/stage10/pair_0158_U_p9d750000_t_p0d800000_N10.npz,20,0.006459848193137755,200,0.9,0.06349044982547933,475,1.4210854715202004e-14,158,10.0,/public/home/student090/quantum-pump-l8/runs/l8-allobs-20260728T230945/static/static_0158_U_p9d750000_t_p0d800000.npz,0.8,0.0005210604173239014,1,400
1.1043592643970544e-16,3.0,0.19247171158662324,8,0.0,0.004978781495511811,9.75,0.005,/public/home/student090/quantum-pump-l8/runs/l8-ut-20260728T195000/stage10/pair_0158_U_p9d750000_t_p0d800000_N10.npz,20,0.005989504114377275,1000,0.9,0.21069995597217783,476,7.704947790898586e-14,158,50.0,/public/home/student090/quantum-pump-l8/runs/l8-allobs-20260728T230945/static/static_0158_U_p9d750000_t_p0d800000.npz,0.8,0.0010107226188654636,1,2000
-9.93923337957349e-17,3.0,0.18510242114619113,8,0.0,0.16116436939886747,10.0,0.005,/public/home/student090/quantum-pump-l8/runs/l8-ut-20260728T195000/stage10/pair_0159_U_p10d000000_t_p0d800000_N10.npz,20,0.16092908964179156,40,0.9,0.14331391678142905,477,8.548717289613705e-15,159,2.0,/public/home/student090/quantum-pump-l8/runs/l8-allobs-20260728T230945/static/static_0159_U_p10d000000_t_p0d800000.npz,0.8,0.00023527975707590687,1,80
-9.93923337957349e-17,3.0,0.18510242114619113,8,0.0,0.0021624465225148102,10.0,0.005,/public/home/student090/quantum-pump-l8/runs/l8-ut-20260728T195000/stage10/pair_0159_U_p10d000000_t_p0d800000_N10.npz,20,0.002669303239976138,200,0.9,0.03872891359747224,478,3.452793606584237e-14,159,10.0,/public/home/student090/quantum-pump-l8/runs/l8-allobs-20260728T230945/static/static_0159_U_p10d000000_t_p0d800000.npz,0.8,0.0005068567174613277,1,400
-9.93923337957349e-17,3.0,0.18510242114619113,8,0.0,0.0030154610206695716,10.0,0.005,/public/home/student090/quantum-pump-l8/runs/l8-ut-20260728T195000/stage10/pair_0159_U_p10d000000_t_p0d800000_N10.npz,20,0.003991747219362744,1000,0.9,0.310799281668146,479,1.999511667349907e-13,159,50.0,/public/home/student090/quantum-pump-l8/runs/l8-allobs-20260728T230945/static/static_0159_U_p10d000000_t_p0d800000.npz,0.8,0.000976286198693172,1,2000
-1.5902773407317583e-16,3.0,0.14067715603979014,8,0.0,0.04883778310199539,12.0,0.005,/public/home/student090/quantum-pump-l8/runs/l8-ut-20260728T195000/stage10/pair_0160_U_p12d000000_t_p0d800000_N10.npz,20,0.04887521860311635,40,0.9,0.4888270647358398,480,7.216449660063518e-15,160,2.0,/public/home/student090/quantum-pump-l8/runs/l8-allobs-20260728T230945/static/static_0160_U_p12d000000_t_p0d800000.npz,0.8,3.743550112095956e-05,1,80
-1.5902773407317583e-16,3.0,0.14067715603979014,8,0.0,6.173336338929164e-05,12.0,0.005,/public/home/student090/quantum-pump-l8/runs/l8-ut-20260728T195000/stage10/pair_0160_U_p12d000000_t_p0d800000_N10.npz,20,0.0004611098101065704,200,0.9,0.03548661126639127,481,3.963496197911809e-14,160,10.0,/public/home/student090/quantum-pump-l8/runs/l8-allobs-20260728T230945/static/static_0160_U_p12d000000_t_p0d800000.npz,0.8,0.00039937644671727873,1,400
-1.5902773407317583e-16,3.0,0.14067715603979014,8,0.0,-0.00021971688737370848,12.0,0.005,/public/home/student090/quantum-pump-l8/runs/l8-ut-20260728T195000/stage10/pair_0160_U_p12d000000_t_p0d800000_N10.npz,20,0.000552517494293794,1000,0.9,0.35015857854973514,482,1.8773871346411397e-13,160,50.0,/public/home/student090/quantum-pump-l8/runs/l8-allobs-20260728T230945/static/static_0160_U_p12d000000_t_p0d800000.npz,0.8,0.0007722343816675025,1,2000
-2.1590223618962415e-16,3.0,0.09536843716635435,8,0.0,0.0010204014693366524,16.0,0.005,/public/home/student090/quantum-pump-l8/runs/l8-ut-20260728T195000/stage10/pair_0161_U_p16d000000_t_p0d800000_N10.npz,20,0.0013204216170680195,40,0.9,0.7942926584677215,483,1.0436096431476471e-14,161,2.0,/public/home/student090/quantum-pump-l8/runs/l8-allobs-20260728T230945/static/static_0161_U_p16d000000_t_p0d800000.npz,0.8,0.0003000201477313671,1,80
-2.1590223618962415e-16,3.0,0.09536843716635435,8,0.0,8.880403641064028e-05,16.0,0.005,/public/home/student090/quantum-pump-l8/runs/l8-ut-20260728T195000/stage10/pair_0161_U_p16d000000_t_p0d800000_N10.npz,20,0.000380779369461116,200,0.9,0.026931642389894338,484,5.10702591327572e-14,161,10.0,/public/home/student090/quantum-pump-l8/runs/l8-allobs-20260728T230945/static/static_0161_U_p16d000000_t_p0d800000.npz,0.8,0.0002919753330504757,1,400
-2.1590223618962415e-16,3.0,0.09536843716635435,8,0.0,0.00011575298850046071,16.0,0.005,/public/home/student090/quantum-pump-l8/runs/l8-ut-20260728T195000/stage10/pair_0161_U_p16d000000_t_p0d800000_N10.npz,20,0.0006277715079351365,1000,0.9,0.9732039324942228,485,2.2293278334473143e-13,161,50.0,/public/home/student090/quantum-pump-l8/runs/l8-allobs-20260728T230945/static/static_0161_U_p16d000000_t_p0d800000.npz,0.8,0.0005120185194346758,1,2000
1.7635237003340462e-16,3.0,0.05908726752694271,8,0.0,5.576111214854175e-05,24.0,0.005,/public/home/student090/quantum-pump-l8/runs/l8-ut-20260728T195000/stage10/pair_0162_U_p24d000000_t_p0d800000_N10.npz,20,0.0002540827984443892,40,0.9,0.9103694917103352,486,3.9968028886505635e-15,162,2.0,/public/home/student090/quantum-pump-l8/runs/l8-allobs-20260728T230945/static/static_0162_U_p24d000000_t_p0d800000.npz,0.8,0.00019832168629584746,1,80
1.7635237003340462e-16,3.0,0.05908726752694271,8,0.0,6.245613381606126e-05,24.0,0.005,/public/home/student090/quantum-pump-l8/runs/l8-ut-20260728T195000/stage10/pair_0162_U_p24d000000_t_p0d800000_N10.npz,20,0.00026309713734389467,200,0.9,0.07708069433413316,487,1.0880185641326534e-14,162,10.0,/public/home/student090/quantum-pump-l8/runs/l8-allobs-20260728T230945/static/static_0162_U_p24d000000_t_p0d800000.npz,0.8,0.0002006410035278334,1,400
1.7635237003340462e-16,3.0,0.05908726752694271,8,0.0,9.015551593822257e-05,24.0,0.005,/public/home/student090/quantum-pump-l8/runs/l8-ut-20260728T195000/stage10/pair_0162_U_p24d000000_t_p0d800000_N10.npz,20,0.00038620676134243646,1000,0.9,0.08946951383710156,488,5.617728504603292e-14,162,50.0,/public/home/student090/quantum-pump-l8/runs/l8-allobs-20260728T230945/static/static_0162_U_p24d000000_t_p0d800000.npz,0.8,0.0002960512454042139,1,2000
8.179160801940684e-18,3.0,0.04319927906898513,8,0.0,4.964051260016778e-05,32.0,0.005,/public/home/student090/quantum-pump-l8/runs/l8-ut-20260728T195000/stage10/pair_0163_U_p32d000000_t_p0d800000_N10.npz,20,0.00021052529699778857,40,0.9,0.9494306796235481,489,4.6629367034256575e-15,163,2.0,/public/home/student090/quantum-pump-l8/runs/l8-allobs-20260728T230945/static/static_0163_U_p32d000000_t_p0d800000.npz,0.8,0.00016088478439762078,1,80
8.179160801940684e-18,3.0,0.04319927906898513,8,0.0,4.6202642337275135e-05,32.0,0.005,/public/home/student090/quantum-pump-l8/runs/l8-ut-20260728T195000/stage10/pair_0163_U_p32d000000_t_p0d800000_N10.npz,20,0.00020870911226670232,200,0.9,0.27330213699326333,490,6.661338147750939e-15,163,10.0,/public/home/student090/quantum-pump-l8/runs/l8-allobs-20260728T230945/static/static_0163_U_p32d000000_t_p0d800000.npz,0.8,0.0001625064699294272,1,400
8.179160801940684e-18,3.0,0.04319927906898513,8,0.0,6.043320642726844e-05,32.0,0.005,/public/home/student090/quantum-pump-l8/runs/l8-ut-20260728T195000/stage10/pair_0163_U_p32d000000_t_p0d800000_N10.npz,20,0.0002706747166824022,1000,0.9,0.992723058103047,491,1.532107773982716e-14,163,50.0,/public/home/student090/quantum-pump-l8/runs/l8-allobs-20260728T230945/static/static_0163_U_p32d000000_t_p0d800000.npz,0.8,0.00021024151025513378,1,2000
2.0,3.0,0.3999999999992099,8,2.0000000000000004,0.000721407754490756,-32.0,0.005,/public/home/student090/quantum-pump-l8/runs/l8-allobs-20260728T230945/chern10/pair_0164_U_neg32d000000_t_p0d900000_N10.npz,20,0.0009086366220817506,40,0.9,0.9540686799408902,492,2.4424906541753444e-15,164,2.0,/public/home/student090/quantum-pump-l8/runs/l8-allobs-20260728T230945/static/static_0164_U_neg32d000000_t_p0d900000.npz,0.9,0.0001872288675909946,1,80
2.0,3.0,0.3999999999992099,8,2.0000000000000004,0.008276317936071207,-32.0,0.005,/public/home/student090/quantum-pump-l8/runs/l8-allobs-20260728T230945/chern10/pair_0164_U_neg32d000000_t_p0d900000_N10.npz,20,0.008472613341476535,200,0.9,0.5078268291909882,493,5.773159728050814e-15,164,10.0,/public/home/student090/quantum-pump-l8/runs/l8-allobs-20260728T230945/static/static_0164_U_neg32d000000_t_p0d900000.npz,0.9,0.0001962954054053282,1,400
2.0,3.0,0.3999999999992099,8,2.0000000000000004,0.08783826335869512,-32.0,0.005,/public/home/student090/quantum-pump-l8/runs/l8-allobs-20260728T230945/chern10/pair_0164_U_neg32d000000_t_p0d900000_N10.npz,20,0.08809989332827846,1000,0.9,0.3359743445861669,494,2.220446049250313e-14,164,50.0,/public/home/student090/quantum-pump-l8/runs/l8-allobs-20260728T230945/static/static_0164_U_neg32d000000_t_p0d900000.npz,0.9,0.0002616299695833435,1,2000
2.0000000000000004,3.0,0.5283678106920178,8,2.0,0.001633169588981602,-24.0,0.005,/public/home/student090/quantum-pump-l8/runs/l8-allobs-20260728T230945/chern10/pair_0165_U_neg24d000000_t_p0d900000_N10.npz,20,0.0018690343849934964,40,0.9,0.9196174601183535,495,4.440892098500626e-15,165,2.0,/public/home/student090/quantum-pump-l8/runs/l8-allobs-20260728T230945/static/static_0165_U_neg24d000000_t_p0d900000.npz,0.9,0.00023586479601189433,1,80
2.0000000000000004,3.0,0.5283678106920178,8,2.0,0.018734649622847124,-24.0,0.005,/public/home/student090/quantum-pump-l8/runs/l8-allobs-20260728T230945/chern10/pair_0165_U_neg24d000000_t_p0d900000_N10.npz,20,0.018991185298560535,200,0.9,0.32098821268437533,496,1.7541523789077473e-14,165,10.0,/public/home/student090/quantum-pump-l8/runs/l8-allobs-20260728T230945/static/static_0165_U_neg24d000000_t_p0d900000.npz,0.9,0.000256535675713411,1,400
2.0000000000000004,3.0,0.5283678106920178,8,2.0,0.1857909025273351,-24.0,0.005,/public/home/student090/quantum-pump-l8/runs/l8-allobs-20260728T230945/chern10/pair_0165_U_neg24d000000_t_p0d900000_N10.npz,20,0.18617882221502033,1000,0.9,0.10938825734632063,497,8.260059303211165e-14,165,50.0,/public/home/student090/quantum-pump-l8/runs/l8-allobs-20260728T230945/static/static_0165_U_neg24d000000_t_p0d900000.npz,0.9,0.00038791968768522866,1,2000
2.0,3.0,0.7726848797838812,8,2.0000000000000004,0.007907756916766803,-16.0,0.005,/public/home/student090/quantum-pump-l8/runs/l8-ut-20260728T195000/stage10/pair_0166_U_neg16d000000_t_p0d900000_N10.npz,20,0.008255335236202336,40,0.9,0.8032433808273796,498,9.103828801926284e-15,166,2.0,/public/home/student090/quantum-pump-l8/runs/l8-allobs-20260728T230945/static/static_0166_U_neg16d000000_t_p0d900000.npz,0.9,0.000347578319435533,1,80
2.0,3.0,0.7726848797838812,8,2.0000000000000004,0.06643094037623425,-16.0,0.005,/public/home/student090/quantum-pump-l8/runs/l8-ut-20260728T195000/stage10/pair_0166_U_neg16d000000_t_p0d900000_N10.npz,20,0.06686398091568403,200,0.9,0.14845117158690682,499,3.552713678800501e-14,166,10.0,/public/home/student090/quantum-pump-l8/runs/l8-allobs-20260728T230945/static/static_0166_U_neg16d000000_t_p0d900000.npz,0.9,0.00043304053944978604,1,400
2.0,3.0,0.7726848797838812,8,2.0000000000000004,0.5067140479441292,-16.0,0.005,/public/home/student090/quantum-pump-l8/runs/l8-ut-20260728T195000/stage10/pair_0166_U_neg16d000000_t_p0d900000_N10.npz,20,0.50745133566278,1000,0.9,0.03597734373231217,500,1.871836019518014e-13,166,50.0,/public/home/student090/quantum-pump-l8/runs/l8-allobs-20260728T230945/static/static_0166_U_neg16d000000_t_p0d900000.npz,0.9,0.0007372877186507809,1,2000
2.0,3.0,0.9971422738137861,8,1.9999999999999998,0.018353541449520325,-12.0,0.005,/public/home/student090/quantum-pump-l8/runs/l8-ut-20260728T195000/stage10/pair_0167_U_neg12d000000_t_p0d900000_N10.npz,20,0.018860110336264915,40,0.9,0.5871940009431776,501,7.438494264988549e-15,167,2.0,/public/home/student090/quantum-pump-l8/runs/l8-allobs-20260728T230945/static/static_0167_U_neg12d000000_t_p0d900000.npz,0.9,0.0005065688867445899,1,80
2.0,3.0,0.9971422738137861,8,1.9999999999999998,0.22905727606768758,-12.0,0.005,/public/home/student090/quantum-pump-l8/runs/l8-ut-20260728T195000/stage10/pair_0167_U_neg12d000000_t_p0d900000_N10.npz,20,0.22973905023087163,200,0.9,0.09221684751799637,502,3.352873534367973e-14,167,10.0,/public/home/student090/quantum-pump-l8/runs/l8-allobs-20260728T230945/static/static_0167_U_neg12d000000_t_p0d900000.npz,0.9,0.0006817741631840457,1,400
2.0,3.0,0.9971422738137861,8,1.9999999999999998,0.8707299048919334,-12.0,0.005,/public/home/student090/quantum-pump-l8/runs/l8-ut-20260728T195000/stage10/pair_0167_U_neg12d000000_t_p0d900000_N10.npz,20,0.8718646552014983,1000,0.9,0.04617240550655604,503,1.6275869541004795e-13,167,50.0,/public/home/student090/quantum-pump-l8/runs/l8-allobs-20260728T230945/static/static_0167_U_neg12d000000_t_p0d900000.npz,0.9,0.0011347503095648914,1,2000
2.0,3.0,1.3814496188291656,8,2.0,0.12193506441019963,-8.0,0.005,/public/home/student090/quantum-pump-l8/runs/l8-ut-20260728T195000/stage10/pair_0168_U_neg8d000000_t_p0d900000_N10.npz,20,0.12264233980292143,40,0.9,0.13809853152585103,504,1.5543122344752192e-15,168,2.0,/public/home/student090/quantum-pump-l8/runs/l8-allobs-20260728T230945/static/static_0168_U_neg8d000000_t_p0d900000.npz,0.9,0.0007072753927217929,1,80
2.0,3.0,1.3814496188291656,8,2.0,0.337717364842243,-8.0,0.005,/public/home/student090/quantum-pump-l8/runs/l8-ut-20260728T195000/stage10/pair_0168_U_neg8d000000_t_p0d900000_N10.npz,20,0.3388471465015547,200,0.9,0.0988607669835495,505,3.552713678800501e-15,168,10.0,/public/home/student090/quantum-pump-l8/runs/l8-allobs-20260728T230945/static/static_0168_U_neg8d000000_t_p0d900000.npz,0.9,0.0011297816593116572,1,400
2.0,3.0,1.3814496188291656,8,2.0,1.4280904481985766,-8.0,0.005,/public/home/student090/quantum-pump-l8/runs/l8-ut-20260728T195000/stage10/pair_0168_U_neg8d000000_t_p0d900000_N10.npz,20,1.4298332093657369,1000,0.9,0.2278617156378752,506,9.103828801926284e-15,168,50.0,/public/home/student090/quantum-pump-l8/runs/l8-allobs-20260728T230945/static/static_0168_U_neg8d000000_t_p0d900000.npz,0.9,0.0017427611671603227,1,2000
2.0,3.0,1.6861498055436783,8,2.0,0.274790767621479,-6.0,0.005,/public/home/student090/quantum-pump-l8/runs/l8-ut-20260728T195000/stage10/pair_0169_U_neg6d000000_t_p0d900000_N10.npz,20,0.27592613275516076,40,0.9,0.010424614192482718,507,7.327471962526033e-15,169,2.0,/public/home/student090/quantum-pump-l8/runs/l8-allobs-20260728T230945/static/static_0169_U_neg6d000000_t_p0d900000.npz,0.9,0.0011353651336817316,1,80
2.0,3.0,1.6861498055436783,8,2.0,0.8560936367754447,-6.0,0.005,/public/home/student090/quantum-pump-l8/runs/l8-ut-20260728T195000/stage10/pair_0169_U_neg6d000000_t_p0d900000_N10.npz,20,0.8577380751758821,200,0.9,0.02452035169330577,508,3.68594044175552e-14,169,10.0,/public/home/student090/quantum-pump-l8/runs/l8-allobs-20260728T230945/static/static_0169_U_neg6d000000_t_p0d900000.npz,0.9,0.0016444384004373758,1,400
2.0,3.0,1.6861498055436783,8,2.0,1.6829962861739451,-6.0,0.005,/public/home/student090/quantum-pump-l8/runs/l8-ut-20260728T195000/stage10/pair_0169_U_neg6d000000_t_p0d900000_N10.npz,20,1.685138833828261,1000,0.9,0.4522871334780413,509,1.7741363933510002e-13,169,50.0,/public/home/student090/quantum-pump-l8/runs/l8-allobs-20260728T230945/static/static_0169_U_neg6d000000_t_p0d900000.npz,0.9,0.002142547654315763,1,2000
2.0000000000000004,3.0,2.11825205639472,8,1.9999999999999998,0.5757795677302787,-4.0,0.005,/public/home/student090/quantum-pump-l8/runs/l8-ut-20260728T195000/stage10/pair_0170_U_neg4d000000_t_p0d900000_N10.npz,10,0.5779323429967901,40,0.9,0.0016806128290436523,510,1.3322676295501878e-15,170,2.0,/public/home/student090/quantum-pump-l8/runs/l8-allobs-20260728T230945/static/static_0170_U_neg4d000000_t_p0d900000.npz,0.9,0.002152775266511364,1,80
2.0000000000000004,3.0,2.11825205639472,8,1.9999999999999998,1.3417395310738394,-4.0,0.005,/public/home/student090/quantum-pump-l8/runs/l8-ut-20260728T195000/stage10/pair_0170_U_neg4d000000_t_p0d900000_N10.npz,10,1.3439186306067916,200,0.9,0.013451042545065467,511,8.659739592076221e-15,170,10.0,/public/home/student090/quantum-pump-l8/runs/l8-allobs-20260728T230945/static/static_0170_U_neg4d000000_t_p0d900000.npz,0.9,0.0021790995329522556,1,400
2.0000000000000004,3.0,2.11825205639472,8,1.9999999999999998,1.9042024749201953,-4.0,0.005,/public/home/student090/quantum-pump-l8/runs/l8-ut-20260728T195000/stage10/pair_0170_U_neg4d000000_t_p0d900000_N10.npz,10,1.9067508583602035,1000,0.9,0.8067625795551797,512,6.705747068735946e-14,170,50.0,/public/home/student090/quantum-pump-l8/runs/l8-allobs-20260728T230945/static/static_0170_U_neg4d000000_t_p0d900000.npz,0.9,0.002548383440008184,1,2000
2.0,3.0,2.736308338453796,8,2.0,0.8279163979097304,-2.0,0.005,/public/home/student090/quantum-pump-l8/runs/l8-ut-20260728T195000/stage10/pair_0171_U_neg2d000000_t_p0d900000_N10.npz,10,0.8307941519153415,40,0.9,0.011833297652615435,513,7.327471962526033e-15,171,2.0,/public/home/student090/quantum-pump-l8/runs/l8-allobs-20260728T230945/static/static_0171_U_neg2d000000_t_p0d900000.npz,0.9,0.0028777540056110773,1,80
2.0,3.0,2.736308338453796,8,2.0,1.6203686014211762,-2.0,0.005,/public/home/student090/quantum-pump-l8/runs/l8-ut-20260728T195000/stage10/pair_0171_U_neg2d000000_t_p0d900000_N10.npz,10,1.623140380558183,200,0.9,0.219243265098064,514,2.0650148258027912e-14,171,10.0,/public/home/student090/quantum-pump-l8/runs/l8-allobs-20260728T230945/static/static_0171_U_neg2d000000_t_p0d900000.npz,0.9,0.002771779137006769,1,400
2.0,3.0,2.736308338453796,8,2.0,1.9817036844952043,-2.0,0.005,/public/home/student090/quantum-pump-l8/runs/l8-ut-20260728T195000/stage10/pair_0171_U_neg2d000000_t_p0d900000_N10.npz,10,1.9845287211286327,1000,0.9,0.9669185744459333,515,1.3566925360919413e-13,171,50.0,/public/home/student090/quantum-pump-l8/runs/l8-allobs-20260728T230945/static/static_0171_U_neg2d000000_t_p0d900000.npz,0.9,0.0028250366334283683,1,2000
2.0,3.0,3.599999999999948,8,2.0,1.053458182500805,0.0,0.005,/public/home/student090/quantum-pump-l8/runs/l8-ut-20260728T195000/stage10/pair_0172_U_p0d000000_t_p0d900000_N10.npz,10,1.057547730298843,40,0.9,0.020115610741814626,516,2.886579864025407e-15,172,2.0,/public/home/student090/quantum-pump-l8/runs/l8-allobs-20260728T230945/static/static_0172_U_p0d000000_t_p0d900000.npz,0.9,0.004089547798038051,1,80
2.0,3.0,3.599999999999948,8,2.0,1.9046495516317739,0.0,0.005,/public/home/student090/quantum-pump-l8/runs/l8-ut-20260728T195000/stage10/pair_0172_U_p0d000000_t_p0d900000_N10.npz,10,1.9078565017208393,200,0.9,0.8823231951740492,517,5.329070518200751e-15,172,10.0,/public/home/student090/quantum-pump-l8/runs/l8-allobs-20260728T230945/static/static_0172_U_p0d000000_t_p0d900000.npz,0.9,0.0032069500890654634,1,400
2.0,3.0,3.599999999999948,8,2.0,1.9980755267879777,0.0,0.005,/public/home/student090/quantum-pump-l8/runs/l8-ut-20260728T195000/stage10/pair_0172_U_p0d000000_t_p0d900000_N10.npz,10,2.0011506912023207,1000,0.9,0.9827409038308572,518,2.3092638912203256e-14,172,50.0,/public/home/student090/quantum-pump-l8/runs/l8-allobs-20260728T230945/static/static_0172_U_p0d000000_t_p0d900000.npz,0.9,0.003075164414342968,1,2000
2.0,3.0,2.7363083384538136,8,2.0,1.2047040582765602,2.0,0.005,/public/home/student090/quantum-pump-l8/runs/l8-ut-20260728T195000/stage10/pair_0173_U_p2d000000_t_p0d900000_N10.npz,10,1.2089376419966353,40,0.9,0.03543801060791879,519,5.551115123125783e-15,173,2.0,/public/home/student090/quantum-pump-l8/runs/l8-allobs-20260728T230945/static/static_0173_U_p2d000000_t_p0d900000.npz,0.9,0.004233583720075096,1,80
2.0,3.0,2.7363083384538136,8,2.0,1.9865054437962446,2.0,0.005,/public/home/student090/quantum-pump-l8/runs/l8-ut-20260728T195000/stage10/pair_0173_U_p2d000000_t_p0d900000_N10.npz,10,1.9897740614917843,200,0.9,0.9252647652928759,520,2.5979218776228663e-14,173,10.0,/public/home/student090/quantum-pump-l8/runs/l8-allobs-20260728T230945/static/static_0173_U_p2d000000_t_p0d900000.npz,0.9,0.003268617695539655,1,400
2.0,3.0,2.7363083384538136,8,2.0,2.0040695204699515,2.0,0.005,/public/home/student090/quantum-pump-l8/runs/l8-ut-20260728T195000/stage10/pair_0173_U_p2d000000_t_p0d900000_N10.npz,10,2.0072593903866323,1000,0.9,0.9968889482132902,521,1.1524114995609125e-13,173,50.0,/public/home/student090/quantum-pump-l8/runs/l8-allobs-20260728T230945/static/static_0173_U_p2d000000_t_p0d900000.npz,0.9,0.0031898699166807987,1,2000
1.9999999999999998,3.0,2.11825205639476,8,1.9999999999999996,0.8871128133424722,4.0,0.005,/public/home/student090/quantum-pump-l8/runs/l8-ut-20260728T195000/stage10/pair_0174_U_p4d000000_t_p0d900000_N10.npz,10,0.8894462821534521,40,0.9,0.005137779243102908,522,1.5543122344752192e-15,174,2.0,/public/home/student090/quantum-pump-l8/runs/l8-allobs-20260728T230945/static/static_0174_U_p4d000000_t_p0d900000.npz,0.9,0.002333468810979955,1,80
1.9999999999999998,3.0,2.11825205639476,8,1.9999999999999996,2.0070940966360644,4.0,0.005,/public/home/student090/quantum-pump-l8/runs/l8-ut-20260728T195000/stage10/pair_0174_U_p4d000000_t_p0d900000_N10.npz,10,2.010201567696992,200,0.9,0.9651378665295736,523,3.9968028886505635e-15,174,10.0,/public/home/student090/quantum-pump-l8/runs/l8-allobs-20260728T230945/static/static_0174_U_p4d000000_t_p0d900000.npz,0.9,0.003107471060927569,1,400
1.9999999999999998,3.0,2.11825205639476,8,1.9999999999999996,2.028745557879074,4.0,0.005,/public/home/student090/quantum-pump-l8/runs/l8-ut-20260728T195000/stage10/pair_0174_U_p4d000000_t_p0d900000_N10.npz,10,2.0318275779230452,1000,0.9,0.9996847350340329,524,1.509903313490213e-14,174,50.0,/public/home/student090/quantum-pump-l8/runs/l8-allobs-20260728T230945/static/static_0174_U_p4d000000_t_p0d900000.npz,0.9,0.0030820200439714007,1,2000
2.0,3.0,2.0553857477510187,8,2.0000000000000004,0.8317549933760514,4.25,0.005,/public/home/student090/quantum-pump-l8/runs/l8-ut-20260728T195000/stage10/pair_0175_U_p4d250000_t_p0d900000_N10.npz,10,0.8338547035065452,40,0.9,0.0027218666670809715,525,4.884981308350689e-15,175,2.0,/public/home/student090/quantum-pump-l8/runs/l8-allobs-20260728T230945/static/static_0175_U_p4d250000_t_p0d900000.npz,0.9,0.002099710130493815,1,80
2.0,3.0,2.0553857477510187,8,2.0000000000000004,1.9984718424638046,4.25,0.005,/public/home/student090/quantum-pump-l8/runs/l8-ut-20260728T195000/stage10/pair_0175_U_p4d250000_t_p0d900000_N10.npz,10,2.0015124311149304,200,0.9,0.9369259191105673,526,2.6756374893466273e-14,175,10.0,/public/home/student090/quantum-pump-l8/runs/l8-allobs-20260728T230945/static/static_0175_U_p4d250000_t_p0d900000.npz,0.9,0.003040588651125775,1,400
2.0,3.0,2.0553857477510187,8,2.0000000000000004,2.0389942650956017,4.25,0.005,/public/home/student090/quantum-pump-l8/runs/l8-ut-20260728T195000/stage10/pair_0175_U_p4d250000_t_p0d900000_N10.npz,10,2.0420438731877866,1000,0.9,0.9995230326107791,527,1.354472090042691e-13,175,50.0,/public/home/student090/quantum-pump-l8/runs/l8-allobs-20260728T230945/static/static_0175_U_p4d250000_t_p0d900000.npz,0.9,0.003049608092184908,1,2000
2.0,3.0,1.995291509425436,8,2.0000000000000004,0.7783550230639767,4.5,0.005,/public/home/student090/quantum-pump-l8/runs/l8-ut-20260728T195000/stage10/pair_0176_U_p4d500000_t_p0d900000_N10.npz,10,0.7802387485551828,40,0.9,0.0015791993125735147,528,7.549516567451064e-15,176,2.0,/public/home/student090/quantum-pump-l8/runs/l8-allobs-20260728T230945/static/static_0176_U_p4d500000_t_p0d900000.npz,0.9,0.0018837254912060786,1,80
2.0,3.0,1.995291509425436,8,2.0000000000000004,1.9667187919581848,4.5,0.005,/public/home/student090/quantum-pump-l8/runs/l8-ut-20260728T195000/stage10/pair_0176_U_p4d500000_t_p0d900000_N10.npz,10,1.9696581408876888,200,0.9,0.8538741423804489,529,5.206945985491984e-14,176,10.0,/public/home/student090/quantum-pump-l8/runs/l8-allobs-20260728T230945/static/static_0176_U_p4d500000_t_p0d900000.npz,0.9,0.002939348929503982,1,400
2.0,3.0,1.995291509425436,8,2.0000000000000004,2.0532032108369735,4.5,0.005,/public/home/student090/quantum-pump-l8/runs/l8-ut-20260728T195000/stage10/pair_0176_U_p4d500000_t_p0d900000_N10.npz,10,2.056216398325731,1000,0.9,0.9990031352368393,530,2.3803181647963356e-13,176,50.0,/public/home/student090/quantum-pump-l8/runs/l8-allobs-20260728T230945/static/static_0176_U_p4d500000_t_p0d900000.npz,0.9,0.0030131874887575627,1,2000
2.0000000000000004,3.0,1.9378441891633136,8,2.0,0.7280705835201908,4.75,0.005,/public/home/student090/quantum-pump-l8/runs/l8-ut-20260728T195000/stage10/pair_0177_U_p4d750000_t_p0d900000_N10.npz,10,0.7297568332889492,40,0.9,0.0012034778952559567,531,5.773159728050814e-15,177,2.0,/public/home/student090/quantum-pump-l8/runs/l8-allobs-20260728T230945/static/static_0177_U_p4d750000_t_p0d900000.npz,0.9,0.0016862497687584188,1,80
2.0000000000000004,3.0,1.9378441891633136,8,2.0,1.8970575269614718,4.75,0.005,/public/home/student090/quantum-pump-l8/runs/l8-ut-20260728T195000/stage10/pair_0177_U_p4d750000_t_p0d900000_N10.npz,10,1.8998601471572756,200,0.9,0.6977334368875305,532,1.3322676295501878e-14,177,10.0,/public/home/student090/quantum-pump-l8/runs/l8-allobs-20260728T230945/static/static_0177_U_p4d750000_t_p0d900000.npz,0.9,0.0028026201958037955,1,400
2.0000000000000004,3.0,1.9378441891633136,8,2.0,2.072814861681211,4.75,0.005,/public/home/student090/quantum-pump-l8/runs/l8-ut-20260728T195000/stage10/pair_0177_U_p4d750000_t_p0d900000_N10.npz,10,2.0757895180402315,1000,0.9,0.9994314007565972,533,7.66053886991358e-14,177,50.0,/public/home/student090/quantum-pump-l8/runs/l8-allobs-20260728T230945/static/static_0177_U_p4d750000_t_p0d900000.npz,0.9,0.0029746563590205,1,2000
2.0,3.0,1.8829214001621741,8,2.0,0.6816923381871404,5.0,0.005,/public/home/student090/quantum-pump-l8/runs/l8-ut-20260728T195000/stage10/pair_0178_U_p5d000000_t_p0d900000_N10.npz,10,0.6831988562620801,40,0.9,0.001431158423522033,534,9.325873406851315e-15,178,2.0,/public/home/student090/quantum-pump-l8/runs/l8-allobs-20260728T230945/static/static_0178_U_p5d000000_t_p0d900000.npz,0.9,0.0015065180749397333,1,80
2.0,3.0,1.8829214001621741,8,2.0,1.7802747067615547,5.0,0.005,/public/home/student090/quantum-pump-l8/runs/l8-ut-20260728T195000/stage10/pair_0178_U_p5d000000_t_p0d900000_N10.npz,10,1.7829097514664478,200,0.9,0.47701749776767516,535,5.950795411990839e-14,178,10.0,/public/home/student090/quantum-pump-l8/runs/l8-allobs-20260728T230945/static/static_0178_U_p5d000000_t_p0d900000.npz,0.9,0.0026350447048930636,1,400
2.0,3.0,1.8829214001621741,8,2.0,2.1002091313894273,5.0,0.005,/public/home/student090/quantum-pump-l8/runs/l8-ut-20260728T195000/stage10/pair_0178_U_p5d000000_t_p0d900000_N10.npz,10,2.1031379563385624,1000,0.9,0.9995220730331374,536,2.9953817204386723e-13,178,50.0,/public/home/student090/quantum-pump-l8/runs/l8-allobs-20260728T230945/static/static_0178_U_p5d000000_t_p0d900000.npz,0.9,0.002928824949135045,1,2000
2.0000000000000004,3.0,1.793370040125418,8,2.0,0.6396341059912592,5.25,0.005,/public/home/student090/quantum-pump-l8/runs/l8-ut-20260728T195000/stage10/pair_0179_U_p5d250000_t_p0d900000_N10.npz,10,0.6409767319923558,40,0.9,0.002161810660236866,537,9.325873406851315e-15,179,2.0,/public/home/student090/quantum-pump-l8/runs/l8-allobs-20260728T230945/static/static_0179_U_p5d250000_t_p0d900000.npz,0.9,0.0013426260010965807,1,80
2.0000000000000004,3.0,1.793370040125418,8,2.0,1.6206139307762555,5.25,0.005,/public/home/student090/quantum-pump-l8/runs/l8-ut-20260728T195000/stage10/pair_0179_U_p5d250000_t_p0d900000_N10.npz,10,1.623051504973125,200,0.9,0.24090238366705408,538,6.183942247162122e-14,179,10.0,/public/home/student090/quantum-pump-l8/runs/l8-allobs-20260728T230945/static/static_0179_U_p5d250000_t_p0d900000.npz,0.9,0.0024375741968694076,1,400
2.0000000000000004,3.0,1.793370040125418,8,2.0,2.134080615968729,5.25,0.005,/public/home/student090/quantum-pump-l8/runs/l8-ut-20260728T195000/stage10/pair_0179_U_p5d250000_t_p0d900000_N10.npz,10,2.1369569940973507,1000,0.9,0.9941111593431725,539,3.4794389591752406e-13,179,50.0,/public/home/student090/quantum-pump-l8/runs/l8-allobs-20260728T230945/static/static_0179_U_p5d250000_t_p0d900000.npz,0.9,0.002876378128621848,1,2000
1.9999999999999998,3.0,1.6614008983255264,8,2.0,0.6019572275754219,5.5,0.005,/public/home/student090/quantum-pump-l8/runs/l8-ut-20260728T195000/stage10/pair_0180_U_p5d500000_t_p0d900000_N10.npz,10,0.6031491942862206,40,0.9,0.0030100831384682436,540,5.995204332975845e-15,180,2.0,/public/home/student090/quantum-pump-l8/runs/l8-allobs-20260728T230945/static/static_0180_U_p5d500000_t_p0d900000.npz,0.9,0.0011919667107986864,1,80
1.9999999999999998,3.0,1.6614008983255264,8,2.0,1.4356435093841708,5.5,0.005,/public/home/student090/quantum-pump-l8/runs/l8-ut-20260728T195000/stage10/pair_0180_U_p5d500000_t_p0d900000_N10.npz,10,1.4378648315935774,200,0.9,0.06764256030005554,541,1.8207657603852567e-14,180,10.0,/public/home/student090/quantum-pump-l8/runs/l8-allobs-20260728T230945/static/static_0180_U_p5d500000_t_p0d900000.npz,0.9,0.0022213222094065177,1,400
1.9999999999999998,3.0,1.6614008983255264,8,2.0,2.147235426329628,5.5,0.005,/public/home/student090/quantum-pump-l8/runs/l8-ut-20260728T195000/stage10/pair_0180_U_p5d500000_t_p0d900000_N10.npz,10,2.1500436497889877,1000,0.9,0.9445362471856306,542,3.219646771412954e-14,180,50.0,/public/home/student090/quantum-pump-l8/runs/l8-allobs-20260728T230945/static/static_0180_U_p5d500000_t_p0d900000.npz,0.9,0.0028082234593598265,1,2000
2.0000000000000004,3.0,1.025727626359557,8,2.0,0.5684224298454411,5.75,0.005,/public/home/student090/quantum-pump-l8/runs/l8-ut-20260728T195000/stage10/pair_0181_U_p5d750000_t_p0d900000_N10.npz,20,0.5694741191984337,40,0.9,0.003371972255274888,543,1.9984014443252818e-15,181,2.0,/public/home/student090/quantum-pump-l8/runs/l8-allobs-20260728T230945/static/static_0181_U_p5d750000_t_p0d900000.npz,0.9,0.001051689352992602,1,80
2.0000000000000004,3.0,1.025727626359557,8,2.0,1.2554357580731492,5.75,0.005,/public/home/student090/quantum-pump-l8/runs/l8-ut-20260728T195000/stage10/pair_0181_U_p5d750000_t_p0d900000_N10.npz,20,1.25746981761688,200,0.9,0.020178566452418587,544,1.5210055437364645e-14,181,10.0,/public/home/student090/quantum-pump-l8/runs/l8-allobs-20260728T230945/static/static_0181_U_p5d750000_t_p0d900000.npz,0.9,0.002034059543730704,1,400
2.0000000000000004,3.0,1.025727626359557,8,2.0,2.0934487660285552,5.75,0.005,/public/home/student090/quantum-pump-l8/runs/l8-ut-20260728T195000/stage10/pair_0181_U_p5d750000_t_p0d900000_N10.npz,20,2.0961601738195283,1000,0.9,0.8296903858718288,545,1.3655743202889425e-13,181,50.0,/public/home/student090/quantum-pump-l8/runs/l8-allobs-20260728T230945/static/static_0181_U_p5d750000_t_p0d900000.npz,0.9,0.0027114077909731193,1,2000
2.0,3.0,0.9870919634113555,8,2.0,0.5621743766979315,5.8,0.005,/public/home/student090/quantum-pump-l8/runs/l8-ut-20260728T195000/stage10/pair_0182_U_p5d800000_t_p0d900000_N10.npz,20,0.5631990140069871,40,0.9,0.00334386111128485,546,7.993605777301127e-15,182,2.0,/public/home/student090/quantum-pump-l8/runs/l8-allobs-20260728T230945/static/static_0182_U_p5d800000_t_p0d900000.npz,0.9,0.0010246373090556649,1,80
2.0,3.0,0.9870919634113555,8,2.0,1.2234163791274066,5.8,0.005,/public/home/student090/quantum-pump-l8/runs/l8-ut-20260728T195000/stage10/pair_0182_U_p5d800000_t_p0d900000_N10.npz,20,1.2254209337985718,200,0.9,0.026826975481982266,547,5.1181281435219717e-14,182,10.0,/public/home/student090/quantum-pump-l8/runs/l8-allobs-20260728T230945/static/static_0182_U_p5d800000_t_p0d900000.npz,0.9,0.002004554671165115,1,400
2.0,3.0,0.9870919634113555,8,2.0,2.0874469823290522,5.8,0.005,/public/home/student090/quantum-pump-l8/runs/l8-ut-20260728T195000/stage10/pair_0182_U_p5d800000_t_p0d900000_N10.npz,20,2.090127850441055,1000,0.9,0.8230929037168445,548,3.1397107136399427e-13,182,50.0,/public/home/student090/quantum-pump-l8/runs/l8-allobs-20260728T230945/static/static_0182_U_p5d800000_t_p0d900000.npz,0.9,0.0026808681120029654,1,2000
2.0000000000000004,3.0,0.8340322639272051,8,2.0,0.5385602623095991,6.0,0.005,/public/home/student090/quantum-pump-l8/runs/l8-ut-20260728T195000/stage10/pair_0183_U_p6d000000_t_p0d900000_N10.npz,20,0.5394793853840245,40,0.9,0.002883579509680783,549,8.992806499463768e-15,183,2.0,/public/home/student090/quantum-pump-l8/runs/l8-allobs-20260728T230945/static/static_0183_U_p6d000000_t_p0d900000.npz,0.9,0.000919123074425432,1,80
2.0000000000000004,3.0,0.8340322639272051,8,2.0,1.1154088575256318,6.0,0.005,/public/home/student090/quantum-pump-l8/runs/l8-ut-20260728T195000/stage10/pair_0183_U_p6d000000_t_p0d900000_N10.npz,20,1.1173203021402411,200,0.9,0.09030010929029106,550,5.029310301551959e-14,183,10.0,/public/home/student090/quantum-pump-l8/runs/l8-allobs-20260728T230945/static/static_0183_U_p6d000000_t_p0d900000.npz,0.9,0.0019114446146093478,1,400
2.0000000000000004,3.0,0.8340322639272051,8,2.0,2.0616156706736866,6.0,0.005,/public/home/student090/quantum-pump-l8/runs/l8-ut-20260728T195000/stage10/pair_0183_U_p6d000000_t_p0d900000_N10.npz,20,2.0641528374585505,1000,0.9,0.9035179830464312,551,3.170796958329447e-13,183,50.0,/public/home/student090/quantum-pump-l8/runs/l8-allobs-20260728T230945/static/static_0183_U_p6d000000_t_p0d900000.npz,0.9,0.002537166784863931,1,2000
2.0000000000000004,3.0,0.6838086977326441,8,1.9999999999999996,0.5169009894545384,6.2,0.005,/public/home/student090/quantum-pump-l8/runs/l8-ut-20260728T195000/stage10/pair_0184_U_p6d200000_t_p0d900000_N10.npz,20,0.5177181425034841,40,0.9,0.0020562655812487902,552,2.220446049250313e-15,184,2.0,/public/home/student090/quantum-pump-l8/runs/l8-allobs-20260728T230945/static/static_0184_U_p6d200000_t_p0d900000.npz,0.9,0.0008171530489456957,1,80
2.0000000000000004,3.0,0.6838086977326441,8,1.9999999999999996,1.029344890453933,6.2,0.005,/public/home/student090/quantum-pump-l8/runs/l8-ut-20260728T195000/stage10/pair_0184_U_p6d200000_t_p0d900000_N10.npz,20,1.0311778442494592,200,0.9,0.16251726510164818,553,3.219646771412954e-15,184,10.0,/public/home/student090/quantum-pump-l8/runs/l8-allobs-20260728T230945/static/static_0184_U_p6d200000_t_p0d900000.npz,0.9,0.001832953795526171,1,400
2.0000000000000004,3.0,0.6838086977326441,8,1.9999999999999996,1.8575150653613763,6.2,0.005,/public/home/student090/quantum-pump-l8/runs/l8-ut-20260728T195000/stage10/pair_0184_U_p6d200000_t_p0d900000_N10.npz,20,1.8598557485828986,1000,0.9,0.5559776253149076,554,4.18554080283684e-14,184,50.0,/public/home/student090/quantum-pump-l8/runs/l8-allobs-20260728T230945/static/static_0184_U_p6d200000_t_p0d900000.npz,0.9,0.002340683221522255,1,2000
2.0,3.0,0.6467874639829434,8,2.0,0.5117504075309472,6.25,0.005,/public/home/student090/quantum-pump-l8/runs/l8-ut-20260728T195000/stage10/pair_0185_U_p6d250000_t_p0d900000_N10.npz,20,0.512542524848997,40,0.9,0.0018432411631552677,555,9.547918011776346e-15,185,2.0,/public/home/student090/quantum-pump-l8/runs/l8-allobs-20260728T230945/static/static_0185_U_p6d250000_t_p0d900000.npz,0.9,0.0007921173180497343,1,80
2.0,3.0,0.6467874639829434,8,2.0,1.0071886016021947,6.25,0.005,/public/home/student090/quantum-pump-l8/runs/l8-ut-20260728T195000/stage10/pair_0185_U_p6d250000_t_p0d900000_N10.npz,20,1.0089998501164628,200,0.9,0.17298581674915398,556,5.284661597215745e-14,185,10.0,/public/home/student090/quantum-pump-l8/runs/l8-allobs-20260728T230945/static/static_0185_U_p6d250000_t_p0d900000.npz,0.9,0.00181124851426806,1,400
2.0,3.0,0.6467874639829434,8,2.0,1.6474718559577868,6.25,0.005,/public/home/student090/quantum-pump-l8/runs/l8-ut-20260728T195000/stage10/pair_0185_U_p6d250000_t_p0d900000_N10.npz,20,1.649754136080726,1000,0.9,0.3624192731460879,557,2.90656387846866e-13,185,50.0,/public/home/student090/quantum-pump-l8/runs/l8-allobs-20260728T230945/static/static_0185_U_p6d250000_t_p0d900000.npz,0.9,0.0022822801229391843,1,2000
2.0,3.0,0.4657160263289146,8,1.9999999999999996,0.48730072842533556,6.5,0.005,/public/home/student090/quantum-pump-l8/runs/l8-ut-20260728T195000/stage10/pair_0186_U_p6d500000_t_p0d900000_N10.npz,20,0.4879699907625514,40,0.9,0.0012098761891623996,558,7.882583474838611e-15,186,2.0,/public/home/student090/quantum-pump-l8/runs/l8-allobs-20260728T230945/static/static_0186_U_p6d500000_t_p0d900000.npz,0.9,0.0006692623372158146,1,80
2.0,3.0,0.4657160263289146,8,1.9999999999999996,0.862924403252045,6.5,0.005,/public/home/student090/quantum-pump-l8/runs/l8-ut-20260728T195000/stage10/pair_0186_U_p6d500000_t_p0d900000_N10.npz,20,0.8646090976049233,200,0.9,0.14556507507098237,559,3.852473895449293e-14,186,10.0,/public/home/student090/quantum-pump-l8/runs/l8-allobs-20260728T230945/static/static_0186_U_p6d500000_t_p0d900000.npz,0.9,0.0016846943528783243,1,400
2.0,3.0,0.4657160263289146,8,1.9999999999999996,0.7464352923011419,6.5,0.005,/public/home/student090/quantum-pump-l8/runs/l8-ut-20260728T195000/stage10/pair_0186_U_p6d500000_t_p0d900000_N10.npz,20,0.7484148025149314,1000,0.9,0.013338202739054636,560,2.0483614804334138e-13,186,50.0,/public/home/student090/quantum-pump-l8/runs/l8-allobs-20260728T230945/static/static_0186_U_p6d500000_t_p0d900000.npz,0.9,0.0019795102137895038,1,2000
2.0,3.0,0.2934022354759822,8,1.9999999999999996,0.46451847689238956,6.75,0.005,/public/home/student090/quantum-pump-l8/runs/l8-ut-20260728T195000/stage10/pair_0187_U_p6d750000_t_p0d900000_N10.npz,20,0.4650684498332693,40,0.9,0.0021422685802694355,561,7.327471962526033e-15,187,2.0,/public/home/student090/quantum-pump-l8/runs/l8-allobs-20260728T230945/static/static_0187_U_p6d750000_t_p0d900000.npz,0.9,0.0005499729408797172,1,80
2.0,3.0,0.2934022354759822,8,1.9999999999999996,0.6723665785451858,6.75,0.005,/public/home/student090/quantum-pump-l8/runs/l8-ut-20260728T195000/stage10/pair_0187_U_p6d750000_t_p0d900000_N10.npz,20,0.6739454143146244,200,0.9,0.053157764813790837,562,3.5083047578154947e-14,187,10.0,/public/home/student090/quantum-pump-l8/runs/l8-allobs-20260728T230945/static/static_0187_U_p6d750000_t_p0d900000.npz,0.9,0.0015788357694386246,1,400
2.0,3.0,0.2934022354759822,8,1.9999999999999996,1.0374223197081094,6.75,0.005,/public/home/student090/quantum-pump-l8/runs/l8-ut-20260728T195000/stage10/pair_0187_U_p6d750000_t_p0d900000_N10.npz,20,1.0391744442944808,1000,0.9,0.7954374544841036,563,1.687538997430238e-13,187,50.0,/public/home/student090/quantum-pump-l8/runs/l8-allobs-20260728T230945/static/static_0187_U_p6d750000_t_p0d900000.npz,0.9,0.0017521245863714174,1,2000
2.0,3.0,0.13345108731412747,8,2.0,0.44276823876238475,7.0,0.005,/public/home/student090/quantum-pump-l8/runs/l8-ut-20260728T195000/stage10/pair_0188_U_p7d000000_t_p0d900000_N10.npz,20,0.4432026795094946,40,0.9,0.0053694348303081575,564,4.218847493575595e-15,188,2.0,/public/home/student090/quantum-pump-l8/runs/l8-allobs-20260728T230945/static/static_0188_U_p7d000000_t_p0d900000.npz,0.9,0.00043444074710985436,1,80
2.0,3.0,0.13345108731412747,8,2.0,0.5313484527375036,7.0,0.005,/public/home/student090/quantum-pump-l8/runs/l8-ut-20260728T195000/stage10/pair_0188_U_p7d000000_t_p0d900000_N10.npz,20,0.5328827376755283,200,0.9,0.11895864780090529,565,2.5757174171303632e-14,188,10.0,/public/home/student090/quantum-pump-l8/runs/l8-allobs-20260728T230945/static/static_0188_U_p7d000000_t_p0d900000.npz,0.9,0.0015342849380246548,1,400
2.0,3.0,0.13345108731412747,8,2.0,0.33850095504174105,7.0,0.005,/public/home/student090/quantum-pump-l8/runs/l8-ut-20260728T195000/stage10/pair_0188_U_p7d000000_t_p0d900000_N10.npz,20,0.3399434269876514,1000,0.9,0.281476760280368,566,1.2956302697375577e-13,188,50.0,/public/home/student090/quantum-pump-l8/runs/l8-allobs-20260728T230945/static/static_0188_U_p7d000000_t_p0d900000.npz,0.9,0.0014424719459103508,1,2000
-1.7669748230352872e-16,3.0,0.009623588788784332,8,-5.551115123125783e-17,0.4215135404534018,7.25,0.005,/public/home/student090/quantum-pump-l8/runs/l8-ut-20260728T195000/stage10/pair_0189_U_p7d250000_t_p0d900000_N10.npz,20,0.4218370219801287,40,0.9,0.010768374939422733,567,7.438494264988549e-15,189,2.0,/public/home/student090/quantum-pump-l8/runs/l8-allobs-20260728T230945/static/static_0189_U_p7d250000_t_p0d900000.npz,0.9,0.00032348152672689867,1,80
-1.7669748230352872e-16,3.0,0.009623588788784332,8,-5.551115123125783e-17,0.46821985344787576,7.25,0.005,/public/home/student090/quantum-pump-l8/runs/l8-ut-20260728T195000/stage10/pair_0189_U_p7d250000_t_p0d900000_N10.npz,20,0.4696817806333973,200,0.9,0.4019185610553635,568,4.030109579389318e-14,189,10.0,/public/home/student090/quantum-pump-l8/runs/l8-allobs-20260728T230945/static/static_0189_U_p7d250000_t_p0d900000.npz,0.9,0.001461927185521572,1,400
-1.7669748230352872e-16,3.0,0.009623588788784332,8,-5.551115123125783e-17,0.2794448154609806,7.25,0.005,/public/home/student090/quantum-pump-l8/runs/l8-ut-20260728T195000/stage10/pair_0189_U_p7d250000_t_p0d900000_N10.npz,20,0.2807677326361383,1000,0.9,0.5714590743503171,569,2.0894397323445446e-13,189,50.0,/public/home/student090/quantum-pump-l8/runs/l8-allobs-20260728T230945/static/static_0189_U_p7d250000_t_p0d900000.npz,0.9,0.0013229171751577007,1,2000
3.533949646070574e-17,3.0,0.13111407848771162,8,1.1102230246251565e-16,0.40034128906762656,7.5,0.005,/public/home/student090/quantum-pump-l8/runs/l8-allobs-20260728T230945/chern10/pair_0190_U_p7d500000_t_p0d900000_N10.npz,20,0.40055960894588494,40,0.9,0.01737458039456517,570,5.995204332975845e-15,190,2.0,/public/home/student090/quantum-pump-l8/runs/l8-allobs-20260728T230945/static/static_0190_U_p7d500000_t_p0d900000.npz,0.9,0.0002183198782583773,1,80
3.533949646070574e-17,3.0,0.13111407848771162,8,1.1102230246251565e-16,0.3791349331530494,7.5,0.005,/public/home/student090/quantum-pump-l8/runs/l8-allobs-20260728T230945/chern10/pair_0190_U_p7d500000_t_p0d900000_N10.npz,20,0.3804324892145309,200,0.9,0.6195737753354211,571,2.2648549702353193e-14,190,10.0,/public/home/student090/quantum-pump-l8/runs/l8-allobs-20260728T230945/static/static_0190_U_p7d500000_t_p0d900000.npz,0.9,0.001297556061481464,1,400
3.533949646070574e-17,3.0,0.13111407848771162,8,1.1102230246251565e-16,0.2768443712107552,7.5,0.005,/public/home/student090/quantum-pump-l8/runs/l8-allobs-20260728T230945/chern10/pair_0190_U_p7d500000_t_p0d900000_N10.npz,20,0.278137015906864,1000,0.9,0.8334788675037914,572,1.0014211682118912e-13,190,50.0,/public/home/student090/quantum-pump-l8/runs/l8-allobs-20260728T230945/static/static_0190_U_p7d500000_t_p0d900000.npz,0.9,0.0012926446961087912,1,2000
-3.533949646070574e-17,3.0,0.22758208895752396,8,0.0,0.37897015177493704,7.75,0.005,/public/home/student090/quantum-pump-l8/runs/l8-allobs-20260728T230945/chern10/pair_0191_U_p7d750000_t_p0d900000_N10.npz,20,0.3790905114284047,40,0.9,0.023804038444807597,573,5.10702591327572e-15,191,2.0,/public/home/student090/quantum-pump-l8/runs/l8-allobs-20260728T230945/static/static_0191_U_p7d750000_t_p0d900000.npz,0.9,0.00012035965346768318,1,80
-3.533949646070574e-17,3.0,0.22758208895752396,8,0.0,0.22190533730915465,7.75,0.005,/public/home/student090/quantum-pump-l8/runs/l8-allobs-20260728T230945/chern10/pair_0191_U_p7d750000_t_p0d900000_N10.npz,20,0.2230197961069253,200,0.9,0.5515211841727418,574,2.8976820942716586e-14,191,10.0,/public/home/student090/quantum-pump-l8/runs/l8-allobs-20260728T230945/static/static_0191_U_p7d750000_t_p0d900000.npz,0.9,0.00111445879777064,1,400
-3.533949646070574e-17,3.0,0.22758208895752396,8,0.0,-0.017084619767262072,7.75,0.005,/public/home/student090/quantum-pump-l8/runs/l8-allobs-20260728T230945/chern10/pair_0191_U_p7d750000_t_p0d900000_N10.npz,20,-0.015798533052188108,1000,0.9,0.9393834394057339,575,1.5232259897857148e-13,191,50.0,/public/home/student090/quantum-pump-l8/runs/l8-allobs-20260728T230945/static/static_0191_U_p7d750000_t_p0d900000.npz,0.9,0.001286086715073964,1,2000
7.067899292141149e-17,3.0,0.29333141606666135,8,0.0,0.357245469125815,8.0,0.005,/public/home/student090/quantum-pump-l8/runs/l8-allobs-20260728T230945/chern10/pair_0192_U_p8d000000_t_p0d900000_N10.npz,20,0.3572764527884792,40,0.9,0.028876162560595654,576,1.7763568394002505e-15,192,2.0,/public/home/student090/quantum-pump-l8/runs/l8-allobs-20260728T230945/static/static_0192_U_p8d000000_t_p0d900000.npz,0.9,3.098366266418573e-05,1,80
7.067899292141149e-17,3.0,0.29333141606666135,8,0.0,0.09078172008920156,8.0,0.005,/public/home/student090/quantum-pump-l8/runs/l8-allobs-20260728T230945/chern10/pair_0192_U_p8d000000_t_p0d900000_N10.npz,20,0.09179436841624031,200,0.9,0.3799149183850363,577,1.1324274851176597e-14,192,10.0,/public/home/student090/quantum-pump-l8/runs/l8-allobs-20260728T230945/static/static_0192_U_p8d000000_t_p0d900000.npz,0.9,0.0010126483270387482,1,400
7.067899292141149e-17,3.0,0.29333141606666135,8,0.0,-0.004217628701078992,8.0,0.005,/public/home/student090/quantum-pump-l8/runs/l8-allobs-20260728T230945/chern10/pair_0192_U_p8d000000_t_p0d900000_N10.npz,20,-0.0029021778745283488,1000,0.9,0.8230433288776837,578,4.529709940470639e-14,192,50.0,/public/home/student090/quantum-pump-l8/runs/l8-allobs-20260728T230945/static/static_0192_U_p8d000000_t_p0d900000.npz,0.9,0.0013154508265506432,1,2000
9.718361526694079e-17,3.0,0.28633109631687015,8,0.0,0.3351242570000805,8.25,0.005,/public/home/student090/quantum-pump-l8/runs/l8-allobs-20260728T230945/chern10/pair_0193_U_p8d250000_t_p0d900000_N10.npz,20,0.3350756687167405,40,0.9,0.0321680062465144,579,1.7763568394002505e-15,193,2.0,/public/home/student090/quantum-pump-l8/runs/l8-allobs-20260728T230945/static/static_0193_U_p8d250000_t_p0d900000.npz,0.9,4.858828334003418e-05,1,80
9.718361526694079e-17,3.0,0.28633109631687015,8,0.0,0.057287730219996454,8.25,0.005,/public/home/student090/quantum-pump-l8/runs/l8-allobs-20260728T230945/chern10/pair_0193_U_p8d250000_t_p0d900000_N10.npz,20,0.05826380288883184,200,0.9,0.3698314294499406,580,9.769962616701378e-15,193,10.0,/public/home/student090/quantum-pump-l8/runs/l8-allobs-20260728T230945/static/static_0193_U_p8d250000_t_p0d900000.npz,0.9,0.0009760726688353843,1,400
9.718361526694079e-17,3.0,0.28633109631687015,8,0.0,0.11004284116152994,8.25,0.005,/public/home/student090/quantum-pump-l8/runs/l8-allobs-20260728T230945/chern10/pair_0193_U_p8d250000_t_p0d900000_N10.npz,20,0.11135670458450553,1000,0.9,0.33987829544556086,581,6.483702463810914e-14,193,50.0,/public/home/student090/quantum-pump-l8/runs/l8-allobs-20260728T230945/static/static_0193_U_p8d250000_t_p0d900000.npz,0.9,0.0013138634229755836,1,2000
-7.951386703658792e-17,3.0,0.27832568617711617,8,0.0,0.31265424052323304,8.5,0.005,/public/home/student090/quantum-pump-l8/runs/l8-allobs-20260728T230945/chern10/pair_0194_U_p8d500000_t_p0d900000_N10.npz,20,0.31253686687381715,40,0.9,0.03428801954006842,582,3.219646771412954e-15,194,2.0,/public/home/student090/quantum-pump-l8/runs/l8-allobs-20260728T230945/static/static_0194_U_p8d500000_t_p0d900000.npz,0.9,0.00011737364941588613,1,80
-7.951386703658792e-17,3.0,0.27832568617711617,8,0.0,0.07599144867021439,8.5,0.005,/public/home/student090/quantum-pump-l8/runs/l8-allobs-20260728T230945/chern10/pair_0194_U_p8d500000_t_p0d900000_N10.npz,20,0.07689976392246904,200,0.9,0.4826892558363503,583,1.5654144647214707e-14,194,10.0,/public/home/student090/quantum-pump-l8/runs/l8-allobs-20260728T230945/static/static_0194_U_p8d500000_t_p0d900000.npz,0.9,0.0009083152522546545,1,400
-7.951386703658792e-17,3.0,0.27832568617711617,8,0.0,0.04290239378231808,8.5,0.005,/public/home/student090/quantum-pump-l8/runs/l8-allobs-20260728T230945/chern10/pair_0194_U_p8d500000_t_p0d900000_N10.npz,20,0.04420621327099591,1000,0.9,0.36156544262111534,584,1.1102230246251565e-14,194,50.0,/public/home/student090/quantum-pump-l8/runs/l8-allobs-20260728T230945/static/static_0194_U_p8d500000_t_p0d900000.npz,0.9,0.001303819488677825,1,2000
1.4135798584282297e-16,3.0,0.26974167112160874,8,0.0,0.28995068974733446,8.75,0.005,/public/home/student090/quantum-pump-l8/runs/l8-allobs-20260728T230945/chern10/pair_0195_U_p8d750000_t_p0d900000_N10.npz,20,0.2897760462640152,40,0.9,0.03678267709310145,585,1.2212453270876722e-15,195,2.0,/public/home/student090/quantum-pump-l8/runs/l8-allobs-20260728T230945/static/static_0195_U_p8d750000_t_p0d900000.npz,0.9,0.00017464348331924784,1,80
1.4135798584282297e-16,3.0,0.26974167112160874,8,0.0,0.07254245347111239,8.75,0.005,/public/home/student090/quantum-pump-l8/runs/l8-allobs-20260728T230945/chern10/pair_0195_U_p8d750000_t_p0d900000_N10.npz,20,0.07334324809376208,200,0.9,0.5282339261227041,586,6.8833827526759706e-15,195,10.0,/public/home/student090/quantum-pump-l8/runs/l8-allobs-20260728T230945/static/static_0195_U_p8d750000_t_p0d900000.npz,0.9,0.0008007946226496893,1,400
1.4135798584282297e-16,3.0,0.26974167112160874,8,0.0,-0.05354218148788492,8.75,0.005,/public/home/student090/quantum-pump-l8/runs/l8-allobs-20260728T230945/chern10/pair_0195_U_p8d750000_t_p0d900000_N10.npz,20,-0.052228660510167245,1000,0.9,0.8710802800556549,587,4.618527782440651e-14,195,50.0,/public/home/student090/quantum-pump-l8/runs/l8-allobs-20260728T230945/static/static_0195_U_p8d750000_t_p0d900000.npz,0.9,0.0013135209777176762,1,2000
-9.276617820935258e-17,3.0,0.26090744289870216,8,0.0,0.2671741711236955,9.0,0.005,/public/home/student090/quantum-pump-l8/runs/l8-allobs-20260728T230945/chern10/pair_0196_U_p9d000000_t_p0d900000_N10.npz,20,0.2669542676832787,40,0.9,0.04173013271582419,588,5.329070518200751e-15,196,2.0,/public/home/student090/quantum-pump-l8/runs/l8-allobs-20260728T230945/static/static_0196_U_p9d000000_t_p0d900000.npz,0.9,0.0002199034404168354,1,80
-9.276617820935258e-17,3.0,0.26090744289870216,8,0.0,0.03892672703334281,9.0,0.005,/public/home/student090/quantum-pump-l8/runs/l8-allobs-20260728T230945/chern10/pair_0196_U_p9d000000_t_p0d900000_N10.npz,20,0.03966022511543061,200,0.9,0.4601766368747681,589,3.26405569239796e-14,196,10.0,/public/home/student090/quantum-pump-l8/runs/l8-allobs-20260728T230945/static/static_0196_U_p9d000000_t_p0d900000.npz,0.9,0.0007334980820878009,1,400
-9.276617820935258e-17,3.0,0.26090744289870216,8,0.0,-0.04102595030107627,9.0,0.005,/public/home/student090/quantum-pump-l8/runs/l8-allobs-20260728T230945/chern10/pair_0196_U_p9d000000_t_p0d900000_N10.npz,20,-0.03971542845499289,1000,0.9,0.8691332553624772,590,1.4521717162097048e-13,196,50.0,/public/home/student090/quantum-pump-l8/runs/l8-allobs-20260728T230945/static/static_0196_U_p9d000000_t_p0d900000.npz,0.9,0.001310521846083379,1,2000
-5.742668174864683e-17,3.0,0.25206288684294487,8,0.0,0.2445113469423963,9.25,0.005,/public/home/student090/quantum-pump-l8/runs/l8-allobs-20260728T230945/chern10/pair_0197_U_p9d250000_t_p0d900000_N10.npz,20,0.2442584809174316,40,0.9,0.05118264344493079,591,7.549516567451064e-15,197,2.0,/public/home/student090/quantum-pump-l8/runs/l8-allobs-20260728T230945/static/static_0197_U_p9d250000_t_p0d900000.npz,0.9,0.00025286602496468746,1,80
-5.742668174864683e-17,3.0,0.25206288684294487,8,0.0,0.011262304546499359,9.25,0.005,/public/home/student090/quantum-pump-l8/runs/l8-allobs-20260728T230945/chern10/pair_0197_U_p9d250000_t_p0d900000_N10.npz,20,0.011981110726841148,200,0.9,0.3635833206378981,592,3.2862601528904634e-14,197,10.0,/public/home/student090/quantum-pump-l8/runs/l8-allobs-20260728T230945/static/static_0197_U_p9d250000_t_p0d900000.npz,0.9,0.000718806180341789,1,400
-5.742668174864683e-17,3.0,0.25206288684294487,8,0.0,0.007946257715890043,9.25,0.005,/public/home/student090/quantum-pump-l8/runs/l8-allobs-20260728T230945/chern10/pair_0197_U_p9d250000_t_p0d900000_N10.npz,20,0.009225429337167627,1000,0.9,0.3347107966844024,593,1.3744561044859438e-13,197,50.0,/public/home/student090/quantum-pump-l8/runs/l8-allobs-20260728T230945/static/static_0197_U_p9d250000_t_p0d900000.npz,0.9,0.001279171621277584,1,2000
5.963540027744093e-17,3.0,0.24337471150867618,8,0.0,0.22215985773957675,9.5,0.005,/public/home/student090/quantum-pump-l8/runs/l8-allobs-20260728T230945/chern10/pair_0198_U_p9d500000_t_p0d900000_N10.npz,20,0.22188642230018332,40,0.9,0.06665486980896501,594,7.549516567451064e-15,198,2.0,/public/home/student090/quantum-pump-l8/runs/l8-allobs-20260728T230945/static/static_0198_U_p9d500000_t_p0d900000.npz,0.9,0.00027343543939342685,1,80
5.963540027744093e-17,3.0,0.24337471150867618,8,0.0,0.005004522015276802,9.5,0.005,/public/home/student090/quantum-pump-l8/runs/l8-allobs-20260728T230945/chern10/pair_0198_U_p9d500000_t_p0d900000_N10.npz,20,0.005703679316040987,200,0.9,0.2961500404140496,595,3.26405569239796e-14,198,10.0,/public/home/student090/quantum-pump-l8/runs/l8-allobs-20260728T230945/static/static_0198_U_p9d500000_t_p0d900000.npz,0.9,0.000699157300764185,1,400
5.963540027744093e-17,3.0,0.24337471150867618,8,0.0,0.0153320511595805,9.5,0.005,/public/home/student090/quantum-pump-l8/runs/l8-allobs-20260728T230945/chern10/pair_0198_U_p9d500000_t_p0d900000_N10.npz,20,0.016575652731002772,1000,0.9,0.09917252996608601,596,1.6919798895287386e-13,198,50.0,/public/home/student090/quantum-pump-l8/runs/l8-allobs-20260728T230945/static/static_0198_U_p9d500000_t_p0d900000.npz,0.9,0.0012436015714222728,1,2000
4.638308910467629e-17,3.0,0.23495262245541726,8,0.0,0.20031732852514295,9.75,0.005,/public/home/student090/quantum-pump-l8/runs/l8-allobs-20260728T230945/chern10/pair_0199_U_p9d750000_t_p0d900000_N10.npz,20,0.20003561296208175,40,0.9,0.08881039288226633,597,3.552713678800501e-15,199,2.0,/public/home/student090/quantum-pump-l8/runs/l8-allobs-20260728T230945/static/static_0199_U_p9d750000_t_p0d900000.npz,0.9,0.0002817155630611967,1,80
4.638308910467629e-17,3.0,0.23495262245541726,8,0.0,0.006643020392277182,9.75,0.005,/public/home/student090/quantum-pump-l8/runs/l8-allobs-20260728T230945/chern10/pair_0199_U_p9d750000_t_p0d900000_N10.npz,20,0.007307561169353488,200,0.9,0.250258032480954,598,1.7319479184152442e-14,199,10.0,/public/home/student090/quantum-pump-l8/runs/l8-allobs-20260728T230945/static/static_0199_U_p9d750000_t_p0d900000.npz,0.9,0.000664540777076306,1,400
4.638308910467629e-17,3.0,0.23495262245541726,8,0.0,-0.004542268383703459,9.75,0.005,/public/home/student090/quantum-pump-l8/runs/l8-allobs-20260728T230945/chern10/pair_0199_U_p9d750000_t_p0d900000_N10.npz,20,-0.0033241894083043556,1000,0.9,0.4193690381235618,599,7.638334409421077e-14,199,50.0,/public/home/student090/quantum-pump-l8/runs/l8-allobs-20260728T230945/static/static_0199_U_p9d750000_t_p0d900000.npz,0.9,0.0012180789753991035,1,2000
1.0933156717530838e-16,3.0,0.22686383232778695,8,0.0,0.17917381946753624,10.0,0.005,/public/home/student090/quantum-pump-l8/runs/l8-allobs-20260728T230945/chern10/pair_0200_U_p10d000000_t_p0d900000_N10.npz,20,0.1788957799765461,40,0.9,0.11740450420232498,600,8.770761894538737e-15,200,2.0,/public/home/student090/quantum-pump-l8/runs/l8-allobs-20260728T230945/static/static_0200_U_p10d000000_t_p0d900000.npz,0.9,0.00027803949099014513,1,80
1.0933156717530838e-16,3.0,0.22686383232778695,8,0.0,0.0046873081182871226,10.0,0.005,/public/home/student090/quantum-pump-l8/runs/l8-allobs-20260728T230945/chern10/pair_0200_U_p10d000000_t_p0d900000_N10.npz,20,0.005328406167377732,200,0.9,0.20721706562891293,601,3.963496197911809e-14,200,10.0,/public/home/student090/quantum-pump-l8/runs/l8-allobs-20260728T230945/static/static_0200_U_p10d000000_t_p0d900000.npz,0.9,0.0006410980490906097,1,400
1.0933156717530838e-16,3.0,0.22686383232778695,8,0.0,-0.016051165482549343,10.0,0.005,/public/home/student090/quantum-pump-l8/runs/l8-allobs-20260728T230945/chern10/pair_0200_U_p10d000000_t_p0d900000_N10.npz,20,-0.014854823990499047,1000,0.9,0.8124754657994523,602,2.0450308113595383e-13,200,50.0,/public/home/student090/quantum-pump-l8/runs/l8-allobs-20260728T230945/static/static_0200_U_p10d000000_t_p0d900000.npz,0.9,0.0011963414920502964,1,2000
5.742668174864683e-17,3.0,0.17545973029769768,8,0.0,0.052191021240822325,12.0,0.005,/public/home/student090/quantum-pump-l8/runs/l8-allobs-20260728T230945/chern10/pair_0201_U_p12d000000_t_p0d900000_N10.npz,20,0.05223850915603534,40,0.9,0.4253227598934153,603,6.5503158452884236e-15,201,2.0,/public/home/student090/quantum-pump-l8/runs/l8-allobs-20260728T230945/static/static_0201_U_p12d000000_t_p0d900000.npz,0.9,4.748791521301532e-05,1,80
5.742668174864683e-17,3.0,0.17545973029769768,8,0.0,-4.497655355025082e-05,12.0,0.005,/public/home/student090/quantum-pump-l8/runs/l8-allobs-20260728T230945/chern10/pair_0201_U_p12d000000_t_p0d900000_N10.npz,20,0.0004484891877035777,200,0.9,0.0191012044385464,604,3.785860513971784e-14,201,10.0,/public/home/student090/quantum-pump-l8/runs/l8-allobs-20260728T230945/static/static_0201_U_p12d000000_t_p0d900000.npz,0.9,0.0004934657412538285,1,400
5.742668174864683e-17,3.0,0.17545973029769768,8,0.0,-0.0019358818072266074,12.0,0.005,/public/home/student090/quantum-pump-l8/runs/l8-allobs-20260728T230945/chern10/pair_0201_U_p12d000000_t_p0d900000_N10.npz,20,-0.0009635944904770958,1000,0.9,0.9043558276792306,605,1.8740564655672642e-13,201,50.0,/public/home/student090/quantum-pump-l8/runs/l8-allobs-20260728T230945/static/static_0201_U_p12d000000_t_p0d900000.npz,0.9,0.0009722873167495116,1,2000
-6.5985466047724e-17,3.0,0.12006251884487407,8,0.0,0.0011245410772335763,16.0,0.005,/public/home/student090/quantum-pump-l8/runs/l8-allobs-20260728T230945/chern10/pair_0202_U_p16d000000_t_p0d900000_N10.npz,20,0.001464385678942133,40,0.9,0.7366129711038499,606,9.992007221626409e-15,202,2.0,/public/home/student090/quantum-pump-l8/runs/l8-allobs-20260728T230945/static/static_0202_U_p16d000000_t_p0d900000.npz,0.9,0.00033984460170855685,1,80
-6.5985466047724e-17,3.0,0.12006251884487407,8,0.0,0.00010134697751070548,16.0,0.005,/public/home/student090/quantum-pump-l8/runs/l8-allobs-20260728T230945/chern10/pair_0202_U_p16d000000_t_p0d900000_N10.npz,20,0.0004493870674846694,200,0.9,0.06422155021489455,607,4.551914400963142e-14,202,10.0,/public/home/student090/quantum-pump-l8/runs/l8-allobs-20260728T230945/static/static_0202_U_p16d000000_t_p0d900000.npz,0.9,0.0003480400899739639,1,400
-6.5985466047724e-17,3.0,0.12006251884487407,8,0.0,0.00027050815713362694,16.0,0.005,/public/home/student090/quantum-pump-l8/runs/l8-allobs-20260728T230945/chern10/pair_0202_U_p16d000000_t_p0d900000_N10.npz,20,0.0009335161886734875,1000,0.9,0.25200367477037744,608,2.360334150353083e-13,202,50.0,/public/home/student090/quantum-pump-l8/runs/l8-allobs-20260728T230945/static/static_0202_U_p16d000000_t_p0d900000.npz,0.9,0.0006630080315398607,1,2000
-1.7255613506203976e-16,3.0,0.07465542666349345,8,0.0,7.385179292090616e-05,24.0,0.005,/public/home/student090/quantum-pump-l8/runs/l8-allobs-20260728T230945/chern10/pair_0203_U_p24d000000_t_p0d900000_N10.npz,20,0.0002954761994945529,40,0.9,0.8808185907654356,609,1.5543122344752192e-15,203,2.0,/public/home/student090/quantum-pump-l8/runs/l8-allobs-20260728T230945/static/static_0203_U_p24d000000_t_p0d900000.npz,0.9,0.00022162440657364673,1,80
-1.7255613506203976e-16,3.0,0.07465542666349345,8,0.0,7.103524695141974e-05,24.0,0.005,/public/home/student090/quantum-pump-l8/runs/l8-allobs-20260728T230945/chern10/pair_0203_U_p24d000000_t_p0d900000_N10.npz,20,0.00030287026265550114,200,0.9,0.015885325175745722,610,1.3100631690576847e-14,203,10.0,/public/home/student090/quantum-pump-l8/runs/l8-allobs-20260728T230945/static/static_0203_U_p24d000000_t_p0d900000.npz,0.9,0.0002318350157040814,1,400
-1.7255613506203976e-16,3.0,0.07465542666349345,8,0.0,0.00011807695817936243,24.0,0.005,/public/home/student090/quantum-pump-l8/runs/l8-allobs-20260728T230945/chern10/pair_0203_U_p24d000000_t_p0d900000_N10.npz,20,0.0005100262926614761,1000,0.9,0.21417444718158846,611,5.10702591327572e-14,203,50.0,/public/home/student090/quantum-pump-l8/runs/l8-allobs-20260728T230945/static/static_0203_U_p24d000000_t_p0d900000.npz,0.9,0.0003919493344821137,1,2000
2.912747559847231e-17,3.0,0.054627866919226276,8,0.0,5.2125918711678964e-05,32.0,0.005,/public/home/student090/quantum-pump-l8/runs/l8-allobs-20260728T230945/chern10/pair_0204_U_p32d000000_t_p0d900000_N10.npz,20,0.00023275199123185455,40,0.9,0.9320925571097323,612,4.218847493575595e-15,204,2.0,/public/home/student090/quantum-pump-l8/runs/l8-allobs-20260728T230945/static/static_0204_U_p32d000000_t_p0d900000.npz,0.9,0.0001806260725201756,1,80
2.912747559847231e-17,3.0,0.054627866919226276,8,0.0,5.2938829016979454e-05,32.0,0.005,/public/home/student090/quantum-pump-l8/runs/l8-allobs-20260728T230945/chern10/pair_0204_U_p32d000000_t_p0d900000_N10.npz,20,0.00023835867801684307,200,0.9,0.1633835181772196,613,4.884981308350689e-15,204,10.0,/public/home/student090/quantum-pump-l8/runs/l8-allobs-20260728T230945/static/static_0204_U_p32d000000_t_p0d900000.npz,0.9,0.0001854198489998636,1,400
2.912747559847231e-17,3.0,0.054627866919226276,8,0.0,7.923227607428664e-05,32.0,0.005,/public/home/student090/quantum-pump-l8/runs/l8-allobs-20260728T230945/chern10/pair_0204_U_p32d000000_t_p0d900000_N10.npz,20,0.00035575851201726644,1000,0.9,0.4995962966305136,614,3.1308289294429414e-14,204,50.0,/public/home/student090/quantum-pump-l8/runs/l8-allobs-20260728T230945/static/static_0204_U_p32d000000_t_p0d900000.npz,0.9,0.0002765262359429798,1,2000
2.0,3.0,0.44443762304652523,8,1.9999999999999996,0.0009135656193429557,-32.0,0.005,/public/home/student090/quantum-pump-l8/runs/l8-allobs-20260728T230945/chern10/pair_0205_U_neg32d000000_t_p1d000000_N10.npz,20,0.0011226146304955558,40,0.9,0.9413295860110656,615,2.220446049250313e-15,205,2.0,/public/home/student090/quantum-pump-l8/runs/l8-allobs-20260728T230945/static/static_0205_U_neg32d000000_t_p1d000000.npz,1.0,0.0002090490111526001,1,80
2.0,3.0,0.44443762304652523,8,1.9999999999999996,0.011250632286601355,-32.0,0.005,/public/home/student090/quantum-pump-l8/runs/l8-allobs-20260728T230945/chern10/pair_0205_U_neg32d000000_t_p1d000000_N10.npz,20,0.011473978565819729,200,0.9,0.4195334259264861,616,4.440892098500626e-15,205,10.0,/public/home/student090/quantum-pump-l8/runs/l8-allobs-20260728T230945/static/static_0205_U_neg32d000000_t_p1d000000.npz,1.0,0.00022334627921837338,1,400
2.0,3.0,0.44443762304652523,8,1.9999999999999996,0.11826606984723274,-32.0,0.005,/public/home/student090/quantum-pump-l8/runs/l8-allobs-20260728T230945/chern10/pair_0205_U_neg32d000000_t_p1d000000_N10.npz,20,0.11858342703356306,1000,0.9,0.13042319179103837,617,2.0872192862952943e-14,205,50.0,/public/home/student090/quantum-pump-l8/runs/l8-allobs-20260728T230945/static/static_0205_U_neg32d000000_t_p1d000000.npz,1.0,0.0003173571863303165,1,2000
2.0,3.0,0.5864683891844322,8,2.0,0.0021562435536026307,-24.0,0.005,/public/home/student090/quantum-pump-l8/runs/l8-allobs-20260728T230945/chern10/pair_0206_U_neg24d000000_t_p1d000000_N10.npz,20,0.0024209531807103477,40,0.9,0.8979539033438595,618,4.884981308350689e-15,206,2.0,/public/home/student090/quantum-pump-l8/runs/l8-allobs-20260728T230945/static/static_0206_U_neg24d000000_t_p1d000000.npz,1.0,0.000264709627107717,1,80
2.0,3.0,0.5864683891844322,8,2.0,0.025183902684900138,-24.0,0.005,/public/home/student090/quantum-pump-l8/runs/l8-allobs-20260728T230945/chern10/pair_0206_U_neg24d000000_t_p1d000000_N10.npz,20,0.025479784570786045,200,0.9,0.24699946678132143,619,1.532107773982716e-14,206,10.0,/public/home/student090/quantum-pump-l8/runs/l8-allobs-20260728T230945/static/static_0206_U_neg24d000000_t_p1d000000.npz,1.0,0.0002958818858859076,1,400
2.0,3.0,0.5864683891844322,8,2.0,0.24972878018872782,-24.0,0.005,/public/home/student090/quantum-pump-l8/runs/l8-allobs-20260728T230945/chern10/pair_0206_U_neg24d000000_t_p1d000000_N10.npz,20,0.25021051594454313,1000,0.9,0.21296719168637396,620,8.37108160567368e-14,206,50.0,/public/home/student090/quantum-pump-l8/runs/l8-allobs-20260728T230945/static/static_0206_U_neg24d000000_t_p1d000000.npz,1.0,0.00048173575581531014,1,2000
2.0,3.0,0.8554036059098991,8,1.9999999999999998,0.010496810324776526,-16.0,0.005,/public/home/student090/quantum-pump-l8/runs/l8-allobs-20260728T230945/chern10/pair_0207_U_neg16d000000_t_p1d000000_N10.npz,20,0.010884532994036938,40,0.9,0.7557989158735428,621,9.547918011776346e-15,207,2.0,/public/home/student090/quantum-pump-l8/runs/l8-allobs-20260728T230945/static/static_0207_U_neg16d000000_t_p1d000000.npz,1.0,0.0003877226692604128,1,80
2.0,3.0,0.8554036059098991,8,1.9999999999999998,0.09495800232974949,-16.0,0.005,/public/home/student090/quantum-pump-l8/runs/l8-allobs-20260728T230945/chern10/pair_0207_U_neg16d000000_t_p1d000000_N10.npz,20,0.0954750752867206,200,0.9,0.14474472644267442,622,3.9968028886505635e-14,207,10.0,/public/home/student090/quantum-pump-l8/runs/l8-allobs-20260728T230945/static/static_0207_U_neg16d000000_t_p1d000000.npz,1.0,0.0005170729569711069,1,400
2.0,3.0,0.8554036059098991,8,1.9999999999999998,0.6387917059725121,-16.0,0.005,/public/home/student090/quantum-pump-l8/runs/l8-allobs-20260728T230945/chern10/pair_0207_U_neg16d000000_t_p1d000000_N10.npz,20,0.6397102575454785,1000,0.9,0.07337601290033298,623,1.8673951274195133e-13,207,50.0,/public/home/student090/quantum-pump-l8/runs/l8-allobs-20260728T230945/static/static_0207_U_neg16d000000_t_p1d000000.npz,1.0,0.0009185515729663862,1,2000
2.0000000000000004,3.0,1.100470371550422,8,1.9999999999999998,0.027887273806710026,-12.0,0.005,/public/home/student090/quantum-pump-l8/runs/l8-allobs-20260728T230945/chern10/pair_0208_U_neg12d000000_t_p1d000000_N10.npz,20,0.028479177736179848,40,0.9,0.5303546897855509,624,7.327471962526033e-15,208,2.0,/public/home/student090/quantum-pump-l8/runs/l8-allobs-20260728T230945/static/static_0208_U_neg12d000000_t_p1d000000.npz,1.0,0.0005919039294698218,1,80
2.0000000000000004,3.0,1.100470371550422,8,1.9999999999999998,0.2701788082747949,-12.0,0.005,/public/home/student090/quantum-pump-l8/runs/l8-allobs-20260728T230945/chern10/pair_0208_U_neg12d000000_t_p1d000000_N10.npz,20,0.27100746753267885,200,0.9,0.13548604979318649,625,3.6415315207705135e-14,208,10.0,/public/home/student090/quantum-pump-l8/runs/l8-allobs-20260728T230945/static/static_0208_U_neg12d000000_t_p1d000000.npz,1.0,0.0008286592578839458,1,400
2.0000000000000004,3.0,1.100470371550422,8,1.9999999999999998,1.010316188430284,-12.0,0.005,/public/home/student090/quantum-pump-l8/runs/l8-allobs-20260728T230945/chern10/pair_0208_U_neg12d000000_t_p1d000000_N10.npz,20,1.0116952766483336,1000,0.9,0.030735461408450154,626,1.5309975509580909e-13,208,50.0,/public/home/student090/quantum-pump-l8/runs/l8-allobs-20260728T230945/static/static_0208_U_neg12d000000_t_p1d000000.npz,1.0,0.0013790882180495512,1,2000
2.0,3.0,1.5147194017543555,8,1.9999999999999998,0.13676446953045587,-8.0,0.005,/public/home/student090/quantum-pump-l8/runs/l8-allobs-20260728T230945/chern10/pair_0209_U_neg8d000000_t_p1d000000_N10.npz,20,0.13761100277615437,40,0.9,0.12165371715241145,627,1.3322676295501878e-15,209,2.0,/public/home/student090/quantum-pump-l8/runs/l8-allobs-20260728T230945/static/static_0209_U_neg8d000000_t_p1d000000.npz,1.0,0.0008465332456984997,1,80
2.0,3.0,1.5147194017543555,8,1.9999999999999998,0.43004311892858477,-8.0,0.005,/public/home/student090/quantum-pump-l8/runs/l8-allobs-20260728T230945/chern10/pair_0209_U_neg8d000000_t_p1d000000_N10.npz,20,0.43138075028104933,200,0.9,0.06283933046075996,628,2.220446049250313e-15,209,10.0,/public/home/student090/quantum-pump-l8/runs/l8-allobs-20260728T230945/static/static_0209_U_neg8d000000_t_p1d000000.npz,1.0,0.0013376313524645633,1,400
2.0,3.0,1.5147194017543555,8,1.9999999999999998,1.5600384285497022,-8.0,0.005,/public/home/student090/quantum-pump-l8/runs/l8-allobs-20260728T230945/chern10/pair_0209_U_neg8d000000_t_p1d000000_N10.npz,20,1.562062069833357,1000,0.9,0.3717483612170094,629,1.6653345369377348e-14,209,50.0,/public/home/student090/quantum-pump-l8/runs/l8-allobs-20260728T230945/static/static_0209_U_neg8d000000_t_p1d000000.npz,1.0,0.0020236412836547313,1,2000
2.0,3.0,1.8379311251859427,8,2.000000000000001,0.3264627945488898,-6.0,0.005,/public/home/student090/quantum-pump-l8/runs/l8-allobs-20260728T230945/chern10/pair_0210_U_neg6d000000_t_p1d000000_N10.npz,10,0.3276805241878718,40,0.9,0.012958077212186074,630,8.215650382226158e-15,210,2.0,/public/home/student090/quantum-pump-l8/runs/l8-allobs-20260728T230945/static/static_0210_U_neg6d000000_t_p1d000000.npz,1.0,0.0012177296389819792,1,80
2.0,3.0,1.8379311251859427,8,2.000000000000001,0.9253540489926436,-6.0,0.005,/public/home/student090/quantum-pump-l8/runs/l8-allobs-20260728T230945/chern10/pair_0210_U_neg6d000000_t_p1d000000_N10.npz,10,0.9272592412967262,200,0.9,0.051289310322904215,631,3.47499806707674e-14,210,10.0,/public/home/student090/quantum-pump-l8/runs/l8-allobs-20260728T230945/static/static_0210_U_neg6d000000_t_p1d000000.npz,1.0,0.0019051923040825924,1,400
2.0,3.0,1.8379311251859427,8,2.000000000000001,1.7710035885825293,-6.0,0.005,/public/home/student090/quantum-pump-l8/runs/l8-allobs-20260728T230945/chern10/pair_0210_U_neg6d000000_t_p1d000000_N10.npz,10,1.7734243993234302,1000,0.9,0.5476049657819096,632,1.7486012637846216e-13,210,50.0,/public/home/student090/quantum-pump-l8/runs/l8-allobs-20260728T230945/static/static_0210_U_neg6d000000_t_p1d000000.npz,1.0,0.002420810740900947,1,2000
2.0,3.0,2.2881230492188713,8,2.0,0.6724047628978781,-4.0,0.005,/public/home/student090/quantum-pump-l8/runs/l8-allobs-20260728T230945/chern10/pair_0211_U_neg4d000000_t_p1d000000_N10.npz,10,0.6747029728252811,40,0.9,0.004018925299113145,633,2.4424906541753444e-15,211,2.0,/public/home/student090/quantum-pump-l8/runs/l8-allobs-20260728T230945/static/static_0211_U_neg4d000000_t_p1d000000.npz,1.0,0.0022982099274030388,1,80
2.0,3.0,2.2881230492188713,8,2.0,1.3795629758891286,-4.0,0.005,/public/home/student090/quantum-pump-l8/runs/l8-allobs-20260728T230945/chern10/pair_0211_U_neg4d000000_t_p1d000000_N10.npz,10,1.3819929550100696,200,0.9,0.019662308346974335,634,9.547918011776346e-15,211,10.0,/public/home/student090/quantum-pump-l8/runs/l8-allobs-20260728T230945/static/static_0211_U_neg4d000000_t_p1d000000.npz,1.0,0.002429979120941006,1,400
2.0,3.0,2.2881230492188713,8,2.0,1.9201128361230564,-4.0,0.005,/public/home/student090/quantum-pump-l8/runs/l8-allobs-20260728T230945/chern10/pair_0211_U_neg4d000000_t_p1d000000_N10.npz,10,1.9229200557402912,1000,0.9,0.8204989781602049,635,7.216449660063518e-14,211,50.0,/public/home/student090/quantum-pump-l8/runs/l8-allobs-20260728T230945/static/static_0211_U_neg4d000000_t_p1d000000.npz,1.0,0.0028072196172348463,1,2000
2.0000000000000004,3.0,2.9141050013937324,8,2.0000000000000004,0.8840062500646094,-2.0,0.005,/public/home/student090/quantum-pump-l8/runs/l8-allobs-20260728T230945/chern10/pair_0212_U_neg2d000000_t_p1d000000_N10.npz,10,0.887028939343046,40,0.9,0.02119211689726191,636,6.439293542825908e-15,212,2.0,/public/home/student090/quantum-pump-l8/runs/l8-allobs-20260728T230945/static/static_0212_U_neg2d000000_t_p1d000000.npz,1.0,0.00302268927843663,1,80
2.0000000000000004,3.0,2.9141050013937324,8,2.0000000000000004,1.6659131624610786,-2.0,0.005,/public/home/student090/quantum-pump-l8/runs/l8-allobs-20260728T230945/chern10/pair_0212_U_neg2d000000_t_p1d000000_N10.npz,10,1.6690724351702624,200,0.9,0.563916284146976,637,2.3092638912203256e-14,212,10.0,/public/home/student090/quantum-pump-l8/runs/l8-allobs-20260728T230945/static/static_0212_U_neg2d000000_t_p1d000000.npz,1.0,0.0031592727091838135,1,400
2.0000000000000004,3.0,2.9141050013937324,8,2.0000000000000004,1.9727301112542865,-2.0,0.005,/public/home/student090/quantum-pump-l8/runs/l8-allobs-20260728T230945/chern10/pair_0212_U_neg2d000000_t_p1d000000_N10.npz,10,1.9758340560215237,1000,0.9,0.9585162606175825,638,1.3167245072054357e-13,212,50.0,/public/home/student090/quantum-pump-l8/runs/l8-allobs-20260728T230945/static/static_0212_U_neg2d000000_t_p1d000000.npz,1.0,0.003103944767237188,1,2000
2.0,3.0,3.5999999999999712,8,2.0,1.09024568382658,0.0,0.005,/public/home/student090/quantum-pump-l8/runs/l8-allobs-20260728T230945/chern10/pair_0213_U_p0d000000_t_p1d000000_N10.npz,10,1.0946046350078442,40,0.9,0.06403270280041158,639,2.220446049250313e-15,213,2.0,/public/home/student090/quantum-pump-l8/runs/l8-allobs-20260728T230945/static/static_0213_U_p0d000000_t_p1d000000.npz,1.0,0.004358951181264281,1,80
2.0,3.0,3.5999999999999712,8,2.0,1.9341223761552888,0.0,0.005,/public/home/student090/quantum-pump-l8/runs/l8-allobs-20260728T230945/chern10/pair_0213_U_p0d000000_t_p1d000000_N10.npz,10,1.9375386767844325,200,0.9,0.8925543853570793,640,7.216449660063518e-15,213,10.0,/public/home/student090/quantum-pump-l8/runs/l8-allobs-20260728T230945/static/static_0213_U_p0d000000_t_p1d000000.npz,1.0,0.003416300629143665,1,400
2.0,3.0,3.5999999999999712,8,2.0,1.9997935659434758,0.0,0.005,/public/home/student090/quantum-pump-l8/runs/l8-allobs-20260728T230945/chern10/pair_0213_U_p0d000000_t_p1d000000_N10.npz,10,2.0031039045927033,1000,0.9,0.9894752988990614,641,3.608224830031759e-14,213,50.0,/public/home/student090/quantum-pump-l8/runs/l8-allobs-20260728T230945/static/static_0213_U_p0d000000_t_p1d000000.npz,1.0,0.0033103386492274733,1,2000
2.0000000000000004,3.0,2.914105001393711,8,2.0,1.3360151881925422,2.0,0.005,/public/home/student090/quantum-pump-l8/runs/l8-allobs-20260728T230945/chern10/pair_0214_U_p2d000000_t_p1d000000_N10.npz,10,1.3405947518682746,40,0.9,0.06746029734024653,642,5.551115123125783e-15,214,2.0,/public/home/student090/quantum-pump-l8/runs/l8-allobs-20260728T230945/static/static_0214_U_p2d000000_t_p1d000000.npz,1.0,0.004579563675732423,1,80
2.0000000000000004,3.0,2.914105001393711,8,2.0,1.9940560150726923,2.0,0.005,/public/home/student090/quantum-pump-l8/runs/l8-allobs-20260728T230945/chern10/pair_0214_U_p2d000000_t_p1d000000_N10.npz,10,1.997524524326479,200,0.9,0.9391073555209611,643,1.9317880628477724e-14,214,10.0,/public/home/student090/quantum-pump-l8/runs/l8-allobs-20260728T230945/static/static_0214_U_p2d000000_t_p1d000000.npz,1.0,0.0034685092537867224,1,400
2.0000000000000004,3.0,2.914105001393711,8,2.0,2.0055850781133886,2.0,0.005,/public/home/student090/quantum-pump-l8/runs/l8-allobs-20260728T230945/chern10/pair_0214_U_p2d000000_t_p1d000000_N10.npz,10,2.0090043247505007,1000,0.9,0.9963336330821142,644,1.1612932837579137e-13,214,50.0,/public/home/student090/quantum-pump-l8/runs/l8-allobs-20260728T230945/static/static_0214_U_p2d000000_t_p1d000000.npz,1.0,0.0034192466371121277,1,2000
2.0000000000000004,3.0,2.2881230492189326,8,2.0,1.0258760388780541,4.0,0.005,/public/home/student090/quantum-pump-l8/runs/l8-allobs-20260728T230945/chern10/pair_0215_U_p4d000000_t_p1d000000_N10.npz,10,1.028390626608736,40,0.9,0.013686937937007114,645,1.3322676295501878e-15,215,2.0,/public/home/student090/quantum-pump-l8/runs/l8-allobs-20260728T230945/static/static_0215_U_p4d000000_t_p1d000000.npz,1.0,0.0025145877306818054,1,80
2.0000000000000004,3.0,2.2881230492189326,8,2.0,2.0204331471920343,4.0,0.005,/public/home/student090/quantum-pump-l8/runs/l8-allobs-20260728T230945/chern10/pair_0215_U_p4d000000_t_p1d000000_N10.npz,10,2.02374743662809,200,0.9,0.9815830621823988,646,5.329070518200751e-15,215,10.0,/public/home/student090/quantum-pump-l8/runs/l8-allobs-20260728T230945/static/static_0215_U_p4d000000_t_p1d000000.npz,1.0,0.0033142894360556063,1,400
2.0000000000000004,3.0,2.2881230492189326,8,2.0,2.0415128491013195,4.0,0.005,/public/home/student090/quantum-pump-l8/runs/l8-allobs-20260728T230945/chern10/pair_0215_U_p4d000000_t_p1d000000_N10.npz,10,2.04481144970522,1000,0.9,0.998589672097801,647,3.630429290524262e-14,215,50.0,/public/home/student090/quantum-pump-l8/runs/l8-allobs-20260728T230945/static/static_0215_U_p4d000000_t_p1d000000.npz,1.0,0.0032986006039004145,1,2000
1.9999999999999998,3.0,2.2232240335333397,8,1.9999999999999996,0.9645373831985641,4.25,0.005,/public/home/student090/quantum-pump-l8/runs/l8-allobs-20260728T230945/chern10/pair_0216_U_p4d250000_t_p1d000000_N10.npz,10,0.9667962293130087,40,0.9,0.007237123212702093,648,5.773159728050814e-15,216,2.0,/public/home/student090/quantum-pump-l8/runs/l8-allobs-20260728T230945/static/static_0216_U_p4d250000_t_p1d000000.npz,1.0,0.0022588461144446015,1,80
1.9999999999999998,3.0,2.2232240335333397,8,1.9999999999999996,2.015335843648827,4.25,0.005,/public/home/student090/quantum-pump-l8/runs/l8-allobs-20260728T230945/chern10/pair_0216_U_p4d250000_t_p1d000000_N10.npz,10,2.0185932932931743,200,0.9,0.9533371998269214,649,3.042011087472929e-14,216,10.0,/public/home/student090/quantum-pump-l8/runs/l8-allobs-20260728T230945/static/static_0216_U_p4d250000_t_p1d000000.npz,1.0,0.0032574496443471546,1,400
1.9999999999999998,3.0,2.2232240335333397,8,1.9999999999999996,2.054423290107138,4.25,0.005,/public/home/student090/quantum-pump-l8/runs/l8-allobs-20260728T230945/chern10/pair_0216_U_p4d250000_t_p1d000000_N10.npz,10,2.05768910767382,1000,0.9,0.9994777128342117,650,1.504352198367087e-13,216,50.0,/public/home/student090/quantum-pump-l8/runs/l8-allobs-20260728T230945/static/static_0216_U_p4d250000_t_p1d000000.npz,1.0,0.0032658175666817613,1,2000
2.0000000000000004,3.0,2.1609947401741474,8,2.0000000000000004,0.9046676463492309,4.5,0.005,/public/home/student090/quantum-pump-l8/runs/l8-allobs-20260728T230945/chern10/pair_0217_U_p4d500000_t_p1d000000_N10.npz,10,0.9066909101102972,40,0.9,0.0034929162235049624,651,8.659739592076221e-15,217,2.0,/public/home/student090/quantum-pump-l8/runs/l8-allobs-20260728T230945/static/static_0217_U_p4d500000_t_p1d000000.npz,1.0,0.0020232637610663184,1,80
2.0000000000000004,3.0,2.1609947401741474,8,2.0000000000000004,1.9882038748844404,4.5,0.005,/public/home/student090/quantum-pump-l8/runs/l8-allobs-20260728T230945/chern10/pair_0217_U_p4d500000_t_p1d000000_N10.npz,10,1.9913755452742872,200,0.9,0.8829830407205377,652,4.518607710224387e-14,217,10.0,/public/home/student090/quantum-pump-l8/runs/l8-allobs-20260728T230945/static/static_0217_U_p4d500000_t_p1d000000.npz,1.0,0.0031716703898467813,1,400
2.0000000000000004,3.0,2.1609947401741474,8,2.0000000000000004,2.0716325195966157,4.5,0.005,/public/home/student090/quantum-pump-l8/runs/l8-allobs-20260728T230945/chern10/pair_0217_U_p4d500000_t_p1d000000_N10.npz,10,2.074862726206701,1000,0.9,0.9998713064661462,653,2.318145675417327e-13,217,50.0,/public/home/student090/quantum-pump-l8/runs/l8-allobs-20260728T230945/static/static_0217_U_p4d500000_t_p1d000000.npz,1.0,0.003230206610085329,1,2000
2.0000000000000004,3.0,2.101331970994461,8,2.0,0.8476405559903302,4.75,0.005,/public/home/student090/quantum-pump-l8/runs/l8-allobs-20260728T230945/chern10/pair_0218_U_p4d750000_t_p1d000000_N10.npz,10,0.8494492743240045,40,0.9,0.0018812098668844228,654,4.884981308350689e-15,218,2.0,/public/home/student090/quantum-pump-l8/runs/l8-allobs-20260728T230945/static/static_0218_U_p4d750000_t_p1d000000.npz,1.0,0.0018087183336743529,1,80
2.0000000000000004,3.0,2.101331970994461,8,2.0,1.9251104298927606,4.75,0.005,/public/home/student090/quantum-pump-l8/runs/l8-allobs-20260728T230945/chern10/pair_0218_U_p4d750000_t_p1d000000_N10.npz,10,1.9281558058390305,200,0.9,0.751279286331314,655,2.1316282072803006e-14,218,10.0,/public/home/student090/quantum-pump-l8/runs/l8-allobs-20260728T230945/static/static_0218_U_p4d750000_t_p1d000000.npz,1.0,0.003045375946269857,1,400
2.0000000000000004,3.0,2.101331970994461,8,2.0,2.0946349535926867,4.75,0.005,/public/home/student090/quantum-pump-l8/runs/l8-allobs-20260728T230945/chern10/pair_0218_U_p4d750000_t_p1d000000_N10.npz,10,2.097826169564349,1000,0.9,0.9993926137998982,656,1.13464793116691e-13,218,50.0,/public/home/student090/quantum-pump-l8/runs/l8-allobs-20260728T230945/static/static_0218_U_p4d750000_t_p1d000000.npz,1.0,0.0031912159716624977,1,2000
2.0,3.0,2.0196420201392105,8,1.9999999999999996,0.7943873536200102,5.0,0.005,/public/home/student090/quantum-pump-l8/runs/l8-allobs-20260728T230945/chern10/pair_0219_U_p5d000000_t_p1d000000_N10.npz,10,0.7960016117968254,40,0.9,0.001836976763417291,657,9.880984919163893e-15,219,2.0,/public/home/student090/quantum-pump-l8/runs/l8-allobs-20260728T230945/static/static_0219_U_p5d000000_t_p1d000000.npz,1.0,0.0016142581768151532,1,80
2.0,3.0,2.0196420201392105,8,1.9999999999999996,1.8152412896783225,5.0,0.005,/public/home/student090/quantum-pump-l8/runs/l8-allobs-20260728T230945/chern10/pair_0219_U_p5d000000_t_p1d000000_N10.npz,10,1.818112066052312,200,0.9,0.5527698536346211,658,4.9182879990894435e-14,219,10.0,/public/home/student090/quantum-pump-l8/runs/l8-allobs-20260728T230945/static/static_0219_U_p5d000000_t_p1d000000.npz,1.0,0.00287077637398947,1,400
2.0,3.0,2.0196420201392105,8,1.9999999999999996,2.1256204331627617,5.0,0.005,/public/home/student090/quantum-pump-l8/runs/l8-allobs-20260728T230945/chern10/pair_0219_U_p5d000000_t_p1d000000_N10.npz,10,2.12876638144682,1000,0.9,0.9993893229414176,659,2.361444373377708e-13,219,50.0,/public/home/student090/quantum-pump-l8/runs/l8-allobs-20260728T230945/static/static_0219_U_p5d000000_t_p1d000000.npz,1.0,0.003145948284058342,1,2000
2.0,3.0,1.881380755209868,8,2.0000000000000004,0.7453979593341844,5.25,0.005,/public/home/student090/quantum-pump-l8/runs/l8-allobs-20260728T230945/chern10/pair_0220_U_p5d250000_t_p1d000000_N10.npz,10,0.7468354690092173,40,0.9,0.0028471189733379944,660,1.021405182655144e-14,220,2.0,/public/home/student090/quantum-pump-l8/runs/l8-allobs-20260728T230945/static/static_0220_U_p5d250000_t_p1d000000.npz,1.0,0.0014375096750328664,1,80
2.0,3.0,1.881380755209868,8,2.0000000000000004,1.6569889038948955,5.25,0.005,/public/home/student090/quantum-pump-l8/runs/l8-allobs-20260728T230945/chern10/pair_0220_U_p5d250000_t_p1d000000_N10.npz,10,1.6596451108988866,200,0.9,0.3167745529526415,661,5.340172748447003e-14,220,10.0,/public/home/student090/quantum-pump-l8/runs/l8-allobs-20260728T230945/static/static_0220_U_p5d250000_t_p1d000000.npz,1.0,0.0026562070039910513,1,400
2.0,3.0,1.881380755209868,8,2.0000000000000004,2.1646242549793744,5.25,0.005,/public/home/student090/quantum-pump-l8/runs/l8-allobs-20260728T230945/chern10/pair_0220_U_p5d250000_t_p1d000000_N10.npz,10,2.1677192245392596,1000,0.9,0.9963441073629443,662,2.3581137043038325e-13,220,50.0,/public/home/student090/quantum-pump-l8/runs/l8-allobs-20260728T230945/static/static_0220_U_p5d250000_t_p1d000000.npz,1.0,0.0030949695598851967,1,2000
2.0000000000000004,3.0,1.750933642463436,8,2.0000000000000004,0.7007659718435223,5.5,0.005,/public/home/student090/quantum-pump-l8/runs/l8-allobs-20260728T230945/chern10/pair_0221_U_p5d500000_t_p1d000000_N10.npz,10,0.7020411816886645,40,0.9,0.0043240922971687565,663,6.439293542825908e-15,221,2.0,/public/home/student090/quantum-pump-l8/runs/l8-allobs-20260728T230945/static/static_0221_U_p5d500000_t_p1d000000.npz,1.0,0.0012752098451421778,1,80
2.0000000000000004,3.0,1.750933642463436,8,2.0000000000000004,1.4634528307637056,5.5,0.005,/public/home/student090/quantum-pump-l8/runs/l8-allobs-20260728T230945/chern10/pair_0221_U_p5d500000_t_p1d000000_N10.npz,10,1.465880979273942,200,0.9,0.11463148712459449,664,2.842170943040401e-14,221,10.0,/public/home/student090/quantum-pump-l8/runs/l8-allobs-20260728T230945/static/static_0221_U_p5d500000_t_p1d000000.npz,1.0,0.0024281485102364275,1,400
2.0000000000000004,3.0,1.750933642463436,8,2.0000000000000004,2.1975002264413375,5.5,0.005,/public/home/student090/quantum-pump-l8/runs/l8-allobs-20260728T230945/chern10/pair_0221_U_p5d500000_t_p1d000000_N10.npz,10,2.2005347811331486,1000,0.9,0.9743066710468282,665,1.8141044222375058e-13,221,50.0,/public/home/student090/quantum-pump-l8/runs/l8-allobs-20260728T230945/static/static_0221_U_p5d500000_t_p1d000000.npz,1.0,0.003034554691811131,1,2000
2.0000000000000004,3.0,1.6289653987037909,8,2.0000000000000004,0.6602655122817184,5.75,0.005,/public/home/student090/quantum-pump-l8/runs/l8-allobs-20260728T230945/chern10/pair_0222_U_p5d750000_t_p1d000000_N10.npz,10,0.6613893077565692,40,0.9,0.005630439981392902,666,1.5543122344752192e-15,222,2.0,/public/home/student090/quantum-pump-l8/runs/l8-allobs-20260728T230945/static/static_0222_U_p5d750000_t_p1d000000.npz,1.0,0.0011237954748508638,1,80
2.0000000000000004,3.0,1.6289653987037909,8,2.0000000000000004,1.2627888924637998,5.75,0.005,/public/home/student090/quantum-pump-l8/runs/l8-allobs-20260728T230945/chern10/pair_0222_U_p5d750000_t_p1d000000_N10.npz,10,1.2650157088403335,200,0.9,0.03045929293901473,667,3.885780586188048e-15,222,10.0,/public/home/student090/quantum-pump-l8/runs/l8-allobs-20260728T230945/static/static_0222_U_p5d750000_t_p1d000000.npz,1.0,0.002226816376533769,1,400
2.0000000000000004,3.0,1.6289653987037909,8,2.0000000000000004,2.193120337752592,5.75,0.005,/public/home/student090/quantum-pump-l8/runs/l8-allobs-20260728T230945/chern10/pair_0222_U_p5d750000_t_p1d000000_N10.npz,10,2.1960588602444076,1000,0.9,0.9042493604490068,668,3.730349362740526e-14,222,50.0,/public/home/student090/quantum-pump-l8/runs/l8-allobs-20260728T230945/static/static_0222_U_p5d750000_t_p1d000000.npz,1.0,0.002938522491815476,1,2000
2.0,3.0,1.6056443782417773,8,2.0,0.6526243432516237,5.8,0.005,/public/home/student090/quantum-pump-l8/runs/l8-allobs-20260728T230945/chern10/pair_0223_U_p5d800000_t_p1d000000_N10.npz,10,0.6537188614823826,40,0.9,0.005826118038527305,669,7.993605777301127e-15,223,2.0,/public/home/student090/quantum-pump-l8/runs/l8-allobs-20260728T230945/static/static_0223_U_p5d800000_t_p1d000000.npz,1.0,0.0010945182307589008,1,80
2.0,3.0,1.6056443782417773,8,2.0,1.2253023741899514,5.8,0.005,/public/home/student090/quantum-pump-l8/runs/l8-allobs-20260728T230945/chern10/pair_0223_U_p5d800000_t_p1d000000_N10.npz,10,1.2274953730004772,200,0.9,0.032353834166800974,670,4.0190073491430667e-14,223,10.0,/public/home/student090/quantum-pump-l8/runs/l8-allobs-20260728T230945/static/static_0223_U_p5d800000_t_p1d000000.npz,1.0,0.0021929988105258147,1,400
2.0,3.0,1.6056443782417773,8,2.0,2.172166067710148,5.8,0.005,/public/home/student090/quantum-pump-l8/runs/l8-allobs-20260728T230945/chern10/pair_0223_U_p5d800000_t_p1d000000_N10.npz,10,2.17508068059608,1000,0.9,0.8856783108898981,671,1.5920598173124745e-13,223,50.0,/public/home/student090/quantum-pump-l8/runs/l8-allobs-20260728T230945/static/static_0223_U_p5d800000_t_p1d000000.npz,1.0,0.0029146128859318665,1,2000
2.0,3.0,0.9211526367590803,8,2.0000000000000004,0.6234451454638644,6.0,0.005,/public/home/student090/quantum-pump-l8/runs/l8-allobs-20260728T230945/chern10/pair_0224_U_p6d000000_t_p1d000000_N10.npz,20,0.6244251133334721,40,0.9,0.006337622220053976,672,8.770761894538737e-15,224,2.0,/public/home/student090/quantum-pump-l8/runs/l8-allobs-20260728T230945/static/static_0224_U_p6d000000_t_p1d000000.npz,1.0,0.0009799678696076342,1,80
2.0,3.0,0.9211526367590803,8,2.0000000000000004,1.0959644028912785,6.0,0.005,/public/home/student090/quantum-pump-l8/runs/l8-allobs-20260728T230945/chern10/pair_0224_U_p6d000000_t_p1d000000_N10.npz,20,1.0980469893853189,200,0.9,0.0971452709612716,673,4.418687638008123e-14,224,10.0,/public/home/student090/quantum-pump-l8/runs/l8-allobs-20260728T230945/static/static_0224_U_p6d000000_t_p1d000000.npz,1.0,0.0020825864940403616,1,400
2.0,3.0,0.9211526367590803,8,2.0000000000000004,2.155228150706358,6.0,0.005,/public/home/student090/quantum-pump-l8/runs/l8-allobs-20260728T230945/chern10/pair_0224_U_p6d000000_t_p1d000000_N10.npz,20,2.158025708034219,1000,0.9,0.8166678621885645,674,1.6919798895287386e-13,224,50.0,/public/home/student090/quantum-pump-l8/runs/l8-allobs-20260728T230945/static/static_0224_U_p6d000000_t_p1d000000.npz,1.0,0.002797557327860911,1,2000
2.0,3.0,0.7724112292877372,8,2.0,0.596250346715057,6.2,0.005,/public/home/student090/quantum-pump-l8/runs/l8-allobs-20260728T230945/chern10/pair_0225_U_p6d200000_t_p1d000000_N10.npz,20,0.5971189525102247,40,0.9,0.0064950604893869845,675,1.9984014443252818e-15,225,2.0,/public/home/student090/quantum-pump-l8/runs/l8-allobs-20260728T230945/static/static_0225_U_p6d200000_t_p1d000000.npz,1.0,0.0008686057951677872,1,80
2.0,3.0,0.7724112292877372,8,2.0,1.008226794438798,6.2,0.005,/public/home/student090/quantum-pump-l8/runs/l8-allobs-20260728T230945/chern10/pair_0225_U_p6d200000_t_p1d000000_N10.npz,20,1.0102272380092103,200,0.9,0.21401056383362202,676,9.992007221626409e-15,225,10.0,/public/home/student090/quantum-pump-l8/runs/l8-allobs-20260728T230945/static/static_0225_U_p6d200000_t_p1d000000.npz,1.0,0.0020004435704124024,1,400
2.0,3.0,0.7724112292877372,8,2.0,1.9738351995910979,6.2,0.005,/public/home/student090/quantum-pump-l8/runs/l8-allobs-20260728T230945/chern10/pair_0225_U_p6d200000_t_p1d000000_N10.npz,20,1.9764937109604266,1000,0.9,0.7151523297119136,677,9.636735853746359e-14,225,50.0,/public/home/student090/quantum-pump-l8/runs/l8-allobs-20260728T230945/static/static_0225_U_p6d200000_t_p1d000000.npz,1.0,0.002658511369328709,1,2000
2.0,3.0,0.7356824742011971,8,2.0,0.5897241826923456,6.25,0.005,/public/home/student090/quantum-pump-l8/runs/l8-allobs-20260728T230945/chern10/pair_0226_U_p6d250000_t_p1d000000_N10.npz,20,0.5905653358724283,40,0.9,0.0065087637581796075,678,9.2148511043888e-15,226,2.0,/public/home/student090/quantum-pump-l8/runs/l8-allobs-20260728T230945/static/static_0226_U_p6d250000_t_p1d000000.npz,1.0,0.0008411531800827099,1,80
2.0,3.0,0.7356824742011971,8,2.0,0.9917779383403164,6.25,0.005,/public/home/student090/quantum-pump-l8/runs/l8-allobs-20260728T230945/chern10/pair_0226_U_p6d250000_t_p1d000000_N10.npz,20,0.9937582507100897,200,0.9,0.24222206315530806,679,4.3520742565306136e-14,226,10.0,/public/home/student090/quantum-pump-l8/runs/l8-allobs-20260728T230945/static/static_0226_U_p6d250000_t_p1d000000.npz,1.0,0.0019803123697733627,1,400
2.0,3.0,0.7356824742011971,8,2.0,1.8476935454579604,6.25,0.005,/public/home/student090/quantum-pump-l8/runs/l8-allobs-20260728T230945/chern10/pair_0226_U_p6d250000_t_p1d000000_N10.npz,20,1.8502982575088023,1000,0.9,0.6739439651985143,680,1.6076029396572267e-13,226,50.0,/public/home/student090/quantum-pump-l8/runs/l8-allobs-20260728T230945/static/static_0226_U_p6d250000_t_p1d000000.npz,1.0,0.0026047120508418953,1,2000
2.0,3.0,0.5553877837001107,8,2.0,0.5584792087920496,6.5,0.005,/public/home/student090/quantum-pump-l8/runs/l8-allobs-20260728T230945/chern10/pair_0227_U_p6d500000_t_p1d000000_N10.npz,20,0.5591850038363572,40,0.9,0.0067393814667864715,681,6.772360450213455e-15,227,2.0,/public/home/student090/quantum-pump-l8/runs/l8-allobs-20260728T230945/static/static_0227_U_p6d500000_t_p1d000000.npz,1.0,0.0007057950443075667,1,80
2.0,3.0,0.5553877837001107,8,2.0,0.9076470547081227,6.5,0.005,/public/home/student090/quantum-pump-l8/runs/l8-allobs-20260728T230945/chern10/pair_0227_U_p6d500000_t_p1d000000_N10.npz,20,0.9094963248232693,200,0.9,0.3094445298180116,682,3.197442310920451e-14,227,10.0,/public/home/student090/quantum-pump-l8/runs/l8-allobs-20260728T230945/static/static_0227_U_p6d500000_t_p1d000000.npz,1.0,0.001849270115146573,1,400
2.0,3.0,0.5553877837001107,8,2.0,1.4505317862983604,6.5,0.005,/public/home/student090/quantum-pump-l8/runs/l8-allobs-20260728T230945/chern10/pair_0227_U_p6d500000_t_p1d000000_N10.npz,20,1.452803973750992,1000,0.9,0.3177979724036872,683,1.4011014570769476e-13,227,50.0,/public/home/student090/quantum-pump-l8/runs/l8-allobs-20260728T230945/static/static_0227_U_p6d500000_t_p1d000000.npz,1.0,0.002272187452631469,1,2000
2.0,3.0,0.3821442186242896,8,2.0000000000000004,0.5291127468885528,6.75,0.005,/public/home/student090/quantum-pump-l8/runs/l8-allobs-20260728T230945/chern10/pair_0228_U_p6d750000_t_p1d000000_N10.npz,20,0.529686193793532,40,0.9,0.007875828298194786,684,5.88418203051333e-15,228,2.0,/public/home/student090/quantum-pump-l8/runs/l8-allobs-20260728T230945/static/static_0228_U_p6d750000_t_p1d000000.npz,1.0,0.0005734469049791802,1,80
2.0,3.0,0.3821442186242896,8,2.0000000000000004,0.7457935729161375,6.75,0.005,/public/home/student090/quantum-pump-l8/runs/l8-allobs-20260728T230945/chern10/pair_0228_U_p6d750000_t_p1d000000_N10.npz,20,0.7474677714528909,200,0.9,0.20057099738585343,685,3.4638958368304884e-14,228,10.0,/public/home/student090/quantum-pump-l8/runs/l8-allobs-20260728T230945/static/static_0228_U_p6d750000_t_p1d000000.npz,1.0,0.001674198536753435,1,400
2.0,3.0,0.3821442186242896,8,2.0000000000000004,0.9997631910213188,6.75,0.005,/public/home/student090/quantum-pump-l8/runs/l8-allobs-20260728T230945/chern10/pair_0228_U_p6d750000_t_p1d000000_N10.npz,20,1.0016680663326996,1000,0.9,0.7143335261996728,686,1.5265566588595902e-13,228,50.0,/public/home/student090/quantum-pump-l8/runs/l8-allobs-20260728T230945/static/static_0228_U_p6d750000_t_p1d000000.npz,1.0,0.001904875311380727,1,2000
2.0,3.0,0.21853740295128965,8,2.0,0.5011004356371894,7.0,0.005,/public/home/student090/quantum-pump-l8/runs/l8-allobs-20260728T230945/chern10/pair_0229_U_p7d000000_t_p1d000000_N10.npz,20,0.5015451053741186,40,0.9,0.010562005341448204,687,3.774758283725532e-15,229,2.0,/public/home/student090/quantum-pump-l8/runs/l8-allobs-20260728T230945/static/static_0229_U_p7d000000_t_p1d000000.npz,1.0,0.00044466973692913747,1,80
2.0,3.0,0.21853740295128965,8,2.0,0.5168731920196223,7.0,0.005,/public/home/student090/quantum-pump-l8/runs/l8-allobs-20260728T230945/chern10/pair_0229_U_p7d000000_t_p1d000000_N10.npz,20,0.5184425241562833,200,0.9,0.046071289410827436,688,2.6201263381153694e-14,229,10.0,/public/home/student090/quantum-pump-l8/runs/l8-allobs-20260728T230945/static/static_0229_U_p7d000000_t_p1d000000.npz,1.0,0.0015693321366609947,1,400
2.0,3.0,0.21853740295128965,8,2.0,0.02718871964701261,7.0,0.005,/public/home/student090/quantum-pump-l8/runs/l8-allobs-20260728T230945/chern10/pair_0229_U_p7d000000_t_p1d000000_N10.npz,20,0.02885132346680139,1000,0.9,0.4138548562058012,689,1.3855583347321954e-13,229,50.0,/public/home/student090/quantum-pump-l8/runs/l8-allobs-20260728T230945/static/static_0229_U_p7d000000_t_p1d000000.npz,1.0,0.0016626038197887806,1,2000
2.0,3.0,0.06787589050373644,8,2.0,0.4740169730909342,7.25,0.005,/public/home/student090/quantum-pump-l8/runs/l8-allobs-20260728T230945/chern10/pair_0230_U_p7d250000_t_p1d000000_N10.npz,20,0.47433775153238034,40,0.9,0.014866765745237558,690,8.43769498715119e-15,230,2.0,/public/home/student090/quantum-pump-l8/runs/l8-allobs-20260728T230945/static/static_0230_U_p7d250000_t_p1d000000.npz,1.0,0.00032077844144612344,1,80
2.0,3.0,0.06787589050373644,8,2.0,0.3727701806625154,7.25,0.005,/public/home/student090/quantum-pump-l8/runs/l8-allobs-20260728T230945/chern10/pair_0230_U_p7d250000_t_p1d000000_N10.npz,20,0.3743369755962513,200,0.9,0.12133246656378203,691,4.518607710224387e-14,230,10.0,/public/home/student090/quantum-pump-l8/runs/l8-allobs-20260728T230945/static/static_0230_U_p7d250000_t_p1d000000.npz,1.0,0.0015667949337359044,1,400
2.0,3.0,0.06787589050373644,8,2.0,0.14264592840022144,7.25,0.005,/public/home/student090/quantum-pump-l8/runs/l8-allobs-20260728T230945/chern10/pair_0230_U_p7d250000_t_p1d000000_N10.npz,20,0.14413175901359065,1000,0.9,0.44471855163975754,692,2.416955524608966e-13,230,50.0,/public/home/student090/quantum-pump-l8/runs/l8-allobs-20260728T230945/static/static_0230_U_p7d250000_t_p1d000000.npz,1.0,0.00148583061336921,1,2000
1.0601848938211722e-16,3.0,0.06606514435801891,8,0.0,0.447543824610893,7.5,0.005,/public/home/student090/quantum-pump-l8/runs/l8-allobs-20260728T230945/chern10/pair_0231_U_p7d500000_t_p1d000000_N10.npz,20,0.44774733232563985,40,0.9,0.02018437887027353,693,6.439293542825908e-15,231,2.0,/public/home/student090/quantum-pump-l8/runs/l8-allobs-20260728T230945/static/static_0231_U_p7d500000_t_p1d000000.npz,1.0,0.00020350771474686447,1,80
1.0601848938211722e-16,3.0,0.06606514435801891,8,0.0,0.3615494140810131,7.5,0.005,/public/home/student090/quantum-pump-l8/runs/l8-allobs-20260728T230945/chern10/pair_0231_U_p7d500000_t_p1d000000_N10.npz,20,0.36308293542515174,200,0.9,0.4651532059121154,694,2.1316282072803006e-14,231,10.0,/public/home/student090/quantum-pump-l8/runs/l8-allobs-20260728T230945/static/static_0231_U_p7d500000_t_p1d000000.npz,1.0,0.0015335213441386442,1,400
1.0601848938211722e-16,3.0,0.06606514435801891,8,0.0,0.08676780652401499,7.5,0.005,/public/home/student090/quantum-pump-l8/runs/l8-allobs-20260728T230945/chern10/pair_0231_U_p7d500000_t_p1d000000_N10.npz,20,0.08816627875026155,1000,0.9,0.8433980251920465,695,9.43689570931383e-14,231,50.0,/public/home/student090/quantum-pump-l8/runs/l8-allobs-20260728T230945/static/static_0231_U_p7d500000_t_p1d000000.npz,1.0,0.001398472226246561,1,2000
1.7669748230352872e-16,3.0,0.179735499489607,8,0.0,0.4214632039079857,7.75,0.005,/public/home/student090/quantum-pump-l8/runs/l8-allobs-20260728T230945/chern10/pair_0232_U_p7d750000_t_p1d000000_N10.npz,20,0.42155788224253954,40,0.9,0.02545512738280423,696,5.218048215738236e-15,232,2.0,/public/home/student090/quantum-pump-l8/runs/l8-allobs-20260728T230945/static/static_0232_U_p7d750000_t_p1d000000.npz,1.0,9.467833455384378e-05,1,80
1.7669748230352872e-16,3.0,0.179735499489607,8,0.0,0.3409818969908315,7.75,0.005,/public/home/student090/quantum-pump-l8/runs/l8-allobs-20260728T230945/chern10/pair_0232_U_p7d750000_t_p1d000000_N10.npz,20,0.34237331814325256,200,0.9,0.7506074577646042,697,2.631228568361621e-14,232,10.0,/public/home/student090/quantum-pump-l8/runs/l8-allobs-20260728T230945/static/static_0232_U_p7d750000_t_p1d000000.npz,1.0,0.0013914211524210796,1,400
1.7669748230352872e-16,3.0,0.179735499489607,8,0.0,0.055679956743575676,7.75,0.005,/public/home/student090/quantum-pump-l8/runs/l8-allobs-20260728T230945/chern10/pair_0232_U_p7d750000_t_p1d000000_N10.npz,20,0.057082587426344915,1000,0.9,0.9067349986329495,698,1.3800072196090696e-13,232,50.0,/public/home/student090/quantum-pump-l8/runs/l8-allobs-20260728T230945/static/static_0232_U_p7d750000_t_p1d000000.npz,1.0,0.001402630682769239,1,2000
2.8271597168564594e-16,3.0,0.27087257639333107,8,0.0,0.39564333776874816,8.0,0.005,/public/home/student090/quantum-pump-l8/runs/l8-allobs-20260728T230945/chern10/pair_0233_U_p8d000000_t_p1d000000_N10.npz,20,0.39563927195458737,40,0.9,0.029613216524151453,699,1.3322676295501878e-15,233,2.0,/public/home/student090/quantum-pump-l8/runs/l8-allobs-20260728T230945/static/static_0233_U_p8d000000_t_p1d000000.npz,1.0,4.065814160791881e-06,1,80
2.8271597168564594e-16,3.0,0.27087257639333107,8,0.0,0.21694586727715143,8.0,0.005,/public/home/student090/quantum-pump-l8/runs/l8-allobs-20260728T230945/chern10/pair_0233_U_p8d000000_t_p1d000000_N10.npz,20,0.21816451402383122,200,0.9,0.7220775781494595,700,7.438494264988549e-15,233,10.0,/public/home/student090/quantum-pump-l8/runs/l8-allobs-20260728T230945/static/static_0233_U_p8d000000_t_p1d000000.npz,1.0,0.0012186467466797912,1,400
2.8271597168564594e-16,3.0,0.27087257639333107,8,0.0,0.2763509017306136,8.0,0.005,/public/home/student090/quantum-pump-l8/runs/l8-allobs-20260728T230945/chern10/pair_0233_U_p8d000000_t_p1d000000_N10.npz,20,0.2777482000941614,1000,0.9,0.5173614706582895,701,4.030109579389318e-14,233,50.0,/public/home/student090/quantum-pump-l8/runs/l8-allobs-20260728T230945/static/static_0233_U_p8d000000_t_p1d000000.npz,1.0,0.0013972983635477942,1,2000
-1.0601848938211722e-16,3.0,0.32563254143506626,8,0.0,0.3700198308683409,8.25,0.005,/public/home/student090/quantum-pump-l8/runs/l8-allobs-20260728T230945/chern10/pair_0234_U_p8d250000_t_p1d000000_N10.npz,20,0.3699284225660746,40,0.9,0.03208298789286883,702,3.552713678800501e-15,234,2.0,/public/home/student090/quantum-pump-l8/runs/l8-allobs-20260728T230945/static/static_0234_U_p8d250000_t_p1d000000.npz,1.0,9.14083022662826e-05,1,80
-1.0601848938211722e-16,3.0,0.32563254143506626,8,0.0,0.07101897660618603,8.25,0.005,/public/home/student090/quantum-pump-l8/runs/l8-allobs-20260728T230945/chern10/pair_0234_U_p8d250000_t_p1d000000_N10.npz,20,0.07214056713893717,200,0.9,0.5396536035745809,703,1.4432899320127035e-14,234,10.0,/public/home/student090/quantum-pump-l8/runs/l8-allobs-20260728T230945/static/static_0234_U_p8d250000_t_p1d000000.npz,1.0,0.0011215905327511405,1,400
-1.0601848938211722e-16,3.0,0.32563254143506626,8,0.0,0.1285882305377912,8.25,0.005,/public/home/student090/quantum-pump-l8/runs/l8-allobs-20260728T230945/chern10/pair_0234_U_p8d250000_t_p1d000000_N10.npz,20,0.12999464344028597,1000,0.9,0.44922927998322637,704,1.1368683772161603e-13,234,50.0,/public/home/student090/quantum-pump-l8/runs/l8-allobs-20260728T230945/static/static_0234_U_p8d250000_t_p1d000000.npz,1.0,0.0014064129024947691,1,2000
-7.067899292141149e-17,3.0,0.319351720265443,8,0.0,0.34457729038122875,8.5,0.005,/public/home/student090/quantum-pump-l8/runs/l8-allobs-20260728T230945/chern10/pair_0235_U_p8d500000_t_p1d000000_N10.npz,20,0.34441089601235975,40,0.9,0.03312703753646685,705,1.6653345369377348e-15,235,2.0,/public/home/student090/quantum-pump-l8/runs/l8-allobs-20260728T230945/static/static_0235_U_p8d500000_t_p1d000000.npz,1.0,0.00016639436886900505,1,80
-7.067899292141149e-17,3.0,0.319351720265443,8,0.0,0.010599650771661863,8.5,0.005,/public/home/student090/quantum-pump-l8/runs/l8-allobs-20260728T230945/chern10/pair_0235_U_p8d500000_t_p1d000000_N10.npz,20,0.011694664605310788,200,0.9,0.49719009192610125,706,1.0325074129013956e-14,235,10.0,/public/home/student090/quantum-pump-l8/runs/l8-allobs-20260728T230945/static/static_0235_U_p8d500000_t_p1d000000.npz,1.0,0.0010950138336489248,1,400
-7.067899292141149e-17,3.0,0.319351720265443,8,0.0,-0.10256226368145266,8.5,0.005,/public/home/student090/quantum-pump-l8/runs/l8-allobs-20260728T230945/chern10/pair_0235_U_p8d500000_t_p1d000000_N10.npz,20,-0.101098190692753,1000,0.9,0.8799444780197452,707,1.587618925213974e-14,235,50.0,/public/home/student090/quantum-pump-l8/runs/l8-allobs-20260728T230945/static/static_0235_U_p8d500000_t_p1d000000.npz,1.0,0.0014640729886996606,1,2000
-1.766974823035287e-17,3.0,0.3120205493231718,8,0.0,0.31933435778678915,8.75,0.005,/public/home/student090/quantum-pump-l8/runs/l8-allobs-20260728T230945/chern10/pair_0236_U_p8d750000_t_p1d000000_N10.npz,20,0.3191059786018823,40,0.9,0.03390501262358883,708,7.771561172376096e-16,236,2.0,/public/home/student090/quantum-pump-l8/runs/l8-allobs-20260728T230945/static/static_0236_U_p8d750000_t_p1d000000.npz,1.0,0.00022837918490686837,1,80
-1.766974823035287e-17,3.0,0.3120205493231718,8,0.0,0.028655778803297803,8.75,0.005,/public/home/student090/quantum-pump-l8/runs/l8-allobs-20260728T230945/chern10/pair_0236_U_p8d750000_t_p1d000000_N10.npz,20,0.029713833644836932,200,0.9,0.6202720856000361,709,6.8833827526759706e-15,236,10.0,/public/home/student090/quantum-pump-l8/runs/l8-allobs-20260728T230945/static/static_0236_U_p8d750000_t_p1d000000.npz,1.0,0.0010580548415391293,1,400
-1.766974823035287e-17,3.0,0.3120205493231718,8,0.0,-0.07958134339081419,8.75,0.005,/public/home/student090/quantum-pump-l8/runs/l8-allobs-20260728T230945/chern10/pair_0236_U_p8d750000_t_p1d000000_N10.npz,20,-0.07808180084387965,1000,0.9,0.8262179361966117,710,3.064215547965432e-14,236,50.0,/public/home/student090/quantum-pump-l8/runs/l8-allobs-20260728T230945/static/static_0236_U_p8d750000_t_p1d000000.npz,1.0,0.001499542546934532,1,2000
0.0,3.0,0.3040047896787095,8,0.0,0.2943339843098545,9.0,0.005,/public/home/student090/quantum-pump-l8/runs/l8-allobs-20260728T230945/chern10/pair_0237_U_p9d000000_t_p1d000000_N10.npz,20,0.2940570439299274,40,0.9,0.036215267450050735,711,6.217248937900877e-15,237,2.0,/public/home/student090/quantum-pump-l8/runs/l8-allobs-20260728T230945/static/static_0237_U_p9d000000_t_p1d000000.npz,1.0,0.0002769403799271486,1,80
0.0,3.0,0.3040047896787095,8,0.0,0.049572776840563965,9.0,0.005,/public/home/student090/quantum-pump-l8/runs/l8-allobs-20260728T230945/chern10/pair_0237_U_p9d000000_t_p1d000000_N10.npz,20,0.05054964899020507,200,0.9,0.7227504165444181,712,2.9531932455029164e-14,237,10.0,/public/home/student090/quantum-pump-l8/runs/l8-allobs-20260728T230945/static/static_0237_U_p9d000000_t_p1d000000.npz,1.0,0.0009768721496411087,1,400
0.0,3.0,0.3040047896787095,8,0.0,0.026791817621665055,9.0,0.005,/public/home/student090/quantum-pump-l8/runs/l8-allobs-20260728T230945/chern10/pair_0237_U_p9d000000_t_p1d000000_N10.npz,20,0.02826834235066645,1000,0.9,0.23461225518249915,713,1.2878587085651816e-13,237,50.0,/public/home/student090/quantum-pump-l8/runs/l8-allobs-20260728T230945/static/static_0237_U_p9d000000_t_p1d000000.npz,1.0,0.0014765247290013939,1,2000
7.067899292141149e-17,3.0,0.29560010443411144,8,0.0,0.2696392959115514,9.25,0.005,/public/home/student090/quantum-pump-l8/runs/l8-allobs-20260728T230945/chern10/pair_0238_U_p9d250000_t_p1d000000_N10.npz,20,0.2693274907131968,40,0.9,0.04201787712009058,714,7.771561172376096e-15,238,2.0,/public/home/student090/quantum-pump-l8/runs/l8-allobs-20260728T230945/static/static_0238_U_p9d250000_t_p1d000000.npz,1.0,0.00031180519835460885,1,80
7.067899292141149e-17,3.0,0.29560010443411144,8,0.0,0.03694315595991966,9.25,0.005,/public/home/student090/quantum-pump-l8/runs/l8-allobs-20260728T230945/chern10/pair_0238_U_p9d250000_t_p1d000000_N10.npz,20,0.037839734826356546,200,0.9,0.6982451991297377,715,2.6423307986078726e-14,238,10.0,/public/home/student090/quantum-pump-l8/runs/l8-allobs-20260728T230945/static/static_0238_U_p9d250000_t_p1d000000.npz,1.0,0.0008965788664368826,1,400
7.067899292141149e-17,3.0,0.29560010443411144,8,0.0,0.025321224507957034,9.25,0.005,/public/home/student090/quantum-pump-l8/runs/l8-allobs-20260728T230945/chern10/pair_0238_U_p9d250000_t_p1d000000_N10.npz,20,0.02677149980975062,1000,0.9,0.10814458644931801,716,1.2745360322696797e-13,238,50.0,/public/home/student090/quantum-pump-l8/runs/l8-allobs-20260728T230945/static/static_0238_U_p9d250000_t_p1d000000.npz,1.0,0.0014502753017935875,1,2000
3.0922059403117524e-16,3.0,0.2870354639418573,8,0.0,0.24533395703764843,9.5,0.005,/public/home/student090/quantum-pump-l8/runs/l8-allobs-20260728T230945/chern10/pair_0239_U_p9d500000_t_p1d000000_N10.npz,20,0.24500113109706548,40,0.9,0.05291764800870122,717,7.327471962526033e-15,239,2.0,/public/home/student090/quantum-pump-l8/runs/l8-allobs-20260728T230945/static/static_0239_U_p9d500000_t_p1d000000.npz,1.0,0.00033282594058295367,1,80
3.0922059403117524e-16,3.0,0.2870354639418573,8,0.0,0.012850667539181578,9.5,0.005,/public/home/student090/quantum-pump-l8/runs/l8-allobs-20260728T230945/chern10/pair_0239_U_p9d500000_t_p1d000000_N10.npz,20,0.013704148359863931,200,0.9,0.5989347976994791,718,3.3084646133829665e-14,239,10.0,/public/home/student090/quantum-pump-l8/runs/l8-allobs-20260728T230945/static/static_0239_U_p9d500000_t_p1d000000.npz,1.0,0.0008534808206823539,1,400
3.0922059403117524e-16,3.0,0.2870354639418573,8,0.0,-0.03036798412364476,9.5,0.005,/public/home/student090/quantum-pump-l8/runs/l8-allobs-20260728T230945/chern10/pair_0239_U_p9d500000_t_p1d000000_N10.npz,20,-0.028923083788861246,1000,0.9,0.6301230309561529,719,1.729727472365994e-13,239,50.0,/public/home/student090/quantum-pump-l8/runs/l8-allobs-20260728T230945/static/static_0239_U_p9d500000_t_p1d000000.npz,1.0,0.0014449003347835124,1,2000
1.965759490626757e-16,3.0,0.2784815132686971,8,0.0,0.2215248588355329,9.75,0.005,/public/home/student090/quantum-pump-l8/runs/l8-allobs-20260728T230945/chern10/pair_0240_U_p9d750000_t_p1d000000_N10.npz,20,0.22118484631733393,40,0.9,0.06978461616976157,720,2.220446049250313e-15,240,2.0,/public/home/student090/quantum-pump-l8/runs/l8-allobs-20260728T230945/static/static_0240_U_p9d750000_t_p1d000000.npz,1.0,0.00034001251819898437,1,80
1.965759490626757e-16,3.0,0.2784815132686971,8,0.0,0.003727649343652104,9.75,0.005,/public/home/student090/quantum-pump-l8/runs/l8-allobs-20260728T230945/chern10/pair_0240_U_p9d750000_t_p1d000000_N10.npz,20,0.0045568626393047975,200,0.9,0.506325523485718,721,1.3766765505351941e-14,240,10.0,/public/home/student090/quantum-pump-l8/runs/l8-allobs-20260728T230945/static/static_0240_U_p9d750000_t_p1d000000.npz,1.0,0.0008292132956526934,1,400
1.965759490626757e-16,3.0,0.2784815132686971,8,0.0,-0.04607823132844213,9.75,0.005,/public/home/student090/quantum-pump-l8/runs/l8-allobs-20260728T230945/chern10/pair_0240_U_p9d750000_t_p1d000000_N10.npz,20,-0.04464013538847342,1000,0.9,0.9737061008377562,722,6.994405055138486e-14,240,50.0,/public/home/student090/quantum-pump-l8/runs/l8-allobs-20260728T230945/static/static_0240_U_p9d750000_t_p1d000000.npz,1.0,0.0014380959399687143,1,2000
5.300924469105861e-17,3.0,0.2700607199577729,8,0.0,0.1983444781371847,10.0,0.005,/public/home/student090/quantum-pump-l8/runs/l8-allobs-20260728T230945/chern10/pair_0241_U_p10d000000_t_p1d000000_N10.npz,20,0.1980108699675465,40,0.9,0.09261675490432628,723,7.66053886991358e-15,241,2.0,/public/home/student090/quantum-pump-l8/runs/l8-allobs-20260728T230945/static/static_0241_U_p10d000000_t_p1d000000.npz,1.0,0.0003336081696382054,1,80
5.300924469105861e-17,3.0,0.2700607199577729,8,0.0,0.006706476701020572,10.0,0.005,/public/home/student090/quantum-pump-l8/runs/l8-allobs-20260728T230945/chern10/pair_0241_U_p10d000000_t_p1d000000_N10.npz,20,0.007509836929501438,200,0.9,0.4400473430288502,724,4.518607710224387e-14,241,10.0,/public/home/student090/quantum-pump-l8/runs/l8-allobs-20260728T230945/static/static_0241_U_p10d000000_t_p1d000000.npz,1.0,0.0008033602284808665,1,400
5.300924469105861e-17,3.0,0.2700607199577729,8,0.0,-0.020354207366679682,10.0,0.005,/public/home/student090/quantum-pump-l8/runs/l8-allobs-20260728T230945/chern10/pair_0241_U_p10d000000_t_p1d000000_N10.npz,20,-0.018944719001745377,1000,0.9,0.670199218900769,725,2.1083135237631723e-13,241,50.0,/public/home/student090/quantum-pump-l8/runs/l8-allobs-20260728T230945/static/static_0241_U_p10d000000_t_p1d000000.npz,1.0,0.0014094883649343054,1,2000
-2.4848083448933725e-17,3.0,0.21302254059787984,8,0.0,0.0557299356924666,12.0,0.005,/public/home/student090/quantum-pump-l8/runs/l8-allobs-20260728T230945/chern10/pair_0242_U_p12d000000_t_p1d000000_N10.npz,20,0.05578583347644879,40,0.9,0.3603522195119908,726,6.217248937900877e-15,242,2.0,/public/home/student090/quantum-pump-l8/runs/l8-allobs-20260728T230945/static/static_0242_U_p12d000000_t_p1d000000.npz,1.0,5.589778398219086e-05,1,80
-2.4848083448933725e-17,3.0,0.21302254059787984,8,0.0,-0.00036635339167719993,12.0,0.005,/public/home/student090/quantum-pump-l8/runs/l8-allobs-20260728T230945/chern10/pair_0242_U_p12d000000_t_p1d000000_N10.npz,20,0.00025023096228804433,200,0.9,0.11557295461905097,727,3.963496197911809e-14,242,10.0,/public/home/student090/quantum-pump-l8/runs/l8-allobs-20260728T230945/static/static_0242_U_p12d000000_t_p1d000000.npz,1.0,0.0006165843539652443,1,400
-2.4848083448933725e-17,3.0,0.21302254059787984,8,0.0,0.0018757540190770833,12.0,0.005,/public/home/student090/quantum-pump-l8/runs/l8-allobs-20260728T230945/chern10/pair_0242_U_p12d000000_t_p1d000000_N10.npz,20,0.00303674081943637,1000,0.9,0.067365040513669,728,1.8607337892717624e-13,242,50.0,/public/home/student090/quantum-pump-l8/runs/l8-allobs-20260728T230945/static/static_0242_U_p12d000000_t_p1d000000.npz,1.0,0.0011609868003592866,1,2000
-2.6145705584600264e-16,3.0,0.14734225823965308,8,0.0,0.0012322361904313509,16.0,0.005,/public/home/student090/quantum-pump-l8/runs/l8-allobs-20260728T230945/chern10/pair_0243_U_p16d000000_t_p1d000000_N10.npz,20,0.001611532745425803,40,0.9,0.6712767080724438,729,1.0880185641326534e-14,243,2.0,/public/home/student090/quantum-pump-l8/runs/l8-allobs-20260728T230945/static/static_0243_U_p16d000000_t_p1d000000.npz,1.0,0.0003792965549944522,1,80
-2.6145705584600264e-16,3.0,0.14734225823965308,8,0.0,0.00010866137634839561,16.0,0.005,/public/home/student090/quantum-pump-l8/runs/l8-allobs-20260728T230945/chern10/pair_0243_U_p16d000000_t_p1d000000_N10.npz,20,0.0005300746432639619,200,0.9,0.05918869673979588,730,4.8627768478581856e-14,243,10.0,/public/home/student090/quantum-pump-l8/runs/l8-allobs-20260728T230945/static/static_0243_U_p16d000000_t_p1d000000.npz,1.0,0.0004214132669155663,1,400
-2.6145705584600264e-16,3.0,0.14734225823965308,8,0.0,-6.202937150301462e-05,16.0,0.005,/public/home/student090/quantum-pump-l8/runs/l8-allobs-20260728T230945/chern10/pair_0243_U_p16d000000_t_p1d000000_N10.npz,20,0.0007683899862947465,1000,0.9,0.7099254989054781,731,2.0894397323445446e-13,243,50.0,/public/home/student090/quantum-pump-l8/runs/l8-allobs-20260728T230945/static/static_0243_U_p16d000000_t_p1d000000.npz,1.0,0.000830419357797761,1,2000
1.5419616229143873e-16,3.0,0.09199237490831891,8,0.0,8.807887026423621e-05,24.0,0.005,/public/home/student090/quantum-pump-l8/runs/l8-allobs-20260728T230945/chern10/pair_0244_U_p24d000000_t_p1d000000_N10.npz,20,0.000334139160330857,40,0.9,0.8453477862117996,732,3.3306690738754696e-15,244,2.0,/public/home/student090/quantum-pump-l8/runs/l8-allobs-20260728T230945/static/static_0244_U_p24d000000_t_p1d000000.npz,1.0,0.0002460602900666208,1,80
1.5419616229143873e-16,3.0,0.09199237490831891,8,0.0,8.090011880478121e-05,24.0,0.005,/public/home/student090/quantum-pump-l8/runs/l8-allobs-20260728T230945/chern10/pair_0244_U_p24d000000_t_p1d000000_N10.npz,20,0.00035153683209646904,200,0.9,0.0031975985634840167,733,1.1546319456101628e-14,244,10.0,/public/home/student090/quantum-pump-l8/runs/l8-allobs-20260728T230945/static/static_0244_U_p24d000000_t_p1d000000.npz,1.0,0.00027063671329168786,1,400
1.5419616229143873e-16,3.0,0.09199237490831891,8,0.0,0.00015087443608105986,24.0,0.005,/public/home/student090/quantum-pump-l8/runs/l8-allobs-20260728T230945/chern10/pair_0244_U_p24d000000_t_p1d000000_N10.npz,20,0.0006511985464223459,1000,0.9,0.2754570030407181,734,5.3512749786932545e-14,244,50.0,/public/home/student090/quantum-pump-l8/runs/l8-allobs-20260728T230945/static/static_0244_U_p24d000000_t_p1d000000.npz,1.0,0.000500324110341286,1,2000
2.3277822619869163e-16,3.0,0.06737812823698675,8,0.0,5.6234624956602315e-05,32.0,0.005,/public/home/student090/quantum-pump-l8/runs/l8-allobs-20260728T230945/chern10/pair_0245_U_p32d000000_t_p1d000000_N10.npz,20,0.00025731494263091156,40,0.9,0.9108587814670382,735,6.217248937900877e-15,245,2.0,/public/home/student090/quantum-pump-l8/runs/l8-allobs-20260728T230945/static/static_0245_U_p32d000000_t_p1d000000.npz,1.0,0.00020108031767430924,1,80
2.3277822619869163e-16,3.0,0.06737812823698675,8,0.0,6.100151377552897e-05,32.0,0.005,/public/home/student090/quantum-pump-l8/runs/l8-allobs-20260728T230945/chern10/pair_0245_U_p32d000000_t_p1d000000_N10.npz,20,0.000273099167909693,200,0.9,0.07866668138449559,736,9.769962616701378e-15,245,10.0,/public/home/student090/quantum-pump-l8/runs/l8-allobs-20260728T230945/static/static_0245_U_p32d000000_t_p1d000000.npz,1.0,0.00021209765413416403,1,400
2.3277822619869163e-16,3.0,0.06737812823698675,8,0.0,0.00010255374380867919,32.0,0.005,/public/home/student090/quantum-pump-l8/runs/l8-allobs-20260728T230945/chern10/pair_0245_U_p32d000000_t_p1d000000_N10.npz,20,0.0004604621690109472,1000,0.9,0.1919202355237327,737,3.47499806707674e-14,245,50.0,/public/home/student090/quantum-pump-l8/runs/l8-allobs-20260728T230945/static/static_0245_U_p32d000000_t_p1d000000.npz,1.0,0.000357908425202268,1,2000
2.0,3.0,0.4899206987253706,8,1.9999999999999998,0.0010589271800152194,-32.0,0.005,/public/home/student090/quantum-pump-l8/runs/l8-allobs-20260728T230945/chern10/pair_0246_U_neg32d000000_t_p1d100000_N10.npz,20,0.001290328950248667,40,0.9,0.925898173135809,738,1.3322676295501878e-15,246,2.0,/public/home/student090/quantum-pump-l8/runs/l8-allobs-20260728T230945/static/static_0246_U_neg32d000000_t_p1d100000.npz,1.1,0.00023140177023344755,1,80
2.0,3.0,0.4899206987253706,8,1.9999999999999998,0.014951370734751699,-32.0,0.005,/public/home/student090/quantum-pump-l8/runs/l8-allobs-20260728T230945/chern10/pair_0246_U_neg32d000000_t_p1d100000_N10.npz,20,0.015204659985893928,200,0.9,0.3383627394544524,739,3.552713678800501e-15,246,10.0,/public/home/student090/quantum-pump-l8/runs/l8-allobs-20260728T230945/static/static_0246_U_neg32d000000_t_p1d100000.npz,1.1,0.00025328925114222883,1,400
2.0,3.0,0.4899206987253706,8,1.9999999999999998,0.15660658463041227,-32.0,0.005,/public/home/student090/quantum-pump-l8/runs/l8-allobs-20260728T230945/chern10/pair_0246_U_neg32d000000_t_p1d100000_N10.npz,20,0.15698993280353316,1000,0.9,0.1089771576667504,740,2.4202861936828413e-14,246,50.0,/public/home/student090/quantum-pump-l8/runs/l8-allobs-20260728T230945/static/static_0246_U_neg32d000000_t_p1d100000.npz,1.1,0.0003833481731208843,1,2000
2.0000000000000004,3.0,0.6457880489954988,8,2.0000000000000004,0.0027163824879360503,-24.0,0.005,/public/home/student090/quantum-pump-l8/runs/l8-allobs-20260728T230945/chern10/pair_0247_U_neg24d000000_t_p1d100000_N10.npz,20,0.0030109377020712063,40,0.9,0.8720651279213423,741,5.551115123125783e-15,247,2.0,/public/home/student090/quantum-pump-l8/runs/l8-allobs-20260728T230945/static/static_0247_U_neg24d000000_t_p1d100000.npz,1.1,0.00029455521413515595,1,80
2.0000000000000004,3.0,0.6457880489954988,8,2.0000000000000004,0.03294387911175223,-24.0,0.005,/public/home/student090/quantum-pump-l8/runs/l8-allobs-20260728T230945/chern10/pair_0247_U_neg24d000000_t_p1d100000_N10.npz,20,0.033284389723246086,200,0.9,0.19565398232419393,742,1.7541523789077473e-14,247,10.0,/public/home/student090/quantum-pump-l8/runs/l8-allobs-20260728T230945/static/static_0247_U_neg24d000000_t_p1d100000.npz,1.1,0.00034051061149385775,1,400
2.0000000000000004,3.0,0.6457880489954988,8,2.0000000000000004,0.3328059226752909,-24.0,0.005,/public/home/student090/quantum-pump-l8/runs/l8-allobs-20260728T230945/chern10/pair_0247_U_neg24d000000_t_p1d100000_N10.npz,20,0.33340029077949496,1000,0.9,0.11322125323803287,743,8.815170815523743e-14,247,50.0,/public/home/student090/quantum-pump-l8/runs/l8-allobs-20260728T230945/static/static_0247_U_neg24d000000_t_p1d100000.npz,1.1,0.0005943681042040461,1,2000
2.0,3.0,0.9393182704245504,8,1.9999999999999998,0.013774657935188032,-16.0,0.005,/public/home/student090/quantum-pump-l8/runs/l8-allobs-20260728T230945/chern10/pair_0248_U_neg16d000000_t_p1d100000_N10.npz,20,0.014206178390592052,40,0.9,0.7017427855754335,744,8.43769498715119e-15,248,2.0,/public/home/student090/quantum-pump-l8/runs/l8-allobs-20260728T230945/static/static_0248_U_neg16d000000_t_p1d100000.npz,1.1,0.0004315204554040195,1,80
2.0,3.0,0.9393182704245504,8,1.9999999999999998,0.1311312924055547,-16.0,0.005,/public/home/student090/quantum-pump-l8/runs/l8-allobs-20260728T230945/chern10/pair_0248_U_neg16d000000_t_p1d100000_N10.npz,20,0.13173986965904022,200,0.9,0.16851323252076744,745,3.774758283725532e-14,248,10.0,/public/home/student090/quantum-pump-l8/runs/l8-allobs-20260728T230945/static/static_0248_U_neg16d000000_t_p1d100000.npz,1.1,0.0006085772534855094,1,400
2.0,3.0,0.9393182704245504,8,1.9999999999999998,0.7836234623203593,-16.0,0.005,/public/home/student090/quantum-pump-l8/runs/l8-allobs-20260728T230945/chern10/pair_0248_U_neg16d000000_t_p1d100000_N10.npz,20,0.7847667103616922,1000,0.9,0.006443579378850345,746,1.723066134218243e-13,248,50.0,/public/home/student090/quantum-pump-l8/runs/l8-allobs-20260728T230945/static/static_0248_U_neg16d000000_t_p1d100000.npz,1.1,0.0011432480413329227,1,2000
2.0,3.0,1.2044908467863706,8,1.9999999999999998,0.04062589750690655,-12.0,0.005,/public/home/student090/quantum-pump-l8/runs/l8-allobs-20260728T230945/chern10/pair_0249_U_neg12d000000_t_p1d100000_N10.npz,20,0.041329683297084814,40,0.9,0.4700008799604096,747,5.662137425588298e-15,249,2.0,/public/home/student090/quantum-pump-l8/runs/l8-allobs-20260728T230945/static/static_0249_U_neg12d000000_t_p1d100000.npz,1.1,0.0007037857901782615,1,80
2.0,3.0,1.2044908467863706,8,1.9999999999999998,0.3129551585339285,-12.0,0.005,/public/home/student090/quantum-pump-l8/runs/l8-allobs-20260728T230945/chern10/pair_0249_U_neg12d000000_t_p1d100000_N10.npz,20,0.31392931073026015,200,0.9,0.16191729437364222,748,2.942091015256665e-14,249,10.0,/public/home/student090/quantum-pump-l8/runs/l8-allobs-20260728T230945/static/static_0249_U_neg12d000000_t_p1d100000.npz,1.1,0.0009741521963316235,1,400
2.0,3.0,1.2044908467863706,8,1.9999999999999998,1.152343571031787,-12.0,0.005,/public/home/student090/quantum-pump-l8/runs/l8-allobs-20260728T230945/chern10/pair_0249_U_neg12d000000_t_p1d100000_N10.npz,20,1.153970224872194,1000,0.9,0.09623447366894271,749,1.5520917884259688e-13,249,50.0,/public/home/student090/quantum-pump-l8/runs/l8-allobs-20260728T230945/static/static_0249_U_neg12d000000_t_p1d100000.npz,1.1,0.0016266538404068331,1,2000
2.0000000000000004,3.0,1.6466088148754707,8,1.9999999999999996,0.15781655156852156,-8.0,0.005,/public/home/student090/quantum-pump-l8/runs/l8-allobs-20260728T230945/chern10/pair_0250_U_neg8d000000_t_p1d100000_N10.npz,10,0.15883421370742726,40,0.9,0.09981161724898863,750,1.4432899320127035e-15,250,2.0,/public/home/student090/quantum-pump-l8/runs/l8-allobs-20260728T230945/static/static_0250_U_neg8d000000_t_p1d100000.npz,1.1,0.001017662138905695,1,80
2.0000000000000004,3.0,1.6466088148754707,8,1.9999999999999996,0.5401795285505685,-8.0,0.005,/public/home/student090/quantum-pump-l8/runs/l8-allobs-20260728T230945/chern10/pair_0250_U_neg8d000000_t_p1d100000_N10.npz,10,0.5417509571568501,200,0.9,0.03380379216813527,751,3.4416913763379853e-15,250,10.0,/public/home/student090/quantum-pump-l8/runs/l8-allobs-20260728T230945/static/static_0250_U_neg8d000000_t_p1d100000.npz,1.1,0.0015714286062815663,1,400
2.0000000000000004,3.0,1.6466088148754707,8,1.9999999999999996,1.6650458670178498,-8.0,0.005,/public/home/student090/quantum-pump-l8/runs/l8-allobs-20260728T230945/chern10/pair_0250_U_neg8d000000_t_p1d100000_N10.npz,10,1.6673561673321584,1000,0.9,0.4372625168812076,752,9.103828801926284e-15,250,50.0,/public/home/student090/quantum-pump-l8/runs/l8-allobs-20260728T230945/static/static_0250_U_neg8d000000_t_p1d100000.npz,1.1,0.0023103003143085665,1,2000
2.0,3.0,1.9854641262961934,8,2.0,0.37479004648515163,-6.0,0.005,/public/home/student090/quantum-pump-l8/runs/l8-allobs-20260728T230945/chern10/pair_0251_U_neg6d000000_t_p1d100000_N10.npz,10,0.37614911614959795,40,0.9,0.016470705859814166,753,7.549516567451064e-15,251,2.0,/public/home/student090/quantum-pump-l8/runs/l8-allobs-20260728T230945/static/static_0251_U_neg6d000000_t_p1d100000.npz,1.1,0.0013590696644463218,1,80
2.0,3.0,1.9854641262961934,8,2.0,1.0067406547229012,-6.0,0.005,/public/home/student090/quantum-pump-l8/runs/l8-allobs-20260728T230945/chern10/pair_0251_U_neg6d000000_t_p1d100000_N10.npz,10,1.0089222739510015,200,0.9,0.0912929518102718,754,3.2862601528904634e-14,251,10.0,/public/home/student090/quantum-pump-l8/runs/l8-allobs-20260728T230945/static/static_0251_U_neg6d000000_t_p1d100000.npz,1.1,0.00218161922810034,1,400
2.0,3.0,1.9854641262961934,8,2.0,1.8415035432148281,-6.0,0.005,/public/home/student090/quantum-pump-l8/runs/l8-allobs-20260728T230945/chern10/pair_0251_U_neg6d000000_t_p1d100000_N10.npz,10,1.8441814180894804,1000,0.9,0.6432463818054056,755,1.5720758028692217e-13,251,50.0,/public/home/student090/quantum-pump-l8/runs/l8-allobs-20260728T230945/static/static_0251_U_neg6d000000_t_p1d100000.npz,1.1,0.0026778748746523195,1,2000
2.0000000000000004,3.0,2.447157149225905,8,1.9999999999999998,0.7533806724586035,-4.0,0.005,/public/home/student090/quantum-pump-l8/runs/l8-allobs-20260728T230945/chern10/pair_0252_U_neg4d000000_t_p1d100000_N10.npz,10,0.7558084630111555,40,0.9,0.009151135238129077,756,2.220446049250313e-15,252,2.0,/public/home/student090/quantum-pump-l8/runs/l8-allobs-20260728T230945/static/static_0252_U_neg4d000000_t_p1d100000.npz,1.1,0.002427790552551934,1,80
2.0000000000000004,3.0,2.447157149225905,8,1.9999999999999998,1.4189853416469849,-4.0,0.005,/public/home/student090/quantum-pump-l8/runs/l8-allobs-20260728T230945/chern10/pair_0252_U_neg4d000000_t_p1d100000_N10.npz,10,1.4216815082844692,200,0.9,0.030744991170706296,757,9.325873406851315e-15,252,10.0,/public/home/student090/quantum-pump-l8/runs/l8-allobs-20260728T230945/static/static_0252_U_neg4d000000_t_p1d100000.npz,1.1,0.0026961666374842874,1,400
2.0000000000000004,3.0,2.447157149225905,8,1.9999999999999998,1.9349140333608588,-4.0,0.005,/public/home/student090/quantum-pump-l8/runs/l8-allobs-20260728T230945/chern10/pair_0252_U_neg4d000000_t_p1d100000_N10.npz,10,1.9379722940643287,1000,0.9,0.8158755173963604,758,6.328271240363392e-14,252,50.0,/public/home/student090/quantum-pump-l8/runs/l8-allobs-20260728T230945/static/static_0252_U_neg4d000000_t_p1d100000.npz,1.1,0.0030582607034699283,1,2000
2.0000000000000004,3.0,3.060130432934674,8,2.0,0.9274414973809688,-2.0,0.005,/public/home/student090/quantum-pump-l8/runs/l8-allobs-20260728T230945/chern10/pair_0253_U_neg2d000000_t_p1d100000_N10.npz,10,0.9305981546196809,40,0.9,0.03376220663847659,759,6.439293542825908e-15,253,2.0,/public/home/student090/quantum-pump-l8/runs/l8-allobs-20260728T230945/static/static_0253_U_neg2d000000_t_p1d100000.npz,1.1,0.0031566572387120573,1,80
2.0000000000000004,3.0,3.060130432934674,8,2.0,1.7261589425648303,-2.0,0.005,/public/home/student090/quantum-pump-l8/runs/l8-allobs-20260728T230945/chern10/pair_0253_U_neg2d000000_t_p1d100000_N10.npz,10,1.7296702730696518,200,0.9,0.8357601948999419,760,2.7533531010703882e-14,253,10.0,/public/home/student090/quantum-pump-l8/runs/l8-allobs-20260728T230945/static/static_0253_U_neg2d000000_t_p1d100000.npz,1.1,0.0035113305048215526,1,400
2.0000000000000004,3.0,3.060130432934674,8,2.0,1.9828572033707619,-2.0,0.005,/public/home/student090/quantum-pump-l8/runs/l8-allobs-20260728T230945/chern10/pair_0253_U_neg2d000000_t_p1d100000_N10.npz,10,1.9861739986120035,1000,0.9,0.943461854783666,761,1.254552017826427e-13,253,50.0,/public/home/student090/quantum-pump-l8/runs/l8-allobs-20260728T230945/static/static_0253_U_neg2d000000_t_p1d100000.npz,1.1,0.0033167952412416213,1,2000
2.0,3.0,3.5999999999999446,8,2.000000000000001,1.1221428944429237,0.0,0.005,/public/home/student090/quantum-pump-l8/runs/l8-allobs-20260728T230945/chern10/pair_0254_U_p0d000000_t_p1d100000_N10.npz,10,1.126757173177525,40,0.9,0.13575399951622294,762,2.220446049250313e-15,254,2.0,/public/home/student090/quantum-pump-l8/runs/l8-allobs-20260728T230945/static/static_0254_U_p0d000000_t_p1d100000.npz,1.1,0.004614278734601296,1,80
2.0,3.0,3.5999999999999446,8,2.000000000000001,1.9486302658256662,0.0,0.005,/public/home/student090/quantum-pump-l8/runs/l8-allobs-20260728T230945/chern10/pair_0254_U_p0d000000_t_p1d100000_N10.npz,10,1.9522485799902067,200,0.9,0.7716609020691436,763,9.103828801926284e-15,254,10.0,/public/home/student090/quantum-pump-l8/runs/l8-allobs-20260728T230945/static/static_0254_U_p0d000000_t_p1d100000.npz,1.1,0.0036183141645405037,1,400
2.0,3.0,3.5999999999999446,8,2.000000000000001,2.0020745992654074,0.0,0.005,/public/home/student090/quantum-pump-l8/runs/l8-allobs-20260728T230945/chern10/pair_0254_U_p0d000000_t_p1d100000_N10.npz,10,2.0056071893800067,1000,0.9,0.9953713352280144,764,3.5860203695392556e-14,254,50.0,/public/home/student090/quantum-pump-l8/runs/l8-allobs-20260728T230945/static/static_0254_U_p0d000000_t_p1d100000.npz,1.1,0.0035325901145992766,1,2000
2.0,3.0,3.0601304329346473,8,1.9999999999999996,1.437709790979226,2.0,0.005,/public/home/student090/quantum-pump-l8/runs/l8-allobs-20260728T230945/chern10/pair_0255_U_p2d000000_t_p1d100000_N10.npz,10,1.442585832751197,40,0.9,0.12521551369665657,765,5.329070518200751e-15,255,2.0,/public/home/student090/quantum-pump-l8/runs/l8-allobs-20260728T230945/static/static_0255_U_p2d000000_t_p1d100000.npz,1.1,0.004876041771970874,1,80
2.0,3.0,3.0601304329346473,8,1.9999999999999996,2.0029437477017464,2.0,0.005,/public/home/student090/quantum-pump-l8/runs/l8-allobs-20260728T230945/chern10/pair_0255_U_p2d000000_t_p1d100000_N10.npz,10,2.006579285792938,200,0.9,0.9573996561697006,766,2.1094237467877974e-14,255,10.0,/public/home/student090/quantum-pump-l8/runs/l8-allobs-20260728T230945/static/static_0255_U_p2d000000_t_p1d100000.npz,1.1,0.003635538091191659,1,400
2.0,3.0,3.0601304329346473,8,1.9999999999999996,2.011137585985624,2.0,0.005,/public/home/student090/quantum-pump-l8/runs/l8-allobs-20260728T230945/chern10/pair_0255_U_p2d000000_t_p1d100000_N10.npz,10,2.0147624810903544,1000,0.9,0.9971641856697915,767,1.0658141036401503e-13,255,50.0,/public/home/student090/quantum-pump-l8/runs/l8-allobs-20260728T230945/static/static_0255_U_p2d000000_t_p1d100000.npz,1.1,0.003624895104730186,1,2000
2.0,3.0,2.447157149225905,8,1.9999999999999996,1.1386329997967117,4.0,0.005,/public/home/student090/quantum-pump-l8/runs/l8-allobs-20260728T230945/chern10/pair_0256_U_p4d000000_t_p1d100000_N10.npz,10,1.1413612582434551,40,0.9,0.024192193436852125,768,1.3322676295501878e-15,256,2.0,/public/home/student090/quantum-pump-l8/runs/l8-allobs-20260728T230945/static/static_0256_U_p4d000000_t_p1d100000.npz,1.1,0.0027282584467434035,1,80
2.0,3.0,2.447157149225905,8,1.9999999999999996,2.0401253477444095,4.0,0.005,/public/home/student090/quantum-pump-l8/runs/l8-allobs-20260728T230945/chern10/pair_0256_U_p4d000000_t_p1d100000_N10.npz,10,2.0436013744435098,200,0.9,0.974195306208764,769,3.885780586188048e-15,256,10.0,/public/home/student090/quantum-pump-l8/runs/l8-allobs-20260728T230945/static/static_0256_U_p4d000000_t_p1d100000.npz,1.1,0.0034760266991002986,1,400
2.0,3.0,2.447157149225905,8,1.9999999999999996,2.057271423949207,4.0,0.005,/public/home/student090/quantum-pump-l8/runs/l8-allobs-20260728T230945/chern10/pair_0256_U_p4d000000_t_p1d100000_N10.npz,10,2.060776300408512,1000,0.9,0.998972657867421,770,2.930988785010413e-14,256,50.0,/public/home/student090/quantum-pump-l8/runs/l8-allobs-20260728T230945/static/static_0256_U_p4d000000_t_p1d100000.npz,1.1,0.003504876459305084,1,2000
2.0,3.0,2.3814265766413003,8,2.0,1.0734579684573458,4.25,0.005,/public/home/student090/quantum-pump-l8/runs/l8-allobs-20260728T230945/chern10/pair_0257_U_p4d250000_t_p1d100000_N10.npz,10,1.0759173450349098,40,0.9,0.012415986443096012,771,5.440092820663267e-15,257,2.0,/public/home/student090/quantum-pump-l8/runs/l8-allobs-20260728T230945/static/static_0257_U_p4d250000_t_p1d100000.npz,1.1,0.0024593765775640097,1,80
2.0,3.0,2.3814265766413003,8,2.0,2.0402119804076406,4.25,0.005,/public/home/student090/quantum-pump-l8/runs/l8-allobs-20260728T230945/chern10/pair_0257_U_p4d250000_t_p1d100000_N10.npz,10,2.0436360100365913,200,0.9,0.9592747363304186,772,3.3306690738754696e-14,257,10.0,/public/home/student090/quantum-pump-l8/runs/l8-allobs-20260728T230945/static/static_0257_U_p4d250000_t_p1d100000.npz,1.1,0.00342402962895072,1,400
2.0,3.0,2.3814265766413003,8,2.0,2.072758600500625,4.25,0.005,/public/home/student090/quantum-pump-l8/runs/l8-allobs-20260728T230945/chern10/pair_0257_U_p4d250000_t_p1d100000_N10.npz,10,2.0762317813779982,1000,0.9,0.9988871524576516,773,1.5221157667610896e-13,257,50.0,/public/home/student090/quantum-pump-l8/runs/l8-allobs-20260728T230945/static/static_0257_U_p4d250000_t_p1d100000.npz,1.1,0.0034731808773731387,1,2000
2.0000000000000004,3.0,2.3181205279992767,8,1.9999999999999996,1.0092094015960271,4.5,0.005,/public/home/student090/quantum-pump-l8/runs/l8-allobs-20260728T230945/chern10/pair_0258_U_p4d500000_t_p1d100000_N10.npz,10,1.0114212907840838,40,0.9,0.005230883756345001,774,8.770761894538737e-15,258,2.0,/public/home/student090/quantum-pump-l8/runs/l8-allobs-20260728T230945/static/static_0258_U_p4d500000_t_p1d100000.npz,1.1,0.0022118891880567038,1,80
2.0000000000000004,3.0,2.3181205279992767,8,1.9999999999999996,2.0203020318204308,4.5,0.005,/public/home/student090/quantum-pump-l8/runs/l8-allobs-20260728T230945/chern10/pair_0258_U_p4d500000_t_p1d100000_N10.npz,10,2.0236444454109703,200,0.9,0.906854267263386,775,4.7628567756419216e-14,258,10.0,/public/home/student090/quantum-pump-l8/runs/l8-allobs-20260728T230945/static/static_0258_U_p4d500000_t_p1d100000.npz,1.1,0.0033424135905395502,1,400
2.0000000000000004,3.0,2.3181205279992767,8,1.9999999999999996,2.092628099429504,4.5,0.005,/public/home/student090/quantum-pump-l8/runs/l8-allobs-20260728T230945/chern10/pair_0258_U_p4d500000_t_p1d100000_N10.npz,10,2.096068265155994,1000,0.9,0.9992349698213021,776,2.3170354523927017e-13,258,50.0,/public/home/student090/quantum-pump-l8/runs/l8-allobs-20260728T230945/static/static_0258_U_p4d500000_t_p1d100000.npz,1.1,0.0034401657264897523,1,2000
2.0000000000000004,3.0,2.243656277545007,8,2.0,0.9474448650337708,4.75,0.005,/public/home/student090/quantum-pump-l8/runs/l8-allobs-20260728T230945/chern10/pair_0259_U_p4d750000_t_p1d100000_N10.npz,10,0.949431697772075,40,0.9,0.002066799537750054,777,5.329070518200751e-15,259,2.0,/public/home/student090/quantum-pump-l8/runs/l8-allobs-20260728T230945/static/static_0259_U_p4d750000_t_p1d100000.npz,1.1,0.001986832738304245,1,80
2.0000000000000004,3.0,2.243656277545007,8,2.0,1.9649441293697254,4.75,0.005,/public/home/student090/quantum-pump-l8/runs/l8-allobs-20260728T230945/chern10/pair_0259_U_p4d750000_t_p1d100000_N10.npz,10,1.9681547270344033,200,0.9,0.7955952868925354,778,2.2426505097428162e-14,259,10.0,/public/home/student090/quantum-pump-l8/runs/l8-allobs-20260728T230945/static/static_0259_U_p4d750000_t_p1d100000.npz,1.1,0.0032105976646779055,1,400
2.0000000000000004,3.0,2.243656277545007,8,2.0,2.1186878609315216,4.75,0.005,/public/home/student090/quantum-pump-l8/runs/l8-allobs-20260728T230945/chern10/pair_0259_U_p4d750000_t_p1d100000_N10.npz,10,2.1220883293004773,1000,0.9,0.9997237803609113,779,1.2567724638756772e-13,259,50.0,/public/home/student090/quantum-pump-l8/runs/l8-allobs-20260728T230945/static/static_0259_U_p4d750000_t_p1d100000.npz,1.1,0.003400468368955689,1,2000
2.0000000000000004,3.0,2.100580160238488,8,2.0000000000000004,0.8892440828424036,5.0,0.005,/public/home/student090/quantum-pump-l8/runs/l8-allobs-20260728T230945/chern10/pair_0260_U_p5d000000_t_p1d100000_N10.npz,10,0.8910270929273199,40,0.9,0.001963555907999585,780,9.325873406851315e-15,260,2.0,/public/home/student090/quantum-pump-l8/runs/l8-allobs-20260728T230945/static/static_0260_U_p5d000000_t_p1d100000.npz,1.1,0.0017830100849162145,1,80
2.0000000000000004,3.0,2.100580160238488,8,2.0000000000000004,1.86085710389125,5.0,0.005,/public/home/student090/quantum-pump-l8/runs/l8-allobs-20260728T230945/chern10/pair_0260_U_p5d000000_t_p1d100000_N10.npz,10,1.8638790922623518,200,0.9,0.6141273741951696,781,4.0523140398818214e-14,260,10.0,/public/home/student090/quantum-pump-l8/runs/l8-allobs-20260728T230945/static/static_0260_U_p5d000000_t_p1d100000.npz,1.1,0.0030219883711017914,1,400
2.0000000000000004,3.0,2.100580160238488,8,2.0000000000000004,2.152892483787223,5.0,0.005,/public/home/student090/quantum-pump-l8/runs/l8-allobs-20260728T230945/chern10/pair_0260_U_p5d000000_t_p1d100000_N10.npz,10,2.156248504506713,1000,0.9,0.9996475429962707,782,2.0738966099997924e-13,260,50.0,/public/home/student090/quantum-pump-l8/runs/l8-allobs-20260728T230945/static/static_0260_U_p5d000000_t_p1d100000.npz,1.1,0.003356020719489816,1,2000
2.0,3.0,1.9641753512722584,8,2.0,0.835204786136449,5.25,0.005,/public/home/student090/quantum-pump-l8/runs/l8-allobs-20260728T230945/chern10/pair_0261_U_p5d250000_t_p1d100000_N10.npz,10,0.8368022168490021,40,0.9,0.003886593147924927,783,9.103828801926284e-15,261,2.0,/public/home/student090/quantum-pump-l8/runs/l8-allobs-20260728T230945/static/static_0261_U_p5d250000_t_p1d100000.npz,1.1,0.0015974307125531384,1,80
2.0,3.0,1.9641753512722584,8,2.0,1.703975487175433,5.25,0.005,/public/home/student090/quantum-pump-l8/runs/l8-allobs-20260728T230945/chern10/pair_0261_U_p5d250000_t_p1d100000_N10.npz,10,1.706769823968316,200,0.9,0.38177491460024143,784,4.2743586448068527e-14,261,10.0,/public/home/student090/quantum-pump-l8/runs/l8-allobs-20260728T230945/static/static_0261_U_p5d250000_t_p1d100000.npz,1.1,0.002794336792883101,1,400
2.0,3.0,1.9641753512722584,8,2.0,2.196301814134603,5.25,0.005,/public/home/student090/quantum-pump-l8/runs/l8-allobs-20260728T230945/chern10/pair_0261_U_p5d250000_t_p1d100000_N10.npz,10,2.1996076354617466,1000,0.9,0.998119778223681,785,2.0972112935169207e-13,261,50.0,/public/home/student090/quantum-pump-l8/runs/l8-allobs-20260728T230945/static/static_0261_U_p5d250000_t_p1d100000.npz,1.1,0.003305821327143743,1,2000
2.0000000000000004,3.0,1.835025611295828,8,2.0,0.7854906228459169,5.5,0.005,/public/home/student090/quantum-pump-l8/runs/l8-allobs-20260728T230945/chern10/pair_0262_U_p5d500000_t_p1d100000_N10.npz,10,0.7869165975193056,40,0.9,0.006854218393786038,786,7.771561172376096e-15,262,2.0,/public/home/student090/quantum-pump-l8/runs/l8-allobs-20260728T230945/static/static_0262_U_p5d500000_t_p1d100000.npz,1.1,0.0014259746733887857,1,80
2.0000000000000004,3.0,1.835025611295828,8,2.0,1.5050797378563687,5.5,0.005,/public/home/student090/quantum-pump-l8/runs/l8-allobs-20260728T230945/chern10/pair_0262_U_p5d500000_t_p1d100000_N10.npz,10,1.5076459186797935,200,0.9,0.16290728607266913,787,3.863576125695545e-14,262,10.0,/public/home/student090/quantum-pump-l8/runs/l8-allobs-20260728T230945/static/static_0262_U_p5d500000_t_p1d100000.npz,1.1,0.0025661808234247463,1,400
2.0000000000000004,3.0,1.835025611295828,8,2.0,2.239282515168885,5.5,0.005,/public/home/student090/quantum-pump-l8/runs/l8-allobs-20260728T230945/chern10/pair_0262_U_p5d500000_t_p1d100000_N10.npz,10,2.2425252641919915,1000,0.9,0.9840293696036087,788,1.9695356456850277e-13,262,50.0,/public/home/student090/quantum-pump-l8/runs/l8-allobs-20260728T230945/static/static_0262_U_p5d500000_t_p1d100000.npz,1.1,0.003242749023106395,1,2000
2.0000000000000004,3.0,1.7137550214704804,8,2.0,0.7399182848524293,5.75,0.005,/public/home/student090/quantum-pump-l8/runs/l8-allobs-20260728T230945/chern10/pair_0263_U_p5d750000_t_p1d100000_N10.npz,10,0.7411824572032905,40,0.9,0.010010642981144978,789,2.220446049250313e-15,263,2.0,/public/home/student090/quantum-pump-l8/runs/l8-allobs-20260728T230945/static/static_0263_U_p5d750000_t_p1d100000.npz,1.1,0.0012641723508611813,1,80
2.0000000000000004,3.0,1.7137550214704804,8,2.0,1.2916961657675547,5.75,0.005,/public/home/student090/quantum-pump-l8/runs/l8-allobs-20260728T230945/chern10/pair_0263_U_p5d750000_t_p1d100000_N10.npz,10,1.294068873567357,200,0.9,0.04767756181193075,790,8.881784197001252e-15,263,10.0,/public/home/student090/quantum-pump-l8/runs/l8-allobs-20260728T230945/static/static_0263_U_p5d750000_t_p1d100000.npz,1.1,0.002372707799802143,1,400
2.0000000000000004,3.0,1.7137550214704804,8,2.0,2.2887372073630674,5.75,0.005,/public/home/student090/quantum-pump-l8/runs/l8-allobs-20260728T230945/chern10/pair_0263_U_p5d750000_t_p1d100000_N10.npz,10,2.291906172879391,1000,0.9,0.9418486222209519,791,7.749356711883593e-14,263,50.0,/public/home/student090/quantum-pump-l8/runs/l8-allobs-20260728T230945/static/static_0263_U_p5d750000_t_p1d100000.npz,1.1,0.0031689655163233965,1,2000
2.0000000000000004,3.0,1.6905002754129903,8,2.0000000000000004,0.7312666285618338,5.8,0.005,/public/home/student090/quantum-pump-l8/runs/l8-allobs-20260728T230945/chern10/pair_0264_U_p5d800000_t_p1d100000_N10.npz,10,0.7324992268385084,40,0.9,0.010605278664998479,792,6.772360450213455e-15,264,2.0,/public/home/student090/quantum-pump-l8/runs/l8-allobs-20260728T230945/static/static_0264_U_p5d800000_t_p1d100000.npz,1.1,0.0012325982766746568,1,80
2.0000000000000004,3.0,1.6905002754129903,8,2.0000000000000004,1.2505723806256273,5.8,0.005,/public/home/student090/quantum-pump-l8/runs/l8-allobs-20260728T230945/chern10/pair_0264_U_p5d800000_t_p1d100000_N10.npz,10,1.2529120508949614,200,0.9,0.0435538148597814,793,3.141931159689193e-14,264,10.0,/public/home/student090/quantum-pump-l8/runs/l8-allobs-20260728T230945/static/static_0264_U_p5d800000_t_p1d100000.npz,1.1,0.0023396702693341265,1,400
2.0000000000000004,3.0,1.6905002754129903,8,2.0000000000000004,2.306355143952627,5.8,0.005,/public/home/student090/quantum-pump-l8/runs/l8-allobs-20260728T230945/chern10/pair_0264_U_p5d800000_t_p1d100000_N10.npz,10,2.309504829087363,1000,0.9,0.9366797218590677,794,1.084687895058778e-13,264,50.0,/public/home/student090/quantum-pump-l8/runs/l8-allobs-20260728T230945/static/static_0264_U_p5d800000_t_p1d100000.npz,1.1,0.0031496851347361243,1,2000
2.0,3.0,1.006177828731678,8,2.0,0.6980657212817315,6.0,0.005,/public/home/student090/quantum-pump-l8/runs/l8-allobs-20260728T230945/chern10/pair_0265_U_p6d000000_t_p1d100000_N10.npz,20,0.6991736856763523,40,0.9,0.012752962713169197,795,7.327471962526033e-15,265,2.0,/public/home/student090/quantum-pump-l8/runs/l8-allobs-20260728T230945/static/static_0265_U_p6d000000_t_p1d100000.npz,1.1,0.0011079643946207973,1,80
2.0,3.0,1.006177828731678,8,2.0,1.1019029666490894,6.0,0.005,/public/home/student090/quantum-pump-l8/runs/l8-allobs-20260728T230945/chern10/pair_0265_U_p6d000000_t_p1d100000_N10.npz,20,1.1041290186557609,200,0.9,0.09461313601004001,796,3.697042672001771e-14,265,10.0,/public/home/student090/quantum-pump-l8/runs/l8-allobs-20260728T230945/static/static_0265_U_p6d000000_t_p1d100000.npz,1.1,0.002226052006671475,1,400
2.0,3.0,1.006177828731678,8,2.0,2.328206022294893,6.0,0.005,/public/home/student090/quantum-pump-l8/runs/l8-allobs-20260728T230945/chern10/pair_0265_U_p6d000000_t_p1d100000_N10.npz,20,2.331265589777974,1000,0.9,0.9721873586786954,797,1.376676550535194e-13,265,50.0,/public/home/student090/quantum-pump-l8/runs/l8-allobs-20260728T230945/static/static_0265_U_p6d000000_t_p1d100000.npz,1.1,0.003059567483081338,1,2000
2.0,3.0,0.8589381479183498,8,2.0,0.6668934874967708,6.2,0.005,/public/home/student090/quantum-pump-l8/runs/l8-allobs-20260728T230945/chern10/pair_0266_U_p6d200000_t_p1d100000_N10.npz,20,0.6678784272537355,40,0.9,0.01449388882581822,798,2.6645352591003757e-15,266,2.0,/public/home/student090/quantum-pump-l8/runs/l8-allobs-20260728T230945/static/static_0266_U_p6d200000_t_p1d100000.npz,1.1,0.0009849397569646756,1,80
2.0,3.0,0.8589381479183498,8,2.0,0.9905753961435243,6.2,0.005,/public/home/student090/quantum-pump-l8/runs/l8-allobs-20260728T230945/chern10/pair_0266_U_p6d200000_t_p1d100000_N10.npz,20,0.9927121351090388,200,0.9,0.2297612029935955,799,9.547918011776346e-15,266,10.0,/public/home/student090/quantum-pump-l8/runs/l8-allobs-20260728T230945/static/static_0266_U_p6d200000_t_p1d100000.npz,1.1,0.002136738965514473,1,400
2.0,3.0,0.8589381479183498,8,2.0,2.294439207211839,6.2,0.005,/public/home/student090/quantum-pump-l8/runs/l8-allobs-20260728T230945/chern10/pair_0266_U_p6d200000_t_p1d100000_N10.npz,20,2.297356259658844,1000,0.9,0.9420530623249121,800,7.704947790898586e-14,266,50.0,/public/home/student090/quantum-pump-l8/runs/l8-allobs-20260728T230945/static/static_0266_U_p6d200000_t_p1d100000.npz,1.1,0.0029170524470050196,1,2000
2.0000000000000004,3.0,0.8225241643148111,8,2.0,0.6593820388733694,6.25,0.005,/public/home/student090/quantum-pump-l8/runs/l8-allobs-20260728T230945/chern10/pair_0267_U_p6d250000_t_p1d100000_N10.npz,20,0.6603363525952463,40,0.9,0.014873260147512285,801,8.104628079763643e-15,267,2.0,/public/home/student090/quantum-pump-l8/runs/l8-allobs-20260728T230945/static/static_0267_U_p6d250000_t_p1d100000.npz,1.1,0.0009543137218768205,1,80
2.0000000000000004,3.0,0.8225241643148111,8,2.0,0.9693946579157369,6.25,0.005,/public/home/student090/quantum-pump-l8/runs/l8-allobs-20260728T230945/chern10/pair_0267_U_p6d250000_t_p1d100000_N10.npz,20,0.9715115736685589,200,0.9,0.2694268372816568,802,4.318767565791859e-14,267,10.0,/public/home/student090/quantum-pump-l8/runs/l8-allobs-20260728T230945/static/static_0267_U_p6d250000_t_p1d100000.npz,1.1,0.002116915752822024,1,400
2.0000000000000004,3.0,0.8225241643148111,8,2.0,2.247369603311383,6.25,0.005,/public/home/student090/quantum-pump-l8/runs/l8-allobs-20260728T230945/chern10/pair_0267_U_p6d250000_t_p1d100000_N10.npz,20,2.2502352964199765,1000,0.9,0.854135174586371,803,1.8540724511240114e-13,267,50.0,/public/home/student090/quantum-pump-l8/runs/l8-allobs-20260728T230945/static/static_0267_U_p6d250000_t_p1d100000.npz,1.1,0.0028656931085935256,1,2000
2.0,3.0,0.6432925028529635,8,1.9999999999999998,0.6232827233309299,6.5,0.005,/public/home/student090/quantum-pump-l8/runs/l8-allobs-20260728T230945/chern10/pair_0268_U_p6d500000_t_p1d100000_N10.npz,20,0.6240843029450245,40,0.9,0.016591999461903272,804,6.328271240363392e-15,268,2.0,/public/home/student090/quantum-pump-l8/runs/l8-allobs-20260728T230945/static/static_0268_U_p6d500000_t_p1d100000.npz,1.1,0.0008015796140945497,1,80
2.0,3.0,0.6432925028529635,8,1.9999999999999998,0.890327628392601,6.5,0.005,/public/home/student090/quantum-pump-l8/runs/l8-allobs-20260728T230945/chern10/pair_0268_U_p6d500000_t_p1d100000_N10.npz,20,0.8923482868326459,200,0.9,0.4321859687937263,805,3.430589146091734e-14,268,10.0,/public/home/student090/quantum-pump-l8/runs/l8-allobs-20260728T230945/static/static_0268_U_p6d500000_t_p1d100000.npz,1.1,0.0020206584400448424,1,400
2.0,3.0,0.6432925028529635,8,1.9999999999999998,1.021986334383902,6.5,0.005,/public/home/student090/quantum-pump-l8/runs/l8-allobs-20260728T230945/chern10/pair_0268_U_p6d500000_t_p1d100000_N10.npz,20,1.0244808567742916,1000,0.9,0.12684873146058298,806,1.6864287744056128e-13,268,50.0,/public/home/student090/quantum-pump-l8/runs/l8-allobs-20260728T230945/static/static_0268_U_p6d500000_t_p1d100000.npz,1.1,0.0024945223903896085,1,2000
2.0,3.0,0.4698870320139692,8,1.9999999999999998,0.5892199512589645,6.75,0.005,/public/home/student090/quantum-pump-l8/runs/l8-allobs-20260728T230945/chern10/pair_0269_U_p6d750000_t_p1d100000_N10.npz,20,0.5898695692326928,40,0.9,0.01840824585787589,807,8.215650382226158e-15,269,2.0,/public/home/student090/quantum-pump-l8/runs/l8-allobs-20260728T230945/static/static_0269_U_p6d750000_t_p1d100000.npz,1.1,0.0006496179737283114,1,80
2.0,3.0,0.4698870320139692,8,1.9999999999999998,0.7910698718959609,6.75,0.005,/public/home/student090/quantum-pump-l8/runs/l8-allobs-20260728T230945/chern10/pair_0269_U_p6d750000_t_p1d100000_N10.npz,20,0.792979600666329,200,0.9,0.4195082928176459,808,3.697042672001771e-14,269,10.0,/public/home/student090/quantum-pump-l8/runs/l8-allobs-20260728T230945/static/static_0269_U_p6d750000_t_p1d100000.npz,1.1,0.001909728770368102,1,400
2.0,3.0,0.4698870320139692,8,1.9999999999999998,0.6276305760886385,6.75,0.005,/public/home/student090/quantum-pump-l8/runs/l8-allobs-20260728T230945/chern10/pair_0269_U_p6d750000_t_p1d100000_N10.npz,20,0.6298373349697376,1000,0.9,0.017901328657778725,809,1.9051427102567686e-13,269,50.0,/public/home/student090/quantum-pump-l8/runs/l8-allobs-20260728T230945/static/static_0269_U_p6d750000_t_p1d100000.npz,1.1,0.0022067588810991134,1,2000
2.0,3.0,0.30421617127105804,8,1.9999999999999998,0.5567248699161222,7.0,0.005,/public/home/student090/quantum-pump-l8/runs/l8-allobs-20260728T230945/chern10/pair_0270_U_p7d000000_t_p1d100000_N10.npz,20,0.5572244959072553,40,0.9,0.020811414042467495,810,5.218048215738236e-15,270,2.0,/public/home/student090/quantum-pump-l8/runs/l8-allobs-20260728T230945/static/static_0270_U_p7d000000_t_p1d100000.npz,1.1,0.000499625991133068,1,80
2.0,3.0,0.30421617127105804,8,1.9999999999999998,0.5927689791649874,7.0,0.005,/public/home/student090/quantum-pump-l8/runs/l8-allobs-20260728T230945/chern10/pair_0270_U_p7d000000_t_p1d100000_N10.npz,20,0.594555490490301,200,0.9,0.21074145830973012,811,2.853273173286652e-14,270,10.0,/public/home/student090/quantum-pump-l8/runs/l8-allobs-20260728T230945/static/static_0270_U_p7d000000_t_p1d100000.npz,1.1,0.0017865113253136,1,400
2.0,3.0,0.30421617127105804,8,1.9999999999999998,0.7087742511225947,7.0,0.005,/public/home/student090/quantum-pump-l8/runs/l8-allobs-20260728T230945/chern10/pair_0270_U_p7d000000_t_p1d100000_N10.npz,20,0.7107397685941124,1000,0.9,0.7429659612864605,812,1.3233858453531866e-13,270,50.0,/public/home/student090/quantum-pump-l8/runs/l8-allobs-20260728T230945/static/static_0270_U_p7d000000_t_p1d100000.npz,1.1,0.0019655174715176305,1,2000
2.0,3.0,0.1487355602304392,8,2.0000000000000004,0.5254246766104969,7.25,0.005,/public/home/student090/quantum-pump-l8/runs/l8-allobs-20260728T230945/chern10/pair_0271_U_p7d250000_t_p1d100000_N10.npz,20,0.5257784697381148,40,0.9,0.023987353452586662,813,8.659739592076221e-15,271,2.0,/public/home/student090/quantum-pump-l8/runs/l8-allobs-20260728T230945/static/static_0271_U_p7d250000_t_p1d100000.npz,1.1,0.0003537931276179629,1,80
2.0,3.0,0.1487355602304392,8,2.0000000000000004,0.35656647809469644,7.25,0.005,/public/home/student090/quantum-pump-l8/runs/l8-allobs-20260728T230945/chern10/pair_0271_U_p7d250000_t_p1d100000_N10.npz,20,0.35826649866344173,200,0.9,0.02274381882812014,814,4.518607710224387e-14,271,10.0,/public/home/student090/quantum-pump-l8/runs/l8-allobs-20260728T230945/static/static_0271_U_p7d250000_t_p1d100000.npz,1.1,0.0017000205687452974,1,400
2.0,3.0,0.1487355602304392,8,2.0000000000000004,0.41197470747611376,7.25,0.005,/public/home/student090/quantum-pump-l8/runs/l8-allobs-20260728T230945/chern10/pair_0271_U_p7d250000_t_p1d100000_N10.npz,20,0.41362854657179493,1000,0.9,0.6579590885927427,815,2.1227464230832993e-13,271,50.0,/public/home/student090/quantum-pump-l8/runs/l8-allobs-20260728T230945/static/static_0271_U_p7d250000_t_p1d100000.npz,1.1,0.0016538390956811755,1,2000
2.0,3.0,0.006368506371096316,8,0.0,0.4950408459174114,7.5,0.005,/public/home/student090/quantum-pump-l8/runs/l8-allobs-20260728T230945/chern10/pair_0272_U_p7d500000_t_p1d100000_N10.npz,20,0.4952556941063226,40,0.9,0.027660595825017037,816,5.773159728050814e-15,272,2.0,/public/home/student090/quantum-pump-l8/runs/l8-allobs-20260728T230945/static/static_0272_U_p7d500000_t_p1d100000.npz,1.1,0.00021484818891120971,1,80
2.0,3.0,0.006368506371096316,8,0.0,0.24511283442147797,7.5,0.005,/public/home/student090/quantum-pump-l8/runs/l8-allobs-20260728T230945/chern10/pair_0272_U_p7d500000_t_p1d100000_N10.npz,20,0.24679371265169164,200,0.9,0.1252042317034319,817,2.1094237467877974e-14,272,10.0,/public/home/student090/quantum-pump-l8/runs/l8-allobs-20260728T230945/static/static_0272_U_p7d500000_t_p1d100000.npz,1.1,0.0016808782302136782,1,400
2.0,3.0,0.006368506371096316,8,0.0,0.12068999438190324,7.5,0.005,/public/home/student090/quantum-pump-l8/runs/l8-allobs-20260728T230945/chern10/pair_0272_U_p7d500000_t_p1d100000_N10.npz,20,0.12217549062359238,1000,0.9,0.7198670038170029,818,1.0103029524088925e-13,272,50.0,/public/home/student090/quantum-pump-l8/runs/l8-allobs-20260728T230945/static/static_0272_U_p7d500000_t_p1d100000.npz,1.1,0.0014854962416891437,1,2000
-1.7669748230352872e-16,3.0,0.11979936833587423,8,0.0,0.4653758164165066,7.75,0.005,/public/home/student090/quantum-pump-l8/runs/l8-allobs-20260728T230945/chern10/pair_0273_U_p7d750000_t_p1d100000_N10.npz,20,0.46546141797411755,40,0.9,0.031156704707920323,819,4.6629367034256575e-15,273,2.0,/public/home/student090/quantum-pump-l8/runs/l8-allobs-20260728T230945/static/static_0273_U_p7d750000_t_p1d100000.npz,1.1,8.560155761094812e-05,1,80
-1.7669748230352872e-16,3.0,0.11979936833587423,8,0.0,0.28065583823485896,7.75,0.005,/public/home/student090/quantum-pump-l8/runs/l8-allobs-20260728T230945/chern10/pair_0273_U_p7d750000_t_p1d100000_N10.npz,20,0.2822943754637865,200,0.9,0.49989563784484625,820,2.4424906541753444e-14,273,10.0,/public/home/student090/quantum-pump-l8/runs/l8-allobs-20260728T230945/static/static_0273_U_p7d750000_t_p1d100000.npz,1.1,0.001638537228927539,1,400
-1.7669748230352872e-16,3.0,0.11979936833587423,8,0.0,0.30905901192584795,7.75,0.005,/public/home/student090/quantum-pump-l8/runs/l8-allobs-20260728T230945/chern10/pair_0273_U_p7d750000_t_p1d100000_N10.npz,20,0.3105280475309087,1000,0.9,0.856139024343106,821,1.1612932837579137e-13,273,50.0,/public/home/student090/quantum-pump-l8/runs/l8-allobs-20260728T230945/static/static_0273_U_p7d750000_t_p1d100000.npz,1.1,0.0014690356050607312,1,2000
7.067899292141149e-17,3.0,0.227108391804431,8,0.0,0.4362946470713446,8.0,0.005,/public/home/student090/quantum-pump-l8/runs/l8-allobs-20260728T230945/chern10/pair_0274_U_p8d000000_t_p1d100000_N10.npz,20,0.43626321758577014,40,0.9,0.03367729305974239,822,2.220446049250313e-15,274,2.0,/public/home/student090/quantum-pump-l8/runs/l8-allobs-20260728T230945/static/static_0274_U_p8d000000_t_p1d100000.npz,1.1,3.142948557444125e-05,1,80
7.067899292141149e-17,3.0,0.227108391804431,8,0.0,0.30339281010929686,8.0,0.005,/public/home/student090/quantum-pump-l8/runs/l8-allobs-20260728T230945/chern10/pair_0274_U_p8d000000_t_p1d100000_N10.npz,20,0.3048889010848872,200,0.9,0.8146058727128963,823,8.548717289613705e-15,274,10.0,/public/home/student090/quantum-pump-l8/runs/l8-allobs-20260728T230945/static/static_0274_U_p8d000000_t_p1d100000.npz,1.1,0.0014960909755903362,1,400
7.067899292141149e-17,3.0,0.227108391804431,8,0.0,0.12539874221148983,8.0,0.005,/public/home/student090/quantum-pump-l8/runs/l8-allobs-20260728T230945/chern10/pair_0274_U_p8d000000_t_p1d100000_N10.npz,20,0.12685459520915554,1000,0.9,0.7843186978052163,824,1.021405182655144e-14,274,50.0,/public/home/student090/quantum-pump-l8/runs/l8-allobs-20260728T230945/static/static_0274_U_p8d000000_t_p1d100000.npz,1.1,0.0014558529976657075,1,2000
-1.4135798584282297e-16,3.0,0.31406611854733946,8,0.0,0.4077066450986398,8.25,0.005,/public/home/student090/quantum-pump-l8/runs/l8-allobs-20260728T230945/chern10/pair_0275_U_p8d250000_t_p1d100000_N10.npz,20,0.40757239012000956,40,0.9,0.0346877863179902,825,3.3306690738754696e-15,275,2.0,/public/home/student090/quantum-pump-l8/runs/l8-allobs-20260728T230945/static/static_0275_U_p8d250000_t_p1d100000.npz,1.1,0.00013425497863023272,1,80
-1.4135798584282297e-16,3.0,0.31406611854733946,8,0.0,0.20922875159907603,8.25,0.005,/public/home/student090/quantum-pump-l8/runs/l8-allobs-20260728T230945/chern10/pair_0275_U_p8d250000_t_p1d100000_N10.npz,20,0.21056003073394267,200,0.9,0.825654020444524,826,2.042810365310288e-14,275,10.0,/public/home/student090/quantum-pump-l8/runs/l8-allobs-20260728T230945/static/static_0275_U_p8d250000_t_p1d100000.npz,1.1,0.0013312791348666364,1,400
-1.4135798584282297e-16,3.0,0.31406611854733946,8,0.0,-0.18101636150764308,8.25,0.005,/public/home/student090/quantum-pump-l8/runs/l8-allobs-20260728T230945/chern10/pair_0275_U_p8d250000_t_p1d100000_N10.npz,20,-0.17947729025462764,1000,0.9,0.9570419332665415,827,1.1679546219056647e-13,275,50.0,/public/home/student090/quantum-pump-l8/runs/l8-allobs-20260728T230945/static/static_0275_U_p8d250000_t_p1d100000.npz,1.1,0.001539071253015445,1,2000
1.0601848938211722e-16,3.0,0.35783681974748216,8,0.0,0.37955049072457125,8.5,0.005,/public/home/student090/quantum-pump-l8/runs/l8-allobs-20260728T230945/chern10/pair_0276_U_p8d500000_t_p1d100000_N10.npz,20,0.3793289990074441,40,0.9,0.034259202732477595,828,3.552713678800501e-15,276,2.0,/public/home/student090/quantum-pump-l8/runs/l8-allobs-20260728T230945/static/static_0276_U_p8d500000_t_p1d100000.npz,1.1,0.00022149171712715354,1,80
1.0601848938211722e-16,3.0,0.35783681974748216,8,0.0,0.06517204374189514,8.5,0.005,/public/home/student090/quantum-pump-l8/runs/l8-allobs-20260728T230945/chern10/pair_0276_U_p8d500000_t_p1d100000_N10.npz,20,0.06640410408245376,200,0.9,0.6600091325642701,829,8.104628079763643e-15,276,10.0,/public/home/student090/quantum-pump-l8/runs/l8-allobs-20260728T230945/static/static_0276_U_p8d500000_t_p1d100000.npz,1.1,0.0012320603405586161,1,400
1.0601848938211722e-16,3.0,0.35783681974748216,8,0.0,-0.07479215566840965,8.5,0.005,/public/home/student090/quantum-pump-l8/runs/l8-allobs-20260728T230945/chern10/pair_0276_U_p8d500000_t_p1d100000_N10.npz,20,-0.07317570004971646,1000,0.9,0.7367591770798915,830,2.7644553313166398e-14,276,50.0,/public/home/student090/quantum-pump-l8/runs/l8-allobs-20260728T230945/static/static_0276_U_p8d500000_t_p1d100000.npz,1.1,0.0016164556186931828,1,2000
1.4135798584282297e-16,3.0,0.3522686807553024,8,0.0,0.35178512584365207,8.75,0.005,/public/home/student090/quantum-pump-l8/runs/l8-allobs-20260728T230945/chern10/pair_0277_U_p8d750000_t_p1d100000_N10.npz,20,0.3514928094866108,40,0.9,0.033212404628504326,831,1.3322676295501878e-15,277,2.0,/public/home/student090/quantum-pump-l8/runs/l8-allobs-20260728T230945/static/static_0277_U_p8d750000_t_p1d100000.npz,1.1,0.0002923163570412446,1,80
1.4135798584282297e-16,3.0,0.3522686807553024,8,0.0,-0.02013089222761565,8.75,0.005,/public/home/student090/quantum-pump-l8/runs/l8-allobs-20260728T230945/chern10/pair_0277_U_p8d750000_t_p1d100000_N10.npz,20,-0.018941506372824785,200,0.9,0.5953617741349457,832,6.8833827526759706e-15,277,10.0,/public/home/student090/quantum-pump-l8/runs/l8-allobs-20260728T230945/static/static_0277_U_p8d750000_t_p1d100000.npz,1.1,0.0011893858547908642,1,400
1.4135798584282297e-16,3.0,0.3522686807553024,8,0.0,0.10328364416743588,8.75,0.005,/public/home/student090/quantum-pump-l8/runs/l8-allobs-20260728T230945/chern10/pair_0277_U_p8d750000_t_p1d100000_N10.npz,20,0.10489759607023756,1000,0.9,0.16320705868545,833,1.6431300764452317e-14,277,50.0,/public/home/student090/quantum-pump-l8/runs/l8-allobs-20260728T230945/static/static_0277_U_p8d750000_t_p1d100000.npz,1.1,0.001613951902801683,1,2000
-1.766974823035287e-17,3.0,0.3456170334841091,8,0.0,0.3243874406216715,9.0,0.005,/public/home/student090/quantum-pump-l8/runs/l8-allobs-20260728T230945/chern10/pair_0278_U_p9d000000_t_p1d100000_N10.npz,20,0.3240410914950886,40,0.9,0.032992034531391254,834,5.995204332975845e-15,278,2.0,/public/home/student090/quantum-pump-l8/runs/l8-allobs-20260728T230945/static/static_0278_U_p9d000000_t_p1d100000.npz,1.1,0.0003463491265829344,1,80
-1.766974823035287e-17,3.0,0.3456170334841091,8,0.0,-0.02198988248711729,9.0,0.005,/public/home/student090/quantum-pump-l8/runs/l8-allobs-20260728T230945/chern10/pair_0278_U_p9d000000_t_p1d100000_N10.npz,20,-0.02083802078209301,200,0.9,0.7079961547386003,835,2.4646951146678475e-14,278,10.0,/public/home/student090/quantum-pump-l8/runs/l8-allobs-20260728T230945/static/static_0278_U_p9d000000_t_p1d100000.npz,1.1,0.001151861705024279,1,400
-1.766974823035287e-17,3.0,0.3456170334841091,8,0.0,0.028845376237164613,9.0,0.005,/public/home/student090/quantum-pump-l8/runs/l8-allobs-20260728T230945/chern10/pair_0278_U_p9d000000_t_p1d100000_N10.npz,20,0.03045305279239584,1000,0.9,0.23072429155780055,836,1.1368683772161603e-13,278,50.0,/public/home/student090/quantum-pump-l8/runs/l8-allobs-20260728T230945/static/static_0278_U_p9d000000_t_p1d100000.npz,1.1,0.001607676555231228,1,2000
-1.9436723053388158e-16,3.0,0.338198677272338,8,0.0,0.29735638225436195,9.25,0.005,/public/home/student090/quantum-pump-l8/runs/l8-allobs-20260728T230945/chern10/pair_0279_U_p9d250000_t_p1d100000_N10.npz,20,0.2969728512736728,40,0.9,0.03531233238409959,837,5.551115123125783e-15,279,2.0,/public/home/student090/quantum-pump-l8/runs/l8-allobs-20260728T230945/static/static_0279_U_p9d250000_t_p1d100000.npz,1.1,0.0003835309806891618,1,80
-1.9436723053388158e-16,3.0,0.338198677272338,8,0.0,0.007797721108403913,9.25,0.005,/public/home/student090/quantum-pump-l8/runs/l8-allobs-20260728T230945/chern10/pair_0279_U_p9d250000_t_p1d100000_N10.npz,20,0.008895693554372284,200,0.9,0.8515366566613756,838,2.7755575615628914e-14,279,10.0,/public/home/student090/quantum-pump-l8/runs/l8-allobs-20260728T230945/static/static_0279_U_p9d250000_t_p1d100000.npz,1.1,0.0010979724459683707,1,400
-1.9436723053388158e-16,3.0,0.338198677272338,8,0.0,-0.09839687041879552,9.25,0.005,/public/home/student090/quantum-pump-l8/runs/l8-allobs-20260728T230945/chern10/pair_0279_U_p9d250000_t_p1d100000_N10.npz,20,-0.09675341125675022,1000,0.9,0.8212350455115208,839,1.396660564978447e-13,279,50.0,/public/home/student090/quantum-pump-l8/runs/l8-allobs-20260728T230945/static/static_0279_U_p9d250000_t_p1d100000.npz,1.1,0.0016434591620453076,1,2000
0.0,3.0,0.3302796550987752,8,0.0,0.27072158843402394,9.5,0.005,/public/home/student090/quantum-pump-l8/runs/l8-allobs-20260728T230945/chern10/pair_0280_U_p9d500000_t_p1d100000_N10.npz,20,0.27031754681881687,40,0.9,0.0417104414366536,840,7.549516567451064e-15,280,2.0,/public/home/student090/quantum-pump-l8/runs/l8-allobs-20260728T230945/static/static_0280_U_p9d500000_t_p1d100000.npz,1.1,0.0004040416152070736,1,80
0.0,3.0,0.3302796550987752,8,0.0,0.018587478638553496,9.5,0.005,/public/home/student090/quantum-pump-l8/runs/l8-allobs-20260728T230945/chern10/pair_0280_U_p9d500000_t_p1d100000_N10.npz,20,0.019629474836286815,200,0.9,0.8887437495001972,841,3.3306690738754696e-14,280,10.0,/public/home/student090/quantum-pump-l8/runs/l8-allobs-20260728T230945/static/static_0280_U_p9d500000_t_p1d100000.npz,1.1,0.0010419961977333192,1,400
0.0,3.0,0.3302796550987752,8,0.0,-0.0920428931238743,9.5,0.005,/public/home/student090/quantum-pump-l8/runs/l8-allobs-20260728T230945/chern10/pair_0280_U_p9d500000_t_p1d100000_N10.npz,20,-0.09038270747876452,1000,0.9,0.9108786230103805,842,1.6586731987899839e-13,280,50.0,/public/home/student090/quantum-pump-l8/runs/l8-allobs-20260728T230945/static/static_0280_U_p9d500000_t_p1d100000.npz,1.1,0.0016601856451097796,1,2000
-1.1927080055488187e-16,3.0,0.3220754096081797,8,0.0,0.24455336605648967,9.75,0.005,/public/home/student090/quantum-pump-l8/runs/l8-allobs-20260728T230945/chern10/pair_0281_U_p9d750000_t_p1d100000_N10.npz,20,0.24414508746091224,40,0.9,0.05317075974651059,843,3.774758283725532e-15,281,2.0,/public/home/student090/quantum-pump-l8/runs/l8-allobs-20260728T230945/static/static_0281_U_p9d750000_t_p1d100000.npz,1.1,0.0004082785955774326,1,80
-1.1927080055488187e-16,3.0,0.3220754096081797,8,0.0,0.008011488234007437,9.75,0.005,/public/home/student090/quantum-pump-l8/runs/l8-allobs-20260728T230945/chern10/pair_0281_U_p9d750000_t_p1d100000_N10.npz,20,0.009009366334878532,200,0.9,0.8249141176646679,844,1.6653345369377348e-14,281,10.0,/public/home/student090/quantum-pump-l8/runs/l8-allobs-20260728T230945/static/static_0281_U_p9d750000_t_p1d100000.npz,1.1,0.0009978781008710951,1,400
-1.1927080055488187e-16,3.0,0.3220754096081797,8,0.0,-0.018672478097858124,9.75,0.005,/public/home/student090/quantum-pump-l8/runs/l8-allobs-20260728T230945/chern10/pair_0281_U_p9d750000_t_p1d100000_N10.npz,20,-0.017046267553252965,1000,0.9,0.3624943600071197,845,6.94999613415348e-14,281,50.0,/public/home/student090/quantum-pump-l8/runs/l8-allobs-20260728T230945/static/static_0281_U_p9d750000_t_p1d100000.npz,1.1,0.001626210544605159,1,2000
-1.766974823035287e-17,3.0,0.3137549841621716,8,0.0,0.2189702306944129,10.0,0.005,/public/home/student090/quantum-pump-l8/runs/l8-allobs-20260728T230945/chern10/pair_0282_U_p10d000000_t_p1d100000_N10.npz,20,0.21857333963498046,40,0.9,0.06994007997836664,846,8.43769498715119e-15,282,2.0,/public/home/student090/quantum-pump-l8/runs/l8-allobs-20260728T230945/static/static_0282_U_p10d000000_t_p1d100000.npz,1.1,0.0003968910594324415,1,80
-1.766974823035287e-17,3.0,0.3137549841621716,8,0.0,-3.325836029596161e-05,10.0,0.005,/public/home/student090/quantum-pump-l8/runs/l8-allobs-20260728T230945/chern10/pair_0282_U_p10d000000_t_p1d100000_N10.npz,20,0.0009330445267415695,200,0.9,0.7362687657405185,847,4.0745185003743245e-14,282,10.0,/public/home/student090/quantum-pump-l8/runs/l8-allobs-20260728T230945/static/static_0282_U_p10d000000_t_p1d100000.npz,1.1,0.000966302887037531,1,400
-1.766974823035287e-17,3.0,0.3137549841621716,8,0.0,0.010661421267970999,10.0,0.005,/public/home/student090/quantum-pump-l8/runs/l8-allobs-20260728T230945/chern10/pair_0282_U_p10d000000_t_p1d100000_N10.npz,20,0.012244257681059034,1000,0.9,0.0022325091812664894,848,2.0949908474676704e-13,282,50.0,/public/home/student090/quantum-pump-l8/runs/l8-allobs-20260728T230945/static/static_0282_U_p10d000000_t_p1d100000.npz,1.1,0.001582836413088035,1,2000
-1.0822720791091133e-16,3.0,0.2528985569201403,8,0.0,0.059955858271752545,12.0,0.005,/public/home/student090/quantum-pump-l8/runs/l8-allobs-20260728T230945/chern10/pair_0283_U_p12d000000_t_p1d100000_N10.npz,20,0.06001847074164048,40,0.9,0.296667190600074,849,8.215650382226158e-15,283,2.0,/public/home/student090/quantum-pump-l8/runs/l8-allobs-20260728T230945/static/static_0283_U_p12d000000_t_p1d100000.npz,1.1,6.261246988793767e-05,1,80
-1.0822720791091133e-16,3.0,0.2528985569201403,8,0.0,0.00012587637693131157,12.0,0.005,/public/home/student090/quantum-pump-l8/runs/l8-allobs-20260728T230945/chern10/pair_0283_U_p12d000000_t_p1d100000_N10.npz,20,0.0008890080189449094,200,0.9,0.2641139731427295,850,3.7414515929867775e-14,283,10.0,/public/home/student090/quantum-pump-l8/runs/l8-allobs-20260728T230945/static/static_0283_U_p12d000000_t_p1d100000.npz,1.1,0.0007631316420135978,1,400
-1.0822720791091133e-16,3.0,0.2528985569201403,8,0.0,-0.008284507224277787,12.0,0.005,/public/home/student090/quantum-pump-l8/runs/l8-allobs-20260728T230945/chern10/pair_0283_U_p12d000000_t_p1d100000_N10.npz,20,-0.0069136362432752185,1000,0.9,0.7408102821815052,851,1.7197354651443675e-13,283,50.0,/public/home/student090/quantum-pump-l8/runs/l8-allobs-20260728T230945/static/static_0283_U_p12d000000_t_p1d100000.npz,1.1,0.0013708709810025688,1,2000
-4.6935268736874815e-17,3.0,0.1770931672991909,8,0.0,0.0013498019963134504,16.0,0.005,/public/home/student090/quantum-pump-l8/runs/l8-allobs-20260728T230945/chern10/pair_0284_U_p16d000000_t_p1d100000_N10.npz,20,0.0017688807801924935,40,0.9,0.6001811825037521,852,1.0658141036401503e-14,284,2.0,/public/home/student090/quantum-pump-l8/runs/l8-allobs-20260728T230945/static/static_0284_U_p16d000000_t_p1d100000.npz,1.1,0.0004190787838790431,1,80
-4.6935268736874815e-17,3.0,0.1770931672991909,8,0.0,0.00011451120375588265,16.0,0.005,/public/home/student090/quantum-pump-l8/runs/l8-allobs-20260728T230945/chern10/pair_0284_U_p16d000000_t_p1d100000_N10.npz,20,0.0006280949511503113,200,0.9,0.0498385116184961,853,4.8627768478581856e-14,284,10.0,/public/home/student090/quantum-pump-l8/runs/l8-allobs-20260728T230945/static/static_0284_U_p16d000000_t_p1d100000.npz,1.1,0.0005135837473944286,1,400
-4.6935268736874815e-17,3.0,0.1770931672991909,8,0.0,0.0004662615961642835,16.0,0.005,/public/home/student090/quantum-pump-l8/runs/l8-allobs-20260728T230945/chern10/pair_0284_U_p16d000000_t_p1d100000_N10.npz,20,0.0014521346408230117,1000,0.9,0.1165786402996417,854,2.1316282072803006e-13,284,50.0,/public/home/student090/quantum-pump-l8/runs/l8-allobs-20260728T230945/static/static_0284_U_p16d000000_t_p1d100000.npz,1.1,0.0009858730446587283,1,2000
5.356142432325714e-17,3.0,0.11107698640021169,8,0.0,0.00010005471248415436,24.0,0.005,/public/home/student090/quantum-pump-l8/runs/l8-allobs-20260728T230945/chern10/pair_0285_U_p24d000000_t_p1d100000_N10.npz,20,0.0003716492961547639,40,0.9,0.8039764798392467,855,2.220446049250313e-15,285,2.0,/public/home/student090/quantum-pump-l8/runs/l8-allobs-20260728T230945/static/static_0285_U_p24d000000_t_p1d100000.npz,1.1,0.00027159458367060957,1,80
5.356142432325714e-17,3.0,0.11107698640021169,8,0.0,9.351977534609596e-05,24.0,0.005,/public/home/student090/quantum-pump-l8/runs/l8-allobs-20260728T230945/chern10/pair_0285_U_p24d000000_t_p1d100000_N10.npz,20,0.0004129737694545299,200,0.9,0.030203916662906793,856,1.4210854715202004e-14,285,10.0,/public/home/student090/quantum-pump-l8/runs/l8-allobs-20260728T230945/static/static_0285_U_p24d000000_t_p1d100000.npz,1.1,0.00031945399410843395,1,400
5.356142432325714e-17,3.0,0.11107698640021169,8,0.0,0.0001912625467021417,24.0,0.005,/public/home/student090/quantum-pump-l8/runs/l8-allobs-20260728T230945/chern10/pair_0285_U_p24d000000_t_p1d100000_N10.npz,20,0.0008072160937655621,1000,0.9,0.395608506771271,857,4.04121180963557e-14,285,50.0,/public/home/student090/quantum-pump-l8/runs/l8-allobs-20260728T230945/static/static_0285_U_p24d000000_t_p1d100000.npz,1.1,0.0006159535470634204,1,2000
1.6551584475150853e-16,3.0,0.08144245508777048,8,0.0,6.170501273884605e-05,32.0,0.005,/public/home/student090/quantum-pump-l8/runs/l8-allobs-20260728T230945/chern10/pair_0286_U_p32d000000_t_p1d100000_N10.npz,20,0.0002839812609665403,40,0.9,0.885483150097002,858,2.6645352591003757e-15,286,2.0,/public/home/student090/quantum-pump-l8/runs/l8-allobs-20260728T230945/static/static_0286_U_p32d000000_t_p1d100000.npz,1.1,0.00022227624822769424,1,80
1.6551584475150853e-16,3.0,0.08144245508777048,8,0.0,7.05438987816948e-05,32.0,0.005,/public/home/student090/quantum-pump-l8/runs/l8-allobs-20260728T230945/chern10/pair_0286_U_p32d000000_t_p1d100000_N10.npz,20,0.00031473219801296884,200,0.9,0.027300659983267913,859,5.551115123125783e-15,286,10.0,/public/home/student090/quantum-pump-l8/runs/l8-allobs-20260728T230945/static/static_0286_U_p32d000000_t_p1d100000.npz,1.1,0.00024418829923127404,1,400
1.6551584475150853e-16,3.0,0.08144245508777048,8,0.0,0.0001288082049992632,32.0,0.005,/public/home/student090/quantum-pump-l8/runs/l8-allobs-20260728T230945/chern10/pair_0286_U_p32d000000_t_p1d100000_N10.npz,20,0.0005782716506776671,1000,0.9,0.3237923576202565,860,2.942091015256665e-14,286,50.0,/public/home/student090/quantum-pump-l8/runs/l8-allobs-20260728T230945/static/static_0286_U_p32d000000_t_p1d100000.npz,1.1,0.0004494634456784039,1,2000
2.0,3.0,0.5363980621649205,8,2.0,0.0011866230903770007,-32.0,0.005,/public/home/student090/quantum-pump-l8/runs/l8-allobs-20260728T230945/chern10/pair_0287_U_neg32d000000_t_p1d200000_N10.npz,20,0.001440929740136803,40,0.9,0.9075164566979289,861,1.7763568394002505e-15,287,2.0,/public/home/student090/quantum-pump-l8/runs/l8-allobs-20260728T230945/static/static_0287_U_neg32d000000_t_p1d200000.npz,1.2,0.0002543066497598023,1,80
2.0,3.0,0.5363980621649205,8,2.0,0.019315015972892535,-32.0,0.005,/public/home/student090/quantum-pump-l8/runs/l8-allobs-20260728T230945/chern10/pair_0287_U_neg32d000000_t_p1d200000_N10.npz,20,0.019601581335087163,200,0.9,0.2704662445433185,862,5.329070518200751e-15,287,10.0,/public/home/student090/quantum-pump-l8/runs/l8-allobs-20260728T230945/static/static_0287_U_neg32d000000_t_p1d200000.npz,1.2,0.0002865653621946275,1,400
2.0,3.0,0.5363980621649205,8,2.0,0.2075097088385249,-32.0,0.005,/public/home/student090/quantum-pump-l8/runs/l8-allobs-20260728T230945/chern10/pair_0287_U_neg32d000000_t_p1d200000_N10.npz,20,0.20796911080056382,1000,0.9,0.20472529767044503,863,2.2426505097428162e-14,287,50.0,/public/home/student090/quantum-pump-l8/runs/l8-allobs-20260728T230945/static/static_0287_U_neg32d000000_t_p1d200000.npz,1.2,0.0004594019620389189,1,2000
2.0,3.0,0.706243736945396,8,2.0000000000000004,0.003382073875304493,-24.0,0.005,/public/home/student090/quantum-pump-l8/runs/l8-allobs-20260728T230945/chern10/pair_0288_U_neg24d000000_t_p1d200000_N10.npz,20,0.003707431469346638,40,0.9,0.8417302215201522,864,3.9968028886505635e-15,288,2.0,/public/home/student090/quantum-pump-l8/runs/l8-allobs-20260728T230945/static/static_0288_U_neg24d000000_t_p1d200000.npz,1.2,0.000325357594042145,1,80
2.0,3.0,0.706243736945396,8,2.0000000000000004,0.0419118298628866,-24.0,0.005,/public/home/student090/quantum-pump-l8/runs/l8-allobs-20260728T230945/chern10/pair_0288_U_neg24d000000_t_p1d200000_N10.npz,20,0.042302803674610055,200,0.9,0.16954422754136023,865,1.7319479184152442e-14,288,10.0,/public/home/student090/quantum-pump-l8/runs/l8-allobs-20260728T230945/static/static_0288_U_neg24d000000_t_p1d200000.npz,1.2,0.00039097381172345513,1,400
2.0,3.0,0.706243736945396,8,2.0000000000000004,0.4182563892631975,-24.0,0.005,/public/home/student090/quantum-pump-l8/runs/l8-allobs-20260728T230945/chern10/pair_0288_U_neg24d000000_t_p1d200000_N10.npz,20,0.4189836697666605,1000,0.9,0.012815185362697525,866,8.304468224196171e-14,288,50.0,/public/home/student090/quantum-pump-l8/runs/l8-allobs-20260728T230945/static/static_0288_U_neg24d000000_t_p1d200000.npz,1.2,0.0007272805034629903,1,2000
2.0,3.0,1.0242562316742152,8,2.0,0.017947554903809056,-16.0,0.005,/public/home/student090/quantum-pump-l8/runs/l8-allobs-20260728T230945/chern10/pair_0289_U_neg16d000000_t_p1d200000_N10.npz,20,0.01842915341783292,40,0.9,0.6420792692104017,867,7.771561172376096e-15,289,2.0,/public/home/student090/quantum-pump-l8/runs/l8-allobs-20260728T230945/static/static_0289_U_neg16d000000_t_p1d200000.npz,1.2,0.0004815985140238649,1,80
2.0,3.0,1.0242562316742152,8,2.0,0.1726704338951124,-16.0,0.005,/public/home/student090/quantum-pump-l8/runs/l8-allobs-20260728T230945/chern10/pair_0289_U_neg16d000000_t_p1d200000_N10.npz,20,0.17337460441194827,200,0.9,0.20665950407082456,868,3.730349362740526e-14,289,10.0,/public/home/student090/quantum-pump-l8/runs/l8-allobs-20260728T230945/static/static_0289_U_neg16d000000_t_p1d200000.npz,1.2,0.0007041705168358559,1,400
2.0,3.0,1.0242562316742152,8,2.0,0.9322246076710741,-16.0,0.005,/public/home/student090/quantum-pump-l8/runs/l8-allobs-20260728T230945/chern10/pair_0289_U_neg16d000000_t_p1d200000_N10.npz,20,0.9336101507880603,1000,0.9,0.022828745671209422,869,1.616484723854228e-13,289,50.0,/public/home/student090/quantum-pump-l8/runs/l8-allobs-20260728T230945/static/static_0289_U_neg16d000000_t_p1d200000.npz,1.2,0.001385543116986243,1,2000
2.0,3.0,1.3089133777834405,8,2.0,0.056960393170032056,-12.0,0.005,/public/home/student090/quantum-pump-l8/runs/l8-allobs-20260728T230945/chern10/pair_0290_U_neg12d000000_t_p1d200000_N10.npz,20,0.05780324307314235,40,0.9,0.40876610451385187,870,6.994405055138486e-15,290,2.0,/public/home/student090/quantum-pump-l8/runs/l8-allobs-20260728T230945/static/static_0290_U_neg12d000000_t_p1d200000.npz,1.2,0.0008428499031102946,1,80
2.0,3.0,1.3089133777834405,8,2.0,0.36007090329189473,-12.0,0.005,/public/home/student090/quantum-pump-l8/runs/l8-allobs-20260728T230945/chern10/pair_0290_U_neg12d000000_t_p1d200000_N10.npz,20,0.361184205625078,200,0.9,0.14119737876761837,871,3.2862601528904634e-14,290,10.0,/public/home/student090/quantum-pump-l8/runs/l8-allobs-20260728T230945/static/static_0290_U_neg12d000000_t_p1d200000.npz,1.2,0.001113302333183297,1,400
2.0,3.0,1.3089133777834405,8,2.0,1.3032421322465928,-12.0,0.005,/public/home/student090/quantum-pump-l8/runs/l8-allobs-20260728T230945/chern10/pair_0290_U_neg12d000000_t_p1d200000_N10.npz,20,1.3051395099428873,1000,0.9,0.1765374849423008,872,1.6542323066914832e-13,290,50.0,/public/home/student090/quantum-pump-l8/runs/l8-allobs-20260728T230945/static/static_0290_U_neg12d000000_t_p1d200000.npz,1.2,0.0018973776962945,1,2000
2.0000000000000004,3.0,1.7765346360342704,8,2.0,0.18537442327058506,-8.0,0.005,/public/home/student090/quantum-pump-l8/runs/l8-allobs-20260728T230945/chern10/pair_0291_U_neg8d000000_t_p1d200000_N10.npz,10,0.18658079991392812,40,0.9,0.07562214935258589,873,1.1102230246251565e-15,291,2.0,/public/home/student090/quantum-pump-l8/runs/l8-allobs-20260728T230945/static/static_0291_U_neg8d000000_t_p1d200000.npz,1.2,0.0012063766433430545,1,80
2.0000000000000004,3.0,1.7765346360342704,8,2.0,0.661849518049521,-8.0,0.005,/public/home/student090/quantum-pump-l8/runs/l8-allobs-20260728T230945/chern10/pair_0291_U_neg8d000000_t_p1d200000_N10.npz,10,0.6636784223576341,200,0.9,0.02003144383085091,874,3.3306690738754696e-15,291,10.0,/public/home/student090/quantum-pump-l8/runs/l8-allobs-20260728T230945/static/static_0291_U_neg8d000000_t_p1d200000.npz,1.2,0.0018289043081131107,1,400
2.0000000000000004,3.0,1.7765346360342704,8,2.0,1.7291026665566933,-8.0,0.005,/public/home/student090/quantum-pump-l8/runs/l8-allobs-20260728T230945/chern10/pair_0291_U_neg8d000000_t_p1d200000_N10.npz,10,1.7317009420329708,1000,0.9,0.5677798553545153,875,2.398081733190338e-14,291,50.0,/public/home/student090/quantum-pump-l8/runs/l8-allobs-20260728T230945/static/static_0291_U_neg8d000000_t_p1d200000.npz,1.2,0.002598275476277445,1,2000
2.0,3.0,2.127823842847313,8,2.0,0.42200775539580937,-6.0,0.005,/public/home/student090/quantum-pump-l8/runs/l8-allobs-20260728T230945/chern10/pair_0292_U_neg6d000000_t_p1d200000_N10.npz,10,0.4235734644936912,40,0.9,0.01997731486463203,876,7.327471962526033e-15,292,2.0,/public/home/student090/quantum-pump-l8/runs/l8-allobs-20260728T230945/static/static_0292_U_neg6d000000_t_p1d200000.npz,1.2,0.00156570909788184,1,80
2.0,3.0,2.127823842847313,8,2.0,1.1099875914170703,-6.0,0.005,/public/home/student090/quantum-pump-l8/runs/l8-allobs-20260728T230945/chern10/pair_0292_U_neg6d000000_t_p1d200000_N10.npz,10,1.1124638344208422,200,0.9,0.13228661881397127,877,3.5083047578154947e-14,292,10.0,/public/home/student090/quantum-pump-l8/runs/l8-allobs-20260728T230945/static/static_0292_U_neg6d000000_t_p1d200000.npz,1.2,0.0024762430037719163,1,400
2.0,3.0,2.127823842847313,8,2.0,1.8840546679100032,-6.0,0.005,/public/home/student090/quantum-pump-l8/runs/l8-allobs-20260728T230945/chern10/pair_0292_U_neg6d000000_t_p1d200000_N10.npz,10,1.8869892621175102,1000,0.9,0.7274790986477708,878,1.532107773982716e-13,292,50.0,/public/home/student090/quantum-pump-l8/runs/l8-allobs-20260728T230945/static/static_0292_U_neg6d000000_t_p1d200000.npz,1.2,0.0029345942075069686,1,2000
2.0000000000000004,3.0,2.5937039172334444,8,2.0,0.8176911833637049,-4.0,0.005,/public/home/student090/quantum-pump-l8/runs/l8-allobs-20260728T230945/chern10/pair_0293_U_neg4d000000_t_p1d200000_N10.npz,10,0.8202553272925199,40,0.9,0.01569553999854092,879,1.2212453270876722e-15,293,2.0,/public/home/student090/quantum-pump-l8/runs/l8-allobs-20260728T230945/static/static_0293_U_neg4d000000_t_p1d200000.npz,1.2,0.002564143928814988,1,80
2.0000000000000004,3.0,2.5937039172334444,8,2.0,1.474654696884437,-4.0,0.005,/public/home/student090/quantum-pump-l8/runs/l8-allobs-20260728T230945/chern10/pair_0293_U_neg4d000000_t_p1d200000_N10.npz,10,1.4776028191816768,200,0.9,0.057216939197552524,880,1.2878587085651816e-14,293,10.0,/public/home/student090/quantum-pump-l8/runs/l8-allobs-20260728T230945/static/static_0293_U_neg4d000000_t_p1d200000.npz,1.2,0.0029481222972398413,1,400
2.0000000000000004,3.0,2.5937039172334444,8,2.0,1.9562875859153315,-4.0,0.005,/public/home/student090/quantum-pump-l8/runs/l8-allobs-20260728T230945/chern10/pair_0293_U_neg4d000000_t_p1d200000_N10.npz,10,1.9595644562831476,1000,0.9,0.8601549984028171,881,5.861977570020827e-14,293,50.0,/public/home/student090/quantum-pump-l8/runs/l8-allobs-20260728T230945/static/static_0293_U_neg4d000000_t_p1d200000.npz,1.2,0.003276870367816098,1,2000
2.0,3.0,3.1722606457072047,8,1.9999999999999998,0.958914230485327,-2.0,0.005,/public/home/student090/quantum-pump-l8/runs/l8-allobs-20260728T230945/chern10/pair_0294_U_neg2d000000_t_p1d200000_N10.npz,10,0.9622097602704137,40,0.9,0.04897662225049578,882,5.551115123125783e-15,294,2.0,/public/home/student090/quantum-pump-l8/runs/l8-allobs-20260728T230945/static/static_0294_U_neg2d000000_t_p1d200000.npz,1.2,0.003295529785086737,1,80
2.0,3.0,3.1722606457072047,8,1.9999999999999998,1.7890282623898461,-2.0,0.005,/public/home/student090/quantum-pump-l8/runs/l8-allobs-20260728T230945/chern10/pair_0294_U_neg2d000000_t_p1d200000_N10.npz,10,1.792815234872526,200,0.9,0.8484407725330061,883,2.6867397195928788e-14,294,10.0,/public/home/student090/quantum-pump-l8/runs/l8-allobs-20260728T230945/static/static_0294_U_neg2d000000_t_p1d200000.npz,1.2,0.0037869724826797846,1,400
2.0,3.0,3.1722606457072047,8,1.9999999999999998,1.99435974157777,-2.0,0.005,/public/home/student090/quantum-pump-l8/runs/l8-allobs-20260728T230945/chern10/pair_0294_U_neg2d000000_t_p1d200000_N10.npz,10,1.9978832729006397,1000,0.9,0.9568278627106087,884,1.4144241333724494e-13,294,50.0,/public/home/student090/quantum-pump-l8/runs/l8-allobs-20260728T230945/static/static_0294_U_neg2d000000_t_p1d200000.npz,1.2,0.003523531322869644,1,2000
1.9999999999999998,3.0,3.5999999999999375,8,2.0,1.1517354196462957,0.0,0.005,/public/home/student090/quantum-pump-l8/runs/l8-allobs-20260728T230945/chern10/pair_0295_U_p0d000000_t_p1d200000_N10.npz,10,1.1566079224536865,40,0.9,0.22301925423233906,885,3.9968028886505635e-15,295,2.0,/public/home/student090/quantum-pump-l8/runs/l8-allobs-20260728T230945/static/static_0295_U_p0d000000_t_p1d200000.npz,1.2,0.004872502807390822,1,80
1.9999999999999998,3.0,3.5999999999999375,8,2.0,1.963971488792399,0.0,0.005,/public/home/student090/quantum-pump-l8/runs/l8-allobs-20260728T230945/chern10/pair_0295_U_p0d000000_t_p1d200000_N10.npz,10,1.9677778000558948,200,0.9,0.8286994639352624,886,1.0325074129013956e-14,295,10.0,/public/home/student090/quantum-pump-l8/runs/l8-allobs-20260728T230945/static/static_0295_U_p0d000000_t_p1d200000.npz,1.2,0.003806311263495843,1,400
1.9999999999999998,3.0,3.5999999999999375,8,2.0,2.006971969565367,0.0,0.005,/public/home/student090/quantum-pump-l8/runs/l8-allobs-20260728T230945/chern10/pair_0295_U_p0d000000_t_p1d200000_N10.npz,10,2.0107140540454242,1000,0.9,0.9913989670751447,887,3.042011087472929e-14,295,50.0,/public/home/student090/quantum-pump-l8/runs/l8-allobs-20260728T230945/static/static_0295_U_p0d000000_t_p1d200000.npz,1.2,0.003742084480057084,1,2000
2.0000000000000004,3.0,3.172260645707178,8,1.9999999999999996,1.5129255844882117,2.0,0.005,/public/home/student090/quantum-pump-l8/runs/l8-allobs-20260728T230945/chern10/pair_0296_U_p2d000000_t_p1d200000_N10.npz,10,1.5142112784514106,80,0.9,0.20393946351437778,888,1.3988810110276972e-14,296,2.0,/public/home/student090/quantum-pump-l8/runs/l8-allobs-20260728T230945/static/static_0296_U_p2d000000_t_p1d200000.npz,1.2,0.0012856939631988862,2,160
2.0000000000000004,3.0,3.172260645707178,8,1.9999999999999996,2.0190481991118476,2.0,0.005,/public/home/student090/quantum-pump-l8/runs/l8-allobs-20260728T230945/chern10/pair_0296_U_p2d000000_t_p1d200000_N10.npz,10,2.022806700183544,200,0.9,0.9313255853236868,889,2.2648549702353193e-14,296,10.0,/public/home/student090/quantum-pump-l8/runs/l8-allobs-20260728T230945/static/static_0296_U_p2d000000_t_p1d200000.npz,1.2,0.0037585010716965073,1,400
2.0000000000000004,3.0,3.172260645707178,8,1.9999999999999996,2.0171185208708136,2.0,0.005,/public/home/student090/quantum-pump-l8/runs/l8-allobs-20260728T230945/chern10/pair_0296_U_p2d000000_t_p1d200000_N10.npz,10,2.0209450813809955,1000,0.9,0.9996943454970156,890,9.547918011776346e-14,296,50.0,/public/home/student090/quantum-pump-l8/runs/l8-allobs-20260728T230945/static/static_0296_U_p2d000000_t_p1d200000.npz,1.2,0.003826560510181931,1,2000
2.0000000000000004,3.0,2.593703917233494,8,2.0000000000000004,1.2291563571462583,4.0,0.005,/public/home/student090/quantum-pump-l8/runs/l8-allobs-20260728T230945/chern10/pair_0297_U_p4d000000_t_p1d200000_N10.npz,10,1.2321418917083204,40,0.9,0.03471716947033911,891,1.3322676295501878e-15,297,2.0,/public/home/student090/quantum-pump-l8/runs/l8-allobs-20260728T230945/static/static_0297_U_p4d000000_t_p1d200000.npz,1.2,0.0029855345620621865,1,80
2.0000000000000004,3.0,2.593703917233494,8,2.0000000000000004,2.058517522028077,4.0,0.005,/public/home/student090/quantum-pump-l8/runs/l8-allobs-20260728T230945/chern10/pair_0297_U_p4d000000_t_p1d200000_N10.npz,10,2.062186165628061,200,0.9,0.9883764619056545,892,2.4424906541753444e-15,297,10.0,/public/home/student090/quantum-pump-l8/runs/l8-allobs-20260728T230945/static/static_0297_U_p4d000000_t_p1d200000.npz,1.2,0.0036686435999842004,1,400
2.0000000000000004,3.0,2.593703917233494,8,2.0000000000000004,2.0758826289894414,4.0,0.005,/public/home/student090/quantum-pump-l8/runs/l8-allobs-20260728T230945/chern10/pair_0297_U_p4d000000_t_p1d200000_N10.npz,10,2.0795849644765756,1000,0.9,0.9996837199841512,893,1.0547118733938987e-14,297,50.0,/public/home/student090/quantum-pump-l8/runs/l8-allobs-20260728T230945/static/static_0297_U_p4d000000_t_p1d200000.npz,1.2,0.0037023354871341674,1,2000
2.0000000000000004,3.0,2.5284691700909985,8,2.0000000000000004,1.1621383705789057,4.25,0.005,/public/home/student090/quantum-pump-l8/runs/l8-allobs-20260728T230945/chern10/pair_0298_U_p4d250000_t_p1d200000_N10.npz,10,1.164846012733547,40,0.9,0.017268724018911948,894,4.773959005888173e-15,298,2.0,/public/home/student090/quantum-pump-l8/runs/l8-allobs-20260728T230945/static/static_0298_U_p4d250000_t_p1d200000.npz,1.2,0.0027076421546412544,1,80
2.0000000000000004,3.0,2.5284691700909985,8,2.0000000000000004,2.059987839121346,4.25,0.005,/public/home/student090/quantum-pump-l8/runs/l8-allobs-20260728T230945/chern10/pair_0298_U_p4d250000_t_p1d200000_N10.npz,10,2.063648919709768,200,0.9,0.970048102389154,895,2.3203661214665772e-14,298,10.0,/public/home/student090/quantum-pump-l8/runs/l8-allobs-20260728T230945/static/static_0298_U_p4d250000_t_p1d200000.npz,1.2,0.00366108058842185,1,400
2.0000000000000004,3.0,2.5284691700909985,8,2.0000000000000004,2.09358315182119,4.25,0.005,/public/home/student090/quantum-pump-l8/runs/l8-allobs-20260728T230945/chern10/pair_0298_U_p4d250000_t_p1d200000_N10.npz,10,2.0972581284215783,1000,0.9,0.9995093923720278,896,1.1157741397482823e-13,298,50.0,/public/home/student090/quantum-pump-l8/runs/l8-allobs-20260728T230945/static/static_0298_U_p4d250000_t_p1d200000.npz,1.2,0.003674976600388291,1,2000
2.0000000000000004,3.0,2.451797549962162,8,2.0000000000000004,1.0954011210058165,4.5,0.005,/public/home/student090/quantum-pump-l8/runs/l8-allobs-20260728T230945/chern10/pair_0299_U_p4d500000_t_p1d200000_N10.npz,10,1.0978521577571698,40,0.9,0.006374057141513883,897,8.659739592076221e-15,299,2.0,/public/home/student090/quantum-pump-l8/runs/l8-allobs-20260728T230945/static/static_0299_U_p4d500000_t_p1d200000.npz,1.2,0.002451036751353275,1,80
2.0000000000000004,3.0,2.451797549962162,8,2.0000000000000004,2.0455925192117346,4.5,0.005,/public/home/student090/quantum-pump-l8/runs/l8-allobs-20260728T230945/chern10/pair_0299_U_p4d500000_t_p1d200000_N10.npz,10,2.0492139199351405,200,0.9,0.9179513585491191,898,3.452793606584237e-14,299,10.0,/public/home/student090/quantum-pump-l8/runs/l8-allobs-20260728T230945/static/static_0299_U_p4d500000_t_p1d200000.npz,1.2,0.0036214007234058876,1,400
2.0000000000000004,3.0,2.451797549962162,8,2.0000000000000004,2.1164076923061184,4.5,0.005,/public/home/student090/quantum-pump-l8/runs/l8-allobs-20260728T230945/chern10/pair_0299_U_p4d500000_t_p1d200000_N10.npz,10,2.1200470834759755,1000,0.9,0.9997871721407178,899,1.7830181775480014e-13,299,50.0,/public/home/student090/quantum-pump-l8/runs/l8-allobs-20260728T230945/static/static_0299_U_p4d500000_t_p1d200000.npz,1.2,0.00363939116985712,1,2000
2.0,3.0,2.3153353558555008,8,2.0,1.030638766005261,4.75,0.005,/public/home/student090/quantum-pump-l8/runs/l8-allobs-20260728T230945/chern10/pair_0300_U_p4d750000_t_p1d200000_N10.npz,10,1.032855842166505,40,0.9,0.001552268342701415,900,5.551115123125783e-15,300,2.0,/public/home/student090/quantum-pump-l8/runs/l8-allobs-20260728T230945/static/static_0300_U_p4d750000_t_p1d200000.npz,1.2,0.0022170761612441137,1,80
2.0,3.0,2.3153353558555008,8,2.0,1.9982631424110648,4.75,0.005,/public/home/student090/quantum-pump-l8/runs/l8-allobs-20260728T230945/chern10/pair_0300_U_p4d750000_t_p1d200000_N10.npz,10,2.001791546788422,200,0.9,0.8157453043295527,901,3.530509218307998e-14,300,10.0,/public/home/student090/quantum-pump-l8/runs/l8-allobs-20260728T230945/static/static_0300_U_p4d750000_t_p1d200000.npz,1.2,0.0035284043773571305,1,400
2.0,3.0,2.3153353558555008,8,2.0,2.1455044563525396,4.75,0.005,/public/home/student090/quantum-pump-l8/runs/l8-allobs-20260728T230945/chern10/pair_0300_U_p4d750000_t_p1d200000_N10.npz,10,2.149103716805964,1000,0.9,0.9994269120706668,902,1.7008616737257398e-13,300,50.0,/public/home/student090/quantum-pump-l8/runs/l8-allobs-20260728T230945/static/static_0300_U_p4d750000_t_p1d200000.npz,1.2,0.003599260453424513,1,2000
2.0000000000000004,3.0,2.1772287306108744,8,1.9999999999999996,0.9690802963148091,5.0,0.005,/public/home/student090/quantum-pump-l8/runs/l8-allobs-20260728T230945/chern10/pair_0301_U_p5d000000_t_p1d200000_N10.npz,10,0.9710847576356048,40,0.9,0.0015903157695381196,903,8.548717289613705e-15,301,2.0,/public/home/student090/quantum-pump-l8/runs/l8-allobs-20260728T230945/static/static_0301_U_p5d000000_t_p1d200000.npz,1.2,0.0020044613207956807,1,80
2.0000000000000004,3.0,2.1772287306108744,8,1.9999999999999996,1.896733501137802,5.0,0.005,/public/home/student090/quantum-pump-l8/runs/l8-allobs-20260728T230945/chern10/pair_0301_U_p5d000000_t_p1d200000_N10.npz,10,1.9001196542344072,200,0.9,0.6534462967685275,904,3.597122599785507e-14,301,10.0,/public/home/student090/quantum-pump-l8/runs/l8-allobs-20260728T230945/static/static_0301_U_p5d000000_t_p1d200000.npz,1.2,0.003386153096605282,1,400
2.0000000000000004,3.0,2.1772287306108744,8,1.9999999999999996,2.1821025973549144,5.0,0.005,/public/home/student090/quantum-pump-l8/runs/l8-allobs-20260728T230945/chern10/pair_0301_U_p5d000000_t_p1d200000_N10.npz,10,2.1856608422267536,1000,0.9,0.9995673819969553,905,1.6686652060116103e-13,301,50.0,/public/home/student090/quantum-pump-l8/runs/l8-allobs-20260728T230945/static/static_0301_U_p5d000000_t_p1d200000.npz,1.2,0.0035582448718392,1,2000
2.0,3.0,2.042460484677788,8,2.0,0.9114666994687316,5.25,0.005,/public/home/student090/quantum-pump-l8/runs/l8-allobs-20260728T230945/chern10/pair_0302_U_p5d250000_t_p1d200000_N10.npz,10,0.9132764021187627,40,0.9,0.004989513835349606,906,9.103828801926284e-15,302,2.0,/public/home/student090/quantum-pump-l8/runs/l8-allobs-20260728T230945/static/static_0302_U_p5d250000_t_p1d200000.npz,1.2,0.0018097026500311086,1,80
2.0,3.0,2.042460484677788,8,2.0,1.7319954850909929,5.25,0.005,/public/home/student090/quantum-pump-l8/runs/l8-allobs-20260728T230945/chern10/pair_0302_U_p5d250000_t_p1d200000_N10.npz,10,1.7351979858913371,200,0.9,0.44227957970186926,907,3.9968028886505635e-14,302,10.0,/public/home/student090/quantum-pump-l8/runs/l8-allobs-20260728T230945/static/static_0302_U_p5d250000_t_p1d200000.npz,1.2,0.0032025008003442323,1,400
2.0,3.0,2.042460484677788,8,2.0,2.2287019841472913,5.25,0.005,/public/home/student090/quantum-pump-l8/runs/l8-allobs-20260728T230945/chern10/pair_0302_U_p5d250000_t_p1d200000_N10.npz,10,2.2322106461065405,1000,0.9,0.9989634388424603,908,1.8396395518038844e-13,302,50.0,/public/home/student090/quantum-pump-l8/runs/l8-allobs-20260728T230945/static/static_0302_U_p5d250000_t_p1d200000.npz,1.2,0.0035086619592492596,1,2000
1.9999999999999998,3.0,1.914447882078436,8,1.9999999999999996,0.8580848364215433,5.5,0.005,/public/home/student090/quantum-pump-l8/runs/l8-allobs-20260728T230945/chern10/pair_0303_U_p5d500000_t_p1d200000_N10.npz,10,0.8597127651922502,40,0.9,0.010287761778469105,909,7.771561172376096e-15,303,2.0,/public/home/student090/quantum-pump-l8/runs/l8-allobs-20260728T230945/static/static_0303_U_p5d500000_t_p1d200000.npz,1.2,0.0016279287707068324,1,80
1.9999999999999998,3.0,1.914447882078436,8,1.9999999999999996,1.521995142013407,5.5,0.005,/public/home/student090/quantum-pump-l8/runs/l8-allobs-20260728T230945/chern10/pair_0303_U_p5d500000_t_p1d200000_N10.npz,10,1.5249614160968987,200,0.9,0.22823667338698042,910,3.6415315207705135e-14,303,10.0,/public/home/student090/quantum-pump-l8/runs/l8-allobs-20260728T230945/static/static_0303_U_p5d500000_t_p1d200000.npz,1.2,0.0029662740834917045,1,400
1.9999999999999998,3.0,1.914447882078436,8,1.9999999999999996,2.2854625111599933,5.5,0.005,/public/home/student090/quantum-pump-l8/runs/l8-allobs-20260728T230945/chern10/pair_0303_U_p5d500000_t_p1d200000_N10.npz,10,2.2889156044667427,1000,0.9,0.9944101493714319,911,1.949551631241775e-13,303,50.0,/public/home/student090/quantum-pump-l8/runs/l8-allobs-20260728T230945/static/static_0303_U_p5d500000_t_p1d200000.npz,1.2,0.0034530933067493663,1,2000
2.0,3.0,1.7937779588665297,8,1.9999999999999996,0.8088484970298616,5.75,0.005,/public/home/student090/quantum-pump-l8/runs/l8-allobs-20260728T230945/chern10/pair_0304_U_p5d750000_t_p1d200000_N10.npz,10,0.8103023627502248,40,0.9,0.016240997345359907,912,8.881784197001252e-16,304,2.0,/public/home/student090/quantum-pump-l8/runs/l8-allobs-20260728T230945/static/static_0304_U_p5d750000_t_p1d200000.npz,1.2,0.0014538657203632122,1,80
2.0,3.0,1.7937779588665297,8,1.9999999999999996,1.3059097107692392,5.75,0.005,/public/home/student090/quantum-pump-l8/runs/l8-allobs-20260728T230945/chern10/pair_0304_U_p5d750000_t_p1d200000_N10.npz,10,1.3085951281907988,200,0.9,0.08744124860280035,913,3.1086244689504383e-15,304,10.0,/public/home/student090/quantum-pump-l8/runs/l8-allobs-20260728T230945/static/static_0304_U_p5d750000_t_p1d200000.npz,1.2,0.0026854174215595883,1,400
2.0,3.0,1.7937779588665297,8,1.9999999999999996,2.3321601710938045,5.75,0.005,/public/home/student090/quantum-pump-l8/runs/l8-allobs-20260728T230945/chern10/pair_0304_U_p5d750000_t_p1d200000_N10.npz,10,2.3355419481852553,1000,0.9,0.973272524567666,914,3.019806626980426e-14,304,50.0,/public/home/student090/quantum-pump-l8/runs/l8-allobs-20260728T230945/static/static_0304_U_p5d750000_t_p1d200000.npz,1.2,0.0033817770914508216,1,2000
2.0000000000000004,3.0,1.7705774081297339,8,2.0,0.7994712272738885,5.8,0.005,/public/home/student090/quantum-pump-l8/runs/l8-allobs-20260728T230945/chern10/pair_0305_U_p5d800000_t_p1d200000_N10.npz,10,0.8008907704654504,40,0.9,0.01742250571499566,915,7.216449660063518e-15,305,2.0,/public/home/student090/quantum-pump-l8/runs/l8-allobs-20260728T230945/static/static_0305_U_p5d800000_t_p1d200000.npz,1.2,0.0014195431915619006,1,80
2.0000000000000004,3.0,1.7705774081297339,8,2.0,1.265590816407014,5.8,0.005,/public/home/student090/quantum-pump-l8/runs/l8-allobs-20260728T230945/chern10/pair_0305_U_p5d800000_t_p1d200000_N10.npz,10,1.2682195027221446,200,0.9,0.07492773065543595,916,3.5638159090467525e-14,305,10.0,/public/home/student090/quantum-pump-l8/runs/l8-allobs-20260728T230945/static/static_0305_U_p5d800000_t_p1d200000.npz,1.2,0.0026286863151305795,1,400
2.0000000000000004,3.0,1.7705774081297339,8,2.0,2.3337172433112734,5.8,0.005,/public/home/student090/quantum-pump-l8/runs/l8-allobs-20260728T230945/chern10/pair_0305_U_p5d800000_t_p1d200000_N10.npz,10,2.3370841171173655,1000,0.9,0.9649169176101638,917,1.5509815654013437e-13,305,50.0,/public/home/student090/quantum-pump-l8/runs/l8-allobs-20260728T230945/static/static_0305_U_p5d800000_t_p1d200000.npz,1.2,0.00336687380609213,1,2000
1.9999999999999998,3.0,1.6810348509172357,8,2.0,0.7634078934714077,6.0,0.005,/public/home/student090/quantum-pump-l8/runs/l8-allobs-20260728T230945/chern10/pair_0306_U_p6d000000_t_p1d200000_N10.npz,10,0.7646906751592943,40,0.9,0.02192587263109351,918,8.215650382226158e-15,306,2.0,/public/home/student090/quantum-pump-l8/runs/l8-allobs-20260728T230945/static/static_0306_U_p6d000000_t_p1d200000.npz,1.2,0.0012827816878866471,1,80
1.9999999999999998,3.0,1.6810348509172357,8,2.0,1.1217246553132,6.0,0.005,/public/home/student090/quantum-pump-l8/runs/l8-allobs-20260728T230945/chern10/pair_0306_U_p6d000000_t_p1d200000_N10.npz,10,1.124146091765629,200,0.9,0.0890414242778361,919,3.907985046680551e-14,306,10.0,/public/home/student090/quantum-pump-l8/runs/l8-allobs-20260728T230945/static/static_0306_U_p6d000000_t_p1d200000.npz,1.2,0.002421436452428871,1,400
1.9999999999999998,3.0,1.6810348509172357,8,2.0,2.3622787873951276,6.0,0.005,/public/home/student090/quantum-pump-l8/runs/l8-allobs-20260728T230945/chern10/pair_0306_U_p6d000000_t_p1d200000_N10.npz,10,2.3655713214041425,1000,0.9,0.9096735578341067,920,1.779687508474126e-13,306,50.0,/public/home/student090/quantum-pump-l8/runs/l8-allobs-20260728T230945/static/static_0306_U_p6d000000_t_p1d200000.npz,1.2,0.003292534009014858,1,2000
2.0,3.0,0.9432740672750715,8,2.0,0.729455707866193,6.2,0.005,/public/home/student090/quantum-pump-l8/runs/l8-allobs-20260728T230945/chern10/pair_0307_U_p6d200000_t_p1d200000_N10.npz,20,0.7306013928140471,40,0.9,0.02590358135430797,921,2.220446049250313e-15,307,2.0,/public/home/student090/quantum-pump-l8/runs/l8-allobs-20260728T230945/static/static_0307_U_p6d200000_t_p1d200000.npz,1.2,0.0011456849478541642,1,80
2.0,3.0,0.9432740672750715,8,2.0,1.0104898234077682,6.2,0.005,/public/home/student090/quantum-pump-l8/runs/l8-allobs-20260728T230945/chern10/pair_0307_U_p6d200000_t_p1d200000_N10.npz,20,1.012759210656551,200,0.9,0.20032949258534763,922,7.105427357601002e-15,307,10.0,/public/home/student090/quantum-pump-l8/runs/l8-allobs-20260728T230945/static/static_0307_U_p6d200000_t_p1d200000.npz,1.2,0.0022693872487828948,1,400
2.0,3.0,0.9432740672750715,8,2.0,2.299605701138817,6.2,0.005,/public/home/student090/quantum-pump-l8/runs/l8-allobs-20260728T230945/chern10/pair_0307_U_p6d200000_t_p1d200000_N10.npz,20,2.3027773426535103,1000,0.9,0.8061063823175365,923,4.929390229335695e-14,307,50.0,/public/home/student090/quantum-pump-l8/runs/l8-allobs-20260728T230945/static/static_0307_U_p6d200000_t_p1d200000.npz,1.2,0.003171641514693402,1,2000
2.0000000000000004,3.0,0.9071886436574772,8,1.9999999999999996,0.72126459164224,6.25,0.005,/public/home/student090/quantum-pump-l8/runs/l8-allobs-20260728T230945/chern10/pair_0308_U_p6d250000_t_p1d200000_N10.npz,20,0.7223758182135543,40,0.9,0.02680130572749621,924,8.881784197001252e-15,308,2.0,/public/home/student090/quantum-pump-l8/runs/l8-allobs-20260728T230945/static/static_0308_U_p6d250000_t_p1d200000.npz,1.2,0.0011112265713143499,1,80
2.0000000000000004,3.0,0.9071886436574772,8,1.9999999999999996,0.9878358040320914,6.25,0.005,/public/home/student090/quantum-pump-l8/runs/l8-allobs-20260728T230945/chern10/pair_0308_U_p6d250000_t_p1d200000_N10.npz,20,0.9900774647505293,200,0.9,0.23943098487937578,925,4.6629367034256575e-14,308,10.0,/public/home/student090/quantum-pump-l8/runs/l8-allobs-20260728T230945/static/static_0308_U_p6d250000_t_p1d200000.npz,1.2,0.002241660718437899,1,400
2.0000000000000004,3.0,0.9071886436574772,8,1.9999999999999996,2.2199021342377785,6.25,0.005,/public/home/student090/quantum-pump-l8/runs/l8-allobs-20260728T230945/chern10/pair_0308_U_p6d250000_t_p1d200000_N10.npz,20,2.223032799553131,1000,0.9,0.772944707084573,926,2.0661250488274163e-13,308,50.0,/public/home/student090/quantum-pump-l8/runs/l8-allobs-20260728T230945/static/static_0308_U_p6d250000_t_p1d200000.npz,1.2,0.0031306653153526653,1,2000
2.0000000000000004,3.0,0.7292062052281363,8,1.9999999999999998,0.681871271543033,6.5,0.005,/public/home/student090/quantum-pump-l8/runs/l8-allobs-20260728T230945/chern10/pair_0309_U_p6d500000_t_p1d200000_N10.npz,20,0.6828087428258943,40,0.9,0.030712124313846824,927,6.994405055138486e-15,309,2.0,/public/home/student090/quantum-pump-l8/runs/l8-allobs-20260728T230945/static/static_0309_U_p6d500000_t_p1d200000.npz,1.2,0.0009374712828613685,1,80
2.0000000000000004,3.0,0.7292062052281363,8,1.9999999999999998,0.8990143352818607,6.5,0.005,/public/home/student090/quantum-pump-l8/runs/l8-allobs-20260728T230945/chern10/pair_0309_U_p6d500000_t_p1d200000_N10.npz,20,0.9011663188615711,200,0.9,0.45023293476778903,928,3.597122599785507e-14,309,10.0,/public/home/student090/quantum-pump-l8/runs/l8-allobs-20260728T230945/static/static_0309_U_p6d500000_t_p1d200000.npz,1.2,0.0021519835797103593,1,400
2.0000000000000004,3.0,0.7292062052281363,8,1.9999999999999998,1.8826732491958456,6.5,0.005,/public/home/student090/quantum-pump-l8/runs/l8-allobs-20260728T230945/chern10/pair_0309_U_p6d500000_t_p1d200000_N10.npz,20,1.885574441199663,1000,0.9,0.5957639734181036,929,1.6908696665041134e-13,309,50.0,/public/home/student090/quantum-pump-l8/runs/l8-allobs-20260728T230945/static/static_0309_U_p6d500000_t_p1d200000.npz,1.2,0.0029011920038175543,1,2000
2.0,3.0,0.5561371477826302,8,2.0,0.644703521398632,6.75,0.005,/public/home/student090/quantum-pump-l8/runs/l8-allobs-20260728T230945/chern10/pair_0310_U_p6d750000_t_p1d200000_N10.npz,20,0.6454651515389138,40,0.9,0.033803324525403744,930,6.328271240363392e-15,310,2.0,/public/home/student090/quantum-pump-l8/runs/l8-allobs-20260728T230945/static/static_0310_U_p6d750000_t_p1d200000.npz,1.2,0.0007616301402818548,1,80
2.0,3.0,0.5561371477826302,8,2.0,0.8210423383602282,6.75,0.005,/public/home/student090/quantum-pump-l8/runs/l8-allobs-20260728T230945/chern10/pair_0310_U_p6d750000_t_p1d200000_N10.npz,20,0.8231196399013178,200,0.9,0.5651585056390324,931,3.4638958368304884e-14,310,10.0,/public/home/student090/quantum-pump-l8/runs/l8-allobs-20260728T230945/static/static_0310_U_p6d750000_t_p1d200000.npz,1.2,0.002077301541089538,1,400
2.0,3.0,0.5561371477826302,8,2.0,1.56571082451223,6.75,0.005,/public/home/student090/quantum-pump-l8/runs/l8-allobs-20260728T230945/chern10/pair_0310_U_p6d750000_t_p1d200000_N10.npz,20,1.568217488899195,1000,0.9,0.7135761097338684,932,1.6631140908884845e-13,310,50.0,/public/home/student090/quantum-pump-l8/runs/l8-allobs-20260728T230945/static/static_0310_U_p6d750000_t_p1d200000.npz,1.2,0.0025066643869651184,1,2000
1.9999999999999998,3.0,0.3894266383078815,8,1.9999999999999996,0.6093006899362378,7.0,0.005,/public/home/student090/quantum-pump-l8/runs/l8-allobs-20260728T230945/chern10/pair_0311_U_p7d000000_t_p1d200000_N10.npz,20,0.6098861940217151,40,0.9,0.03634816994532078,933,4.440892098500626e-15,311,2.0,/public/home/student090/quantum-pump-l8/runs/l8-allobs-20260728T230945/static/static_0311_U_p7d000000_t_p1d200000.npz,1.2,0.0005855040854773064,1,80
1.9999999999999998,3.0,0.3894266383078815,8,1.9999999999999996,0.6925605023984445,7.0,0.005,/public/home/student090/quantum-pump-l8/runs/l8-allobs-20260728T230945/chern10/pair_0311_U_p7d000000_t_p1d200000_N10.npz,20,0.6944866390857637,200,0.9,0.4626687082261511,934,2.398081733190338e-14,311,10.0,/public/home/student090/quantum-pump-l8/runs/l8-allobs-20260728T230945/static/static_0311_U_p7d000000_t_p1d200000.npz,1.2,0.0019261366873192243,1,400
1.9999999999999998,3.0,0.3894266383078815,8,1.9999999999999996,0.8043808962349271,7.0,0.005,/public/home/student090/quantum-pump-l8/runs/l8-allobs-20260728T230945/chern10/pair_0311_U_p7d000000_t_p1d200000_N10.npz,20,0.8064180033596775,1000,0.9,0.48935236599393317,935,1.2800871473928055e-13,311,50.0,/public/home/student090/quantum-pump-l8/runs/l8-allobs-20260728T230945/static/static_0311_U_p7d000000_t_p1d200000.npz,1.2,0.002037107124750359,1,2000
2.0,3.0,0.23093062014743282,8,2.0000000000000004,0.5752808658507909,7.25,0.005,/public/home/student090/quantum-pump-l8/runs/l8-allobs-20260728T230945/chern10/pair_0312_U_p7d250000_t_p1d200000_N10.npz,20,0.5756930750513909,40,0.9,0.03854376174397592,936,7.327471962526033e-15,312,2.0,/public/home/student090/quantum-pump-l8/runs/l8-allobs-20260728T230945/static/static_0312_U_p7d250000_t_p1d200000.npz,1.2,0.0004122092006000333,1,80
2.0,3.0,0.23093062014743282,8,2.0000000000000004,0.48481727310302064,7.25,0.005,/public/home/student090/quantum-pump-l8/runs/l8-allobs-20260728T230945/chern10/pair_0312_U_p7d250000_t_p1d200000_N10.npz,20,0.4865612677385777,200,0.9,0.19352499977288812,937,4.18554080283684e-14,312,10.0,/public/home/student090/quantum-pump-l8/runs/l8-allobs-20260728T230945/static/static_0312_U_p7d250000_t_p1d200000.npz,1.2,0.001743994635557078,1,400
2.0,3.0,0.23093062014743282,8,2.0000000000000004,-0.17108629460574182,7.25,0.005,/public/home/student090/quantum-pump-l8/runs/l8-allobs-20260728T230945/chern10/pair_0312_U_p7d250000_t_p1d200000_N10.npz,20,-0.16921809701020984,1000,0.9,0.5902481154339828,938,2.1216362000586741e-13,312,50.0,/public/home/student090/quantum-pump-l8/runs/l8-allobs-20260728T230945/static/static_0312_U_p7d250000_t_p1d200000.npz,1.2,0.001868197595531973,1,2000
2.0,3.0,0.08290250098015317,8,1.9999999999999996,0.5423389908733268,7.5,0.005,/public/home/student090/quantum-pump-l8/runs/l8-allobs-20260728T230945/chern10/pair_0313_U_p7d500000_t_p1d200000_N10.npz,20,0.5425846573115468,40,0.9,0.04035808551344111,939,4.6629367034256575e-15,313,2.0,/public/home/student090/quantum-pump-l8/runs/l8-allobs-20260728T230945/static/static_0313_U_p7d500000_t_p1d200000.npz,1.2,0.00024566643821999357,1,80
2.0,3.0,0.08290250098015317,8,1.9999999999999996,0.2819625462221688,7.5,0.005,/public/home/student090/quantum-pump-l8/runs/l8-allobs-20260728T230945/chern10/pair_0313_U_p7d500000_t_p1d200000_N10.npz,20,0.283638985167807,200,0.9,0.004753191014180493,940,2.4868995751603507e-14,313,10.0,/public/home/student090/quantum-pump-l8/runs/l8-allobs-20260728T230945/static/static_0313_U_p7d500000_t_p1d200000.npz,1.2,0.0016764389456381812,1,400
2.0,3.0,0.08290250098015317,8,1.9999999999999996,-0.10336157675674802,7.5,0.005,/public/home/student090/quantum-pump-l8/runs/l8-allobs-20260728T230945/chern10/pair_0313_U_p7d500000_t_p1d200000_N10.npz,20,-0.10168053899461177,1000,0.9,0.6655981874873172,941,1.1879386363489175e-13,313,50.0,/public/home/student090/quantum-pump-l8/runs/l8-allobs-20260728T230945/static/static_0313_U_p7d500000_t_p1d200000.npz,1.2,0.0016810377621362532,1,2000
3.533949646070574e-17,3.0,0.05213480331726483,8,0.0,0.5102368807510259,7.75,0.005,/public/home/student090/quantum-pump-l8/runs/l8-allobs-20260728T230945/chern10/pair_0314_U_p7d750000_t_p1d200000_N10.npz,20,0.5103269173437555,40,0.9,0.04150467111485359,942,4.773959005888173e-15,314,2.0,/public/home/student090/quantum-pump-l8/runs/l8-allobs-20260728T230945/static/static_0314_U_p7d750000_t_p1d200000.npz,1.2,9.003659272954767e-05,1,80
3.533949646070574e-17,3.0,0.05213480331726483,8,0.0,0.21226430827864273,7.75,0.005,/public/home/student090/quantum-pump-l8/runs/l8-allobs-20260728T230945/chern10/pair_0314_U_p7d750000_t_p1d200000_N10.npz,20,0.21397324919958402,200,0.9,0.12789545748807093,943,2.5757174171303632e-14,314,10.0,/public/home/student090/quantum-pump-l8/runs/l8-allobs-20260728T230945/static/static_0314_U_p7d750000_t_p1d200000.npz,1.2,0.0017089409209412876,1,400
3.533949646070574e-17,3.0,0.05213480331726483,8,0.0,0.009917162788351341,7.75,0.005,/public/home/student090/quantum-pump-l8/runs/l8-allobs-20260728T230945/chern10/pair_0314_U_p7d750000_t_p1d200000_N10.npz,20,0.011484508359498716,1000,0.9,0.8973330990853012,944,9.270362255620057e-14,314,50.0,/public/home/student090/quantum-pump-l8/runs/l8-allobs-20260728T230945/static/static_0314_U_p7d750000_t_p1d200000.npz,1.2,0.0015673455711473754,1,2000
1.4135798584282297e-16,3.0,0.17168808539386138,8,0.0,0.47879125167206704,8.0,0.005,/public/home/student090/quantum-pump-l8/runs/l8-allobs-20260728T230945/chern10/pair_0315_U_p8d000000_t_p1d200000_N10.npz,20,0.4787404413234138,40,0.9,0.041573762551327345,945,2.220446049250313e-15,315,2.0,/public/home/student090/quantum-pump-l8/runs/l8-allobs-20260728T230945/static/static_0315_U_p8d000000_t_p1d200000.npz,1.2,5.081034865322964e-05,1,80
1.4135798584282297e-16,3.0,0.17168808539386138,8,0.0,0.2635777404503107,8.0,0.005,/public/home/student090/quantum-pump-l8/runs/l8-allobs-20260728T230945/chern10/pair_0315_U_p8d000000_t_p1d200000_N10.npz,20,0.2652654209603415,200,0.9,0.5058773244653062,946,5.551115123125783e-15,315,10.0,/public/home/student090/quantum-pump-l8/runs/l8-allobs-20260728T230945/static/static_0315_U_p8d000000_t_p1d200000.npz,1.2,0.00168768051003082,1,400
1.4135798584282297e-16,3.0,0.17168808539386138,8,0.0,-0.11268209811380814,8.0,0.005,/public/home/student090/quantum-pump-l8/runs/l8-allobs-20260728T230945/chern10/pair_0315_U_p8d000000_t_p1d200000_N10.npz,20,-0.11110108568364745,1000,0.9,0.9647375934294083,947,1.2656542480726785e-14,315,50.0,/public/home/student090/quantum-pump-l8/runs/l8-allobs-20260728T230945/static/static_0315_U_p8d000000_t_p1d200000.npz,1.2,0.0015810124301606915,1,2000
0.0,3.0,0.2737627935596576,8,5.551115123125783e-17,0.4478629242800734,8.25,0.005,/public/home/student090/quantum-pump-l8/runs/l8-allobs-20260728T230945/chern10/pair_0316_U_p8d250000_t_p1d200000_N10.npz,20,0.44768921488155755,40,0.9,0.04027818743198996,948,3.9968028886505635e-15,316,2.0,/public/home/student090/quantum-pump-l8/runs/l8-allobs-20260728T230945/static/static_0316_U_p8d250000_t_p1d200000.npz,1.2,0.00017370939851585332,1,80
0.0,3.0,0.2737627935596576,8,5.551115123125783e-17,0.29051788980560983,8.25,0.005,/public/home/student090/quantum-pump-l8/runs/l8-allobs-20260728T230945/chern10/pair_0316_U_p8d250000_t_p1d200000_N10.npz,20,0.29207034633320017,200,0.9,0.8233833280963473,949,2.1760371282653068e-14,316,10.0,/public/home/student090/quantum-pump-l8/runs/l8-allobs-20260728T230945/static/static_0316_U_p8d250000_t_p1d200000.npz,1.2,0.0015524565275903401,1,400
0.0,3.0,0.2737627935596576,8,5.551115123125783e-17,0.12067650487285932,8.25,0.005,/public/home/student090/quantum-pump-l8/runs/l8-allobs-20260728T230945/chern10/pair_0316_U_p8d250000_t_p1d200000_N10.npz,20,0.1223103070586712,1000,0.9,0.6452158615623822,950,1.1479706074624119e-13,316,50.0,/public/home/student090/quantum-pump-l8/runs/l8-allobs-20260728T230945/static/static_0316_U_p8d250000_t_p1d200000.npz,1.2,0.0016338021858118834,1,2000
-2.297067269945873e-16,3.0,0.35737157369420647,8,0.0,0.41734860643518307,8.5,0.005,/public/home/student090/quantum-pump-l8/runs/l8-allobs-20260728T230945/chern10/pair_0317_U_p8d500000_t_p1d200000_N10.npz,20,0.417072163484981,40,0.9,0.03771063395717456,951,1.9984014443252818e-15,317,2.0,/public/home/student090/quantum-pump-l8/runs/l8-allobs-20260728T230945/static/static_0317_U_p8d500000_t_p1d200000.npz,1.2,0.00027644295020207155,1,80
-2.297067269945873e-16,3.0,0.35737157369420647,8,0.0,0.21156313354303385,8.5,0.005,/public/home/student090/quantum-pump-l8/runs/l8-allobs-20260728T230945/chern10/pair_0317_U_p8d500000_t_p1d200000_N10.npz,20,0.21295728132243325,200,0.9,0.857519577014597,952,8.770761894538737e-15,317,10.0,/public/home/student090/quantum-pump-l8/runs/l8-allobs-20260728T230945/static/static_0317_U_p8d500000_t_p1d200000.npz,1.2,0.0013941477793993906,1,400
-2.297067269945873e-16,3.0,0.35737157369420647,8,0.0,0.24709332269085407,8.5,0.005,/public/home/student090/quantum-pump-l8/runs/l8-allobs-20260728T230945/chern10/pair_0317_U_p8d500000_t_p1d200000_N10.npz,20,0.24874256067860626,1000,0.9,0.27470492100315685,953,4.218847493575595e-14,317,50.0,/public/home/student090/quantum-pump-l8/runs/l8-allobs-20260728T230945/static/static_0317_U_p8d500000_t_p1d200000.npz,1.2,0.0016492379877521834,1,2000
-3.533949646070574e-17,3.0,0.3898951262146273,8,0.0,0.3871761460189824,8.75,0.005,/public/home/student090/quantum-pump-l8/runs/l8-allobs-20260728T230945/chern10/pair_0318_U_p8d750000_t_p1d200000_N10.npz,20,0.38681834720450964,40,0.9,0.03449221675363425,954,1.2212453270876722e-15,318,2.0,/public/home/student090/quantum-pump-l8/runs/l8-allobs-20260728T230945/static/static_0318_U_p8d750000_t_p1d200000.npz,1.2,0.0003577988144727873,1,80
-3.533949646070574e-17,3.0,0.3898951262146273,8,0.0,0.08091784353382456,8.75,0.005,/public/home/student090/quantum-pump-l8/runs/l8-allobs-20260728T230945/chern10/pair_0318_U_p8d750000_t_p1d200000_N10.npz,20,0.0822150167657863,200,0.9,0.7093239092939057,955,2.4424906541753444e-15,318,10.0,/public/home/student090/quantum-pump-l8/runs/l8-allobs-20260728T230945/static/static_0318_U_p8d750000_t_p1d200000.npz,1.2,0.0012971732319617402,1,400
-3.533949646070574e-17,3.0,0.3898951262146273,8,0.0,-0.03334549760972595,8.75,0.005,/public/home/student090/quantum-pump-l8/runs/l8-allobs-20260728T230945/chern10/pair_0318_U_p8d750000_t_p1d200000_N10.npz,20,-0.03165212372190795,1000,0.9,0.5426791668677373,956,4.218847493575595e-15,318,50.0,/public/home/student090/quantum-pump-l8/runs/l8-allobs-20260728T230945/static/static_0318_U_p8d750000_t_p1d200000.npz,1.2,0.0016933738878180046,1,2000
-1.501928599579994e-16,3.0,0.38503101826120467,8,0.0,0.35730408887804727,9.0,0.005,/public/home/student090/quantum-pump-l8/runs/l8-allobs-20260728T230945/chern10/pair_0319_U_p9d000000_t_p1d200000_N10.npz,20,0.35688661290210094,40,0.9,0.031734202600849706,957,5.551115123125783e-15,319,2.0,/public/home/student090/quantum-pump-l8/runs/l8-allobs-20260728T230945/static/static_0319_U_p9d000000_t_p1d200000.npz,1.2,0.00041747597594632424,1,80
-1.501928599579994e-16,3.0,0.38503101826120467,8,0.0,-0.013015314661485223,9.0,0.005,/public/home/student090/quantum-pump-l8/runs/l8-allobs-20260728T230945/chern10/pair_0319_U_p9d000000_t_p1d200000_N10.npz,20,-0.011770206183847314,200,0.9,0.6316010611754544,958,2.3314683517128287e-14,319,10.0,/public/home/student090/quantum-pump-l8/runs/l8-allobs-20260728T230945/static/static_0319_U_p9d000000_t_p1d200000.npz,1.2,0.0012451084776379084,1,400
-1.501928599579994e-16,3.0,0.38503101826120467,8,0.0,-0.22238852890449212,9.0,0.005,/public/home/student090/quantum-pump-l8/runs/l8-allobs-20260728T230945/chern10/pair_0319_U_p9d000000_t_p1d200000_N10.npz,20,-0.22059642637601243,1000,0.9,0.9805577057895655,959,1.1590728377086634e-13,319,50.0,/public/home/student090/quantum-pump-l8/runs/l8-allobs-20260728T230945/static/static_0319_U_p9d000000_t_p1d200000.npz,1.2,0.0017921025284796943,1,2000
1.236882376124701e-16,3.0,0.3790597389282322,8,0.0,0.3277258829136216,9.25,0.005,/public/home/student090/quantum-pump-l8/runs/l8-allobs-20260728T230945/chern10/pair_0320_U_p9d250000_t_p1d200000_N10.npz,20,0.32726998275332314,40,0.9,0.03081608766214595,960,7.105427357601002e-15,320,2.0,/public/home/student090/quantum-pump-l8/runs/l8-allobs-20260728T230945/static/static_0320_U_p9d250000_t_p1d200000.npz,1.2,0.00045590016029845026,1,80
1.236882376124701e-16,3.0,0.3790597389282322,8,0.0,-0.03649717168977682,9.25,0.005,/public/home/student090/quantum-pump-l8/runs/l8-allobs-20260728T230945/chern10/pair_0320_U_p9d250000_t_p1d200000_N10.npz,20,-0.03527899337972185,200,0.9,0.7251250837015577,961,2.7977620220553945e-14,320,10.0,/public/home/student090/quantum-pump-l8/runs/l8-allobs-20260728T230945/static/static_0320_U_p9d250000_t_p1d200000.npz,1.2,0.0012181783100549681,1,400
1.236882376124701e-16,3.0,0.3790597389282322,8,0.0,-0.11810797656444157,9.25,0.005,/public/home/student090/quantum-pump-l8/runs/l8-allobs-20260728T230945/chern10/pair_0320_U_p9d250000_t_p1d200000_N10.npz,20,-0.11627801443241119,1000,0.9,0.6972285144779623,962,1.3344880755994382e-13,320,50.0,/public/home/student090/quantum-pump-l8/runs/l8-allobs-20260728T230945/static/static_0320_U_p9d250000_t_p1d200000.npz,1.2,0.0018299621320303772,1,2000
9.718361526694079e-17,3.0,0.372257898327093,8,0.0,0.2984778253845375,9.5,0.005,/public/home/student090/quantum-pump-l8/runs/l8-allobs-20260728T230945/chern10/pair_0321_U_p9d500000_t_p1d200000_N10.npz,20,0.298003807361909,40,0.9,0.03306219569149765,963,6.439293542825908e-15,321,2.0,/public/home/student090/quantum-pump-l8/runs/l8-allobs-20260728T230945/static/static_0321_U_p9d500000_t_p1d200000.npz,1.2,0.00047401802262847514,1,80
9.718361526694079e-17,3.0,0.372257898327093,8,0.0,-0.017782425476034553,9.5,0.005,/public/home/student090/quantum-pump-l8/runs/l8-allobs-20260728T230945/chern10/pair_0321_U_p9d500000_t_p1d200000_N10.npz,20,-0.01657093555271431,200,0.9,0.8834148410420951,964,3.352873534367973e-14,321,10.0,/public/home/student090/quantum-pump-l8/runs/l8-allobs-20260728T230945/static/static_0321_U_p9d500000_t_p1d200000.npz,1.2,0.0012114899233202428,1,400
9.718361526694079e-17,3.0,0.372257898327093,8,0.0,0.011941870271056575,9.5,0.005,/public/home/student090/quantum-pump-l8/runs/l8-allobs-20260728T230945/chern10/pair_0321_U_p9d500000_t_p1d200000_N10.npz,20,0.013739650061769915,1000,0.9,0.09456764748201778,965,1.538769112130467e-13,321,50.0,/public/home/student090/quantum-pump-l8/runs/l8-allobs-20260728T230945/static/static_0321_U_p9d500000_t_p1d200000.npz,1.2,0.0017977797907133396,1,2000
-5.300924469105861e-17,3.0,0.3648650379247984,8,0.0,0.26964825594198927,9.75,0.005,/public/home/student090/quantum-pump-l8/runs/l8-allobs-20260728T230945/chern10/pair_0322_U_p9d750000_t_p1d200000_N10.npz,20,0.26917513136832466,40,0.9,0.039437139603018596,966,3.774758283725532e-15,322,2.0,/public/home/student090/quantum-pump-l8/runs/l8-allobs-20260728T230945/static/static_0322_U_p9d750000_t_p1d200000.npz,1.2,0.00047312457366460725,1,80
-5.300924469105861e-17,3.0,0.3648650379247984,8,0.0,-0.0027522353172916426,9.75,0.005,/public/home/student090/quantum-pump-l8/runs/l8-allobs-20260728T230945/chern10/pair_0322_U_p9d750000_t_p1d200000_N10.npz,20,-0.0015604837287935508,200,0.9,0.9718508945051124,967,1.5987211554602254e-14,322,10.0,/public/home/student090/quantum-pump-l8/runs/l8-allobs-20260728T230945/static/static_0322_U_p9d750000_t_p1d200000.npz,1.2,0.0011917515884980918,1,400
-5.300924469105861e-17,3.0,0.3648650379247984,8,0.0,-0.0034066528337011433,9.75,0.005,/public/home/student090/quantum-pump-l8/runs/l8-allobs-20260728T230945/chern10/pair_0322_U_p9d750000_t_p1d200000_N10.npz,20,-0.0016295508929616129,1000,0.9,0.11709521491157134,968,7.37188088351104e-14,322,50.0,/public/home/student090/quantum-pump-l8/runs/l8-allobs-20260728T230945/static/static_0322_U_p9d750000_t_p1d200000.npz,1.2,0.0017771019407395304,1,2000
-4.8591807633470396e-17,3.0,0.3570821139310385,8,0.0,0.24138431693101708,10.0,0.005,/public/home/student090/quantum-pump-l8/runs/l8-allobs-20260728T230945/chern10/pair_0323_U_p10d000000_t_p1d200000_N10.npz,20,0.24092956376856625,40,0.9,0.05036321835216169,969,8.548717289613705e-15,323,2.0,/public/home/student090/quantum-pump-l8/runs/l8-allobs-20260728T230945/static/static_0323_U_p10d000000_t_p1d200000.npz,1.2,0.00045475316245083275,1,80
-4.8591807633470396e-17,3.0,0.3570821139310385,8,0.0,-0.006123303499374073,10.0,0.005,/public/home/student090/quantum-pump-l8/runs/l8-allobs-20260728T230945/chern10/pair_0323_U_p10d000000_t_p1d200000_N10.npz,20,-0.004976674498851949,200,0.9,0.9659107896744165,970,4.285460875053104e-14,323,10.0,/public/home/student090/quantum-pump-l8/runs/l8-allobs-20260728T230945/static/static_0323_U_p10d000000_t_p1d200000.npz,1.2,0.0011466290005221246,1,400
-4.8591807633470396e-17,3.0,0.3570821139310385,8,0.0,-0.07301332417878069,10.0,0.005,/public/home/student090/quantum-pump-l8/runs/l8-allobs-20260728T230945/chern10/pair_0323_U_p10d000000_t_p1d200000_N10.npz,20,-0.0712200907225691,1000,0.9,0.6957877345658042,971,2.2148949341271873e-13,323,50.0,/public/home/student090/quantum-pump-l8/runs/l8-allobs-20260728T230945/static/static_0323_U_p10d000000_t_p1d200000.npz,1.2,0.0017932334562115876,1,2000
-9.718361526694079e-17,3.0,0.2945727261740365,8,0.0,0.06534707364769243,12.0,0.005,/public/home/student090/quantum-pump-l8/runs/l8-allobs-20260728T230945/chern10/pair_0324_U_p12d000000_t_p1d200000_N10.npz,20,0.06541738990854443,40,0.9,0.23706879239379552,972,8.326672684688674e-15,324,2.0,/public/home/student090/quantum-pump-l8/runs/l8-allobs-20260728T230945/static/static_0324_U_p12d000000_t_p1d200000.npz,1.2,7.03162608519936e-05,1,80
-9.718361526694079e-17,3.0,0.2945727261740365,8,0.0,0.001503826294964024,12.0,0.005,/public/home/student090/quantum-pump-l8/runs/l8-allobs-20260728T230945/chern10/pair_0324_U_p12d000000_t_p1d200000_N10.npz,20,0.002427696196434818,200,0.9,0.4598234112467915,973,3.597122599785507e-14,324,10.0,/public/home/student090/quantum-pump-l8/runs/l8-allobs-20260728T230945/static/static_0324_U_p12d000000_t_p1d200000.npz,1.2,0.0009238699014707942,1,400
-9.718361526694079e-17,3.0,0.2945727261740365,8,0.0,-0.012304010924966724,12.0,0.005,/public/home/student090/quantum-pump-l8/runs/l8-allobs-20260728T230945/chern10/pair_0324_U_p12d000000_t_p1d200000_N10.npz,20,-0.01072052889234894,1000,0.9,0.5795565599447351,974,1.574296248918472e-13,324,50.0,/public/home/student090/quantum-pump-l8/runs/l8-allobs-20260728T230945/static/static_0324_U_p12d000000_t_p1d200000.npz,1.2,0.0015834820326177841,1,2000
1.8221927862551398e-17,3.0,0.4497402955443608,8,0.0,0.0014835961752747914,16.0,0.005,/public/home/student090/quantum-pump-l8/runs/l8-allobs-20260728T230945/chern10/pair_0325_U_p16d000000_t_p1d200000_N10.npz,10,0.0019437419155129234,40,0.9,0.5259465289498,975,8.659739592076221e-15,325,2.0,/public/home/student090/quantum-pump-l8/runs/l8-allobs-20260728T230945/static/static_0325_U_p16d000000_t_p1d200000.npz,1.2,0.000460145740238132,1,80
1.8221927862551398e-17,3.0,0.4497402955443608,8,0.0,6.622441865768626e-05,16.0,0.005,/public/home/student090/quantum-pump-l8/runs/l8-allobs-20260728T230945/chern10/pair_0325_U_p16d000000_t_p1d200000_N10.npz,10,0.0006926777380018627,200,0.9,0.10634815631855825,976,4.6851411639181606e-14,325,10.0,/public/home/student090/quantum-pump-l8/runs/l8-allobs-20260728T230945/static/static_0325_U_p16d000000_t_p1d200000.npz,1.2,0.0006264533193441764,1,400
1.8221927862551398e-17,3.0,0.4497402955443608,8,0.0,-0.0010931680617459968,16.0,0.005,/public/home/student090/quantum-pump-l8/runs/l8-allobs-20260728T230945/chern10/pair_0325_U_p16d000000_t_p1d200000_N10.npz,10,8.04200600852172e-05,1000,0.9,0.9299190660517899,977,1.7430501486614958e-13,325,50.0,/public/home/student090/quantum-pump-l8/runs/l8-allobs-20260728T230945/static/static_0325_U_p16d000000_t_p1d200000.npz,1.2,0.001173588121831214,1,2000
-1.892595689360452e-16,3.0,0.13188551461144837,8,0.0,0.00011206981129293237,24.0,0.005,/public/home/student090/quantum-pump-l8/runs/l8-allobs-20260728T230945/chern10/pair_0326_U_p24d000000_t_p1d200000_N10.npz,20,0.0004102309354919304,40,0.9,0.7570628451152601,978,1.3322676295501878e-15,326,2.0,/public/home/student090/quantum-pump-l8/runs/l8-allobs-20260728T230945/static/static_0326_U_p24d000000_t_p1d200000.npz,1.2,0.000298161124198998,1,80
-1.892595689360452e-16,3.0,0.13188551461144837,8,0.0,0.0001124836959012858,24.0,0.005,/public/home/student090/quantum-pump-l8/runs/l8-allobs-20260728T230945/chern10/pair_0326_U_p24d000000_t_p1d200000_N10.npz,20,0.0004920616803306237,200,0.9,0.07120704677255082,979,9.325873406851315e-15,326,10.0,/public/home/student090/quantum-pump-l8/runs/l8-allobs-20260728T230945/static/static_0326_U_p24d000000_t_p1d200000.npz,1.2,0.0003795779844293379,1,400
-1.892595689360452e-16,3.0,0.13188551461144837,8,0.0,0.00018577665861889975,24.0,0.005,/public/home/student090/quantum-pump-l8/runs/l8-allobs-20260728T230945/chern10/pair_0326_U_p24d000000_t_p1d200000_N10.npz,20,0.0009247542783111415,1000,0.9,0.9783753077314099,980,3.907985046680551e-14,326,50.0,/public/home/student090/quantum-pump-l8/runs/l8-allobs-20260728T230945/static/static_0326_U_p24d000000_t_p1d200000.npz,1.2,0.0007389776196922417,1,2000
-7.668394642157047e-17,3.0,0.09681240540009228,8,0.0,6.815827229094429e-05,32.0,0.005,/public/home/student090/quantum-pump-l8/runs/l8-allobs-20260728T230945/chern10/pair_0327_U_p32d000000_t_p1d200000_N10.npz,20,0.00031239969397882464,40,0.9,0.8558566638163618,981,2.6645352591003757e-15,327,2.0,/public/home/student090/quantum-pump-l8/runs/l8-allobs-20260728T230945/static/static_0327_U_p32d000000_t_p1d200000.npz,1.2,0.00024424142168788033,1,80
-7.668394642157047e-17,3.0,0.09681240540009228,8,0.0,8.046948169758345e-05,32.0,0.005,/public/home/student090/quantum-pump-l8/runs/l8-allobs-20260728T230945/chern10/pair_0327_U_p32d000000_t_p1d200000_N10.npz,20,0.0003641542268436454,200,0.9,0.012419385378856385,982,7.66053886991358e-15,327,10.0,/public/home/student090/quantum-pump-l8/runs/l8-allobs-20260728T230945/static/static_0327_U_p32d000000_t_p1d200000.npz,1.2,0.00028368474514606196,1,400
-7.668394642157047e-17,3.0,0.09681240540009228,8,0.0,0.0001539152003084185,32.0,0.005,/public/home/student090/quantum-pump-l8/runs/l8-allobs-20260728T230945/chern10/pair_0327_U_p32d000000_t_p1d200000_N10.npz,20,0.0006966114215850229,1000,0.9,0.5587744274264204,983,2.8754776337791554e-14,327,50.0,/public/home/student090/quantum-pump-l8/runs/l8-allobs-20260728T230945/static/static_0327_U_p32d000000_t_p1d200000.npz,1.2,0.0005426962212766044,1,2000
2.0,3.0,0.5838072294487233,8,1.9999999999999993,0.001330974368792426,-32.0,0.005,/public/home/student090/quantum-pump-l8/runs/l8-allobs-20260728T230945/chern10/pair_0328_U_neg32d000000_t_p1d300000_N10.npz,20,0.0016087800970195833,40,0.9,0.8859717596917279,984,1.6653345369377348e-15,328,2.0,/public/home/student090/quantum-pump-l8/runs/l8-allobs-20260728T230945/static/static_0328_U_neg32d000000_t_p1d300000.npz,1.3,0.0002778057282271573,1,80
2.0,3.0,0.5838072294487233,8,1.9999999999999993,0.024238028327137316,-32.0,0.005,/public/home/student090/quantum-pump-l8/runs/l8-allobs-20260728T230945/chern10/pair_0328_U_neg32d000000_t_p1d300000_N10.npz,20,0.024561494536648736,200,0.9,0.22024234900779519,985,7.327471962526033e-15,328,10.0,/public/home/student090/quantum-pump-l8/runs/l8-allobs-20260728T230945/static/static_0328_U_neg32d000000_t_p1d300000.npz,1.3,0.00032346620951142005,1,400
2.0,3.0,0.5838072294487233,8,1.9999999999999993,0.2725610185746881,-32.0,0.005,/public/home/student090/quantum-pump-l8/runs/l8-allobs-20260728T230945/chern10/pair_0328_U_neg32d000000_t_p1d300000_N10.npz,20,0.27310884942605307,1000,0.9,0.17456522876641328,986,2.531308496145357e-14,328,50.0,/public/home/student090/quantum-pump-l8/runs/l8-allobs-20260728T230945/static/static_0328_U_neg32d000000_t_p1d300000.npz,1.3,0.0005478308513649499,1,2000
2.0,3.0,0.7677371851664105,8,2.0000000000000004,0.0042347547303580885,-24.0,0.005,/public/home/student090/quantum-pump-l8/runs/l8-allobs-20260728T230945/chern10/pair_0329_U_neg24d000000_t_p1d300000_N10.npz,20,0.004591886506003735,40,0.9,0.8068726913083639,987,3.552713678800501e-15,329,2.0,/public/home/student090/quantum-pump-l8/runs/l8-allobs-20260728T230945/static/static_0329_U_neg24d000000_t_p1d300000.npz,1.3,0.0003571317756456468,1,80
2.0,3.0,0.7677371851664105,8,2.0000000000000004,0.052049188807986105,-24.0,0.005,/public/home/student090/quantum-pump-l8/runs/l8-allobs-20260728T230945/chern10/pair_0329_U_neg24d000000_t_p1d300000_N10.npz,20,0.05249599423530632,200,0.9,0.16909943974352373,988,1.84297022087776e-14,329,10.0,/public/home/student090/quantum-pump-l8/runs/l8-allobs-20260728T230945/static/static_0329_U_neg24d000000_t_p1d300000.npz,1.3,0.00044680542732021544,1,400
2.0,3.0,0.7677371851664105,8,2.0000000000000004,0.5039247273956977,-24.0,0.005,/public/home/student090/quantum-pump-l8/runs/l8-allobs-20260728T230945/chern10/pair_0329_U_neg24d000000_t_p1d300000_N10.npz,20,0.5048086861005373,1000,0.9,0.06720645660586744,989,7.172040739078511e-14,329,50.0,/public/home/student090/quantum-pump-l8/runs/l8-allobs-20260728T230945/static/static_0329_U_neg24d000000_t_p1d300000.npz,1.3,0.0008839587048395936,1,2000
2.0,3.0,1.1100201613355978,8,2.0,0.023246367944134823,-16.0,0.005,/public/home/student090/quantum-pump-l8/runs/l8-allobs-20260728T230945/chern10/pair_0330_U_neg16d000000_t_p1d300000_N10.npz,20,0.023787939282032346,40,0.9,0.578357740711263,990,7.105427357601002e-15,330,2.0,/public/home/student090/quantum-pump-l8/runs/l8-allobs-20260728T230945/static/static_0330_U_neg16d000000_t_p1d300000.npz,1.3,0.0005415713378975236,1,80
2.0,3.0,1.1100201613355978,8,2.0,0.21908719204087557,-16.0,0.005,/public/home/student090/quantum-pump-l8/runs/l8-allobs-20260728T230945/chern10/pair_0330_U_neg16d000000_t_p1d300000_N10.npz,20,0.2198971254078028,200,0.9,0.2310439901058931,991,3.3306690738754696e-14,330,10.0,/public/home/student090/quantum-pump-l8/runs/l8-allobs-20260728T230945/static/static_0330_U_neg16d000000_t_p1d300000.npz,1.3,0.0008099333669272235,1,400
2.0,3.0,1.1100201613355978,8,2.0,1.0753451170704402,-16.0,0.005,/public/home/student090/quantum-pump-l8/runs/l8-allobs-20260728T230945/chern10/pair_0330_U_neg16d000000_t_p1d300000_N10.npz,20,1.0769858432136126,1000,0.9,0.11924275039397142,992,1.4410694859634532e-13,330,50.0,/public/home/student090/quantum-pump-l8/runs/l8-allobs-20260728T230945/static/static_0330_U_neg16d000000_t_p1d300000.npz,1.3,0.0016407261431723441,1,2000
2.0,3.0,1.4134094259066075,8,1.9999999999999993,0.07727864789584928,-12.0,0.005,/public/home/student090/quantum-pump-l8/runs/l8-allobs-20260728T230945/chern10/pair_0331_U_neg12d000000_t_p1d300000_N10.npz,20,0.07828596168445714,40,0.9,0.3490294478144973,993,5.995204332975845e-15,331,2.0,/public/home/student090/quantum-pump-l8/runs/l8-allobs-20260728T230945/static/static_0331_U_neg12d000000_t_p1d300000.npz,1.3,0.0010073137886078692,1,80
2.0,3.0,1.4134094259066075,8,1.9999999999999993,0.4126895843666559,-12.0,0.005,/public/home/student090/quantum-pump-l8/runs/l8-allobs-20260728T230945/chern10/pair_0331_U_neg12d000000_t_p1d300000_N10.npz,20,0.4139530343202569,200,0.9,0.08872269268719325,994,3.241851231905457e-14,331,10.0,/public/home/student090/quantum-pump-l8/runs/l8-allobs-20260728T230945/static/static_0331_U_neg12d000000_t_p1d300000.npz,1.3,0.001263449953600948,1,400
2.0,3.0,1.4134094259066075,8,1.9999999999999993,1.404996991761399,-12.0,0.005,/public/home/student090/quantum-pump-l8/runs/l8-allobs-20260728T230945/chern10/pair_0331_U_neg12d000000_t_p1d300000_N10.npz,20,1.4071556150660307,1000,0.9,0.2412241383942457,995,1.5343282200319663e-13,331,50.0,/public/home/student090/quantum-pump-l8/runs/l8-allobs-20260728T230945/static/static_0331_U_neg12d000000_t_p1d300000.npz,1.3,0.0021586233046317904,1,2000
2.0000000000000004,3.0,1.9038303230938212,8,2.0000000000000004,0.21881094464320172,-8.0,0.005,/public/home/student090/quantum-pump-l8/runs/l8-allobs-20260728T230945/chern10/pair_0332_U_neg8d000000_t_p1d300000_N10.npz,10,0.2202100542888727,40,0.9,0.05294564638534815,996,8.881784197001252e-16,332,2.0,/public/home/student090/quantum-pump-l8/runs/l8-allobs-20260728T230945/static/static_0332_U_neg8d000000_t_p1d300000.npz,1.3,0.0013991096456709706,1,80
2.0000000000000004,3.0,1.9038303230938212,8,2.0000000000000004,0.784795986879988,-8.0,0.005,/public/home/student090/quantum-pump-l8/runs/l8-allobs-20260728T230945/chern10/pair_0332_U_neg8d000000_t_p1d300000_N10.npz,10,0.7868858684761776,200,0.9,0.02273241735914504,997,2.220446049250313e-15,332,10.0,/public/home/student090/quantum-pump-l8/runs/l8-allobs-20260728T230945/static/static_0332_U_neg8d000000_t_p1d300000.npz,1.3,0.0020898815961896133,1,400
2.0000000000000004,3.0,1.9038303230938212,8,2.0000000000000004,1.8095715566799193,-8.0,0.005,/public/home/student090/quantum-pump-l8/runs/l8-allobs-20260728T230945/chern10/pair_0332_U_neg8d000000_t_p1d300000_N10.npz,10,1.812433633525822,1000,0.9,0.702475069725332,998,2.7755575615628914e-14,332,50.0,/public/home/student090/quantum-pump-l8/runs/l8-allobs-20260728T230945/static/static_0332_U_neg8d000000_t_p1d300000.npz,1.3,0.0028620768459026724,1,2000
2.0,3.0,2.263948347943277,8,2.0,0.47025256465548876,-6.0,0.005,/public/home/student090/quantum-pump-l8/runs/l8-allobs-20260728T230945/chern10/pair_0333_U_neg6d000000_t_p1d300000_N10.npz,10,0.47207938191714316,40,0.9,0.022268963985665257,999,6.994405055138486e-15,333,2.0,/public/home/student090/quantum-pump-l8/runs/l8-allobs-20260728T230945/static/static_0333_U_neg6d000000_t_p1d300000.npz,1.3,0.001826817261654401,1,80
2.0,3.0,2.263948347943277,8,2.0,1.234798385636163,-6.0,0.005,/public/home/student090/quantum-pump-l8/runs/l8-allobs-20260728T230945/chern10/pair_0333_U_neg6d000000_t_p1d300000_N10.npz,10,1.2375921977852529,200,0.9,0.17419756670304276,1000,3.47499806707674e-14,333,10.0,/public/home/student090/quantum-pump-l8/runs/l8-allobs-20260728T230945/static/static_0333_U_neg6d000000_t_p1d300000.npz,1.3,0.0027938121490898027,1,400
2.0,3.0,2.263948347943277,8,2.0,1.9137577707386264,-6.0,0.005,/public/home/student090/quantum-pump-l8/runs/l8-allobs-20260728T230945/chern10/pair_0333_U_neg6d000000_t_p1d300000_N10.npz,10,1.9169602496706093,1000,0.9,0.8398519185678951,1001,1.5765166949677223e-13,333,50.0,/public/home/student090/quantum-pump-l8/runs/l8-allobs-20260728T230945/static/static_0333_U_neg6d000000_t_p1d300000.npz,1.3,0.0032024789319828884,1,2000
2.0000000000000004,3.0,2.7259911989033263,8,2.0,0.866970176222957,-4.0,0.005,/public/home/student090/quantum-pump-l8/runs/l8-allobs-20260728T230945/chern10/pair_0334_U_neg4d000000_t_p1d300000_N10.npz,10,0.8696931682025177,40,0.9,0.02302993421636853,1002,1.3322676295501878e-15,334,2.0,/public/home/student090/quantum-pump-l8/runs/l8-allobs-20260728T230945/static/static_0334_U_neg4d000000_t_p1d300000.npz,1.3,0.0027229919795607183,1,80
2.0000000000000004,3.0,2.7259911989033263,8,2.0,1.528172168371249,-4.0,0.005,/public/home/student090/quantum-pump-l8/runs/l8-allobs-20260728T230945/chern10/pair_0334_U_neg4d000000_t_p1d300000_N10.npz,10,1.531322424026644,200,0.9,0.10904574675826291,1003,1.3100631690576847e-14,334,10.0,/public/home/student090/quantum-pump-l8/runs/l8-allobs-20260728T230945/static/static_0334_U_neg4d000000_t_p1d300000.npz,1.3,0.0031502556553950622,1,400
2.0000000000000004,3.0,2.7259911989033263,8,2.0,1.972124782787635,-4.0,0.005,/public/home/student090/quantum-pump-l8/runs/l8-allobs-20260728T230945/chern10/pair_0334_U_neg4d000000_t_p1d300000_N10.npz,10,1.9756133082362048,1000,0.9,0.9433467900607306,1004,5.861977570020827e-14,334,50.0,/public/home/student090/quantum-pump-l8/runs/l8-allobs-20260728T230945/static/static_0334_U_neg4d000000_t_p1d300000.npz,1.3,0.0034885254485699235,1,2000
2.0,3.0,3.252465818818454,8,2.0,0.9794567373648119,-2.0,0.005,/public/home/student090/quantum-pump-l8/runs/l8-allobs-20260728T230945/chern10/pair_0335_U_neg2d000000_t_p1d300000_N10.npz,10,0.982909806218615,40,0.9,0.06578657611526173,1005,6.217248937900877e-15,335,2.0,/public/home/student090/quantum-pump-l8/runs/l8-allobs-20260728T230945/static/static_0335_U_neg2d000000_t_p1d300000.npz,1.3,0.003453068853803143,1,80
2.0,3.0,3.252465818818454,8,2.0,1.847650210255582,-2.0,0.005,/public/home/student090/quantum-pump-l8/runs/l8-allobs-20260728T230945/chern10/pair_0335_U_neg2d000000_t_p1d300000_N10.npz,10,1.8516047249484044,200,0.9,0.742362387519163,1006,2.864375403532904e-14,335,10.0,/public/home/student090/quantum-pump-l8/runs/l8-allobs-20260728T230945/static/static_0335_U_neg2d000000_t_p1d300000.npz,1.3,0.003954514692822375,1,400
2.0,3.0,3.252465818818454,8,2.0,2.000090129252652,-2.0,0.005,/public/home/student090/quantum-pump-l8/runs/l8-allobs-20260728T230945/chern10/pair_0335_U_neg2d000000_t_p1d300000_N10.npz,10,2.003836227817508,1000,0.9,0.9641785246943482,1007,1.3389289676979388e-13,335,50.0,/public/home/student090/quantum-pump-l8/runs/l8-allobs-20260728T230945/static/static_0335_U_neg2d000000_t_p1d300000.npz,1.3,0.003746098564856304,1,2000
2.0,3.0,3.5999999999998664,8,1.9999999999999993,1.1782091583688965,0.0,0.005,/public/home/student090/quantum-pump-l8/runs/l8-allobs-20260728T230945/chern10/pair_0336_U_p0d000000_t_p1d300000_N10.npz,10,1.1794930751756185,80,0.9,0.31094116818974704,1008,1.3322676295501878e-15,336,2.0,/public/home/student090/quantum-pump-l8/runs/l8-allobs-20260728T230945/static/static_0336_U_p0d000000_t_p1d300000.npz,1.3,0.0012839168067220186,2,160
2.0,3.0,3.5999999999998664,8,1.9999999999999993,1.971436928206736,0.0,0.005,/public/home/student090/quantum-pump-l8/runs/l8-allobs-20260728T230945/chern10/pair_0336_U_p0d000000_t_p1d300000_N10.npz,10,1.9754510764238784,200,0.9,0.8645919994038024,1009,8.43769498715119e-15,336,10.0,/public/home/student090/quantum-pump-l8/runs/l8-allobs-20260728T230945/static/static_0336_U_p0d000000_t_p1d300000.npz,1.3,0.004014148217142299,1,400
2.0,3.0,3.5999999999998664,8,1.9999999999999993,2.01155643746907,0.0,0.005,/public/home/student090/quantum-pump-l8/runs/l8-allobs-20260728T230945/chern10/pair_0336_U_p0d000000_t_p1d300000_N10.npz,10,2.015501701718672,1000,0.9,0.9952199955444087,1010,3.652633751016765e-14,336,50.0,/public/home/student090/quantum-pump-l8/runs/l8-allobs-20260728T230945/static/static_0336_U_p0d000000_t_p1d300000.npz,1.3,0.003945264249602065,1,2000
2.0,3.0,3.2524658188185267,8,2.0,1.5701423468885751,2.0,0.005,/public/home/student090/quantum-pump-l8/runs/l8-allobs-20260728T230945/chern10/pair_0337_U_p2d000000_t_p1d300000_N10.npz,10,1.571496132528987,80,0.9,0.28784308357137905,1011,1.3100631690576847e-14,337,2.0,/public/home/student090/quantum-pump-l8/runs/l8-allobs-20260728T230945/static/static_0337_U_p2d000000_t_p1d300000.npz,1.3,0.0013537856404117754,2,160
2.0,3.0,3.2524658188185267,8,2.0,2.028803465231061,2.0,0.005,/public/home/student090/quantum-pump-l8/runs/l8-allobs-20260728T230945/chern10/pair_0337_U_p2d000000_t_p1d300000_N10.npz,10,2.032709054594775,200,0.9,0.9473398738389632,1012,2.2648549702353193e-14,337,10.0,/public/home/student090/quantum-pump-l8/runs/l8-allobs-20260728T230945/static/static_0337_U_p2d000000_t_p1d300000.npz,1.3,0.0039055893637138794,1,400
2.0,3.0,3.2524658188185267,8,2.0,2.0252805979935173,2.0,0.005,/public/home/student090/quantum-pump-l8/runs/l8-allobs-20260728T230945/chern10/pair_0337_U_p2d000000_t_p1d300000_N10.npz,10,2.029296633275347,1000,0.9,0.9981224005861403,1013,1.0014211682118912e-13,337,50.0,/public/home/student090/quantum-pump-l8/runs/l8-allobs-20260728T230945/static/static_0337_U_p2d000000_t_p1d300000.npz,1.3,0.0040160352818294776,1,2000
2.0,3.0,2.725991198903447,8,2.0000000000000004,1.3031228046448566,4.0,0.005,/public/home/student090/quantum-pump-l8/runs/l8-allobs-20260728T230945/chern10/pair_0338_U_p4d000000_t_p1d300000_N10.npz,10,1.3063960692055678,40,0.9,0.04418159911051208,1014,1.3322676295501878e-15,338,2.0,/public/home/student090/quantum-pump-l8/runs/l8-allobs-20260728T230945/static/static_0338_U_p4d000000_t_p1d300000.npz,1.3,0.0032732645607111976,1,80
2.0,3.0,2.725991198903447,8,2.0000000000000004,2.075267330607044,4.0,0.005,/public/home/student090/quantum-pump-l8/runs/l8-allobs-20260728T230945/chern10/pair_0338_U_p4d000000_t_p1d300000_N10.npz,10,2.079162588733487,200,0.9,0.9815446921993054,1015,7.771561172376096e-15,338,10.0,/public/home/student090/quantum-pump-l8/runs/l8-allobs-20260728T230945/static/static_0338_U_p4d000000_t_p1d300000.npz,1.3,0.0038952581264428687,1,400
2.0,3.0,2.725991198903447,8,2.0000000000000004,2.096923742493181,4.0,0.005,/public/home/student090/quantum-pump-l8/runs/l8-allobs-20260728T230945/chern10/pair_0338_U_p4d000000_t_p1d300000_N10.npz,10,2.100819161967709,1000,0.9,0.9997763293677224,1016,3.952393967665557e-14,338,50.0,/public/home/student090/quantum-pump-l8/runs/l8-allobs-20260728T230945/static/static_0338_U_p4d000000_t_p1d300000.npz,1.3,0.0038954194745279835,1,2000
2.0000000000000004,3.0,2.650376813140692,8,2.0000000000000004,1.2357505000299962,4.25,0.005,/public/home/student090/quantum-pump-l8/runs/l8-allobs-20260728T230945/chern10/pair_0339_U_p4d250000_t_p1d300000_N10.npz,10,1.2387369782335227,40,0.9,0.021642373564516374,1017,4.551914400963142e-15,339,2.0,/public/home/student090/quantum-pump-l8/runs/l8-allobs-20260728T230945/static/static_0339_U_p4d250000_t_p1d300000.npz,1.3,0.002986478203526488,1,80
2.0000000000000004,3.0,2.650376813140692,8,2.0000000000000004,2.084542183573121,4.25,0.005,/public/home/student090/quantum-pump-l8/runs/l8-allobs-20260728T230945/chern10/pair_0339_U_p4d250000_t_p1d300000_N10.npz,10,2.088420211834006,200,0.9,0.9696322827002343,1018,1.7319479184152442e-14,339,10.0,/public/home/student090/quantum-pump-l8/runs/l8-allobs-20260728T230945/static/static_0339_U_p4d250000_t_p1d300000.npz,1.3,0.0038780282608850136,1,400
2.0000000000000004,3.0,2.650376813140692,8,2.0000000000000004,2.1175727735919097,4.25,0.005,/public/home/student090/quantum-pump-l8/runs/l8-allobs-20260728T230945/chern10/pair_0339_U_p4d250000_t_p1d300000_N10.npz,10,2.1214373648605918,1000,0.9,0.9996178896173192,1019,7.360778653264788e-14,339,50.0,/public/home/student090/quantum-pump-l8/runs/l8-allobs-20260728T230945/static/static_0339_U_p4d250000_t_p1d300000.npz,1.3,0.003864591268682105,1,2000
2.0,3.0,2.504715657237224,8,2.0000000000000004,1.1678963512085963,4.5,0.005,/public/home/student090/quantum-pump-l8/runs/l8-allobs-20260728T230945/chern10/pair_0340_U_p4d500000_t_p1d300000_N10.npz,10,1.1706159173861344,40,0.9,0.007317917212469828,1020,8.659739592076221e-15,340,2.0,/public/home/student090/quantum-pump-l8/runs/l8-allobs-20260728T230945/static/static_0340_U_p4d500000_t_p1d300000.npz,1.3,0.002719566177538102,1,80
2.0,3.0,2.504715657237224,8,2.0000000000000004,2.0812743552187674,4.5,0.005,/public/home/student090/quantum-pump-l8/runs/l8-allobs-20260728T230945/chern10/pair_0340_U_p4d500000_t_p1d300000_N10.npz,10,2.0851033892157336,200,0.9,0.9311650663649607,1021,3.11972669919669e-14,340,10.0,/public/home/student090/quantum-pump-l8/runs/l8-allobs-20260728T230945/static/static_0340_U_p4d500000_t_p1d300000.npz,1.3,0.0038290339969662135,1,400
2.0,3.0,2.504715657237224,8,2.0000000000000004,2.142727570170496,4.5,0.005,/public/home/student090/quantum-pump-l8/runs/l8-allobs-20260728T230945/chern10/pair_0340_U_p4d500000_t_p1d300000_N10.npz,10,2.1465579382394484,1000,0.9,0.9996289677751643,1022,1.5920598173124745e-13,340,50.0,/public/home/student090/quantum-pump-l8/runs/l8-allobs-20260728T230945/static/static_0340_U_p4d500000_t_p1d300000.npz,1.3,0.0038303680689524278,1,2000
2.0000000000000004,3.0,2.367637392478791,8,2.0000000000000004,1.10133922992198,4.75,0.005,/public/home/student090/quantum-pump-l8/runs/l8-allobs-20260728T230945/chern10/pair_0341_U_p4d750000_t_p1d300000_N10.npz,10,1.103813626184101,40,0.9,0.0009051358484131277,1023,7.105427357601002e-15,341,2.0,/public/home/student090/quantum-pump-l8/runs/l8-allobs-20260728T230945/static/static_0341_U_p4d750000_t_p1d300000.npz,1.3,0.0024743962621209814,1,80
2.0000000000000004,3.0,2.367637392478791,8,2.0000000000000004,2.050136532121049,4.75,0.005,/public/home/student090/quantum-pump-l8/runs/l8-allobs-20260728T230945/chern10/pair_0341_U_p4d750000_t_p1d300000_N10.npz,10,2.0538727830106023,200,0.9,0.8507341051583093,1024,3.574918139293004e-14,341,10.0,/public/home/student090/quantum-pump-l8/runs/l8-allobs-20260728T230945/static/static_0341_U_p4d750000_t_p1d300000.npz,1.3,0.0037362508895530944,1,400
2.0000000000000004,3.0,2.367637392478791,8,2.0000000000000004,2.17430504588714,4.75,0.005,/public/home/student090/quantum-pump-l8/runs/l8-allobs-20260728T230945/chern10/pair_0341_U_p4d750000_t_p1d300000_N10.npz,10,2.1780979903027142,1000,0.9,0.9996062873505493,1025,1.7053025658242404e-13,341,50.0,/public/home/student090/quantum-pump-l8/runs/l8-allobs-20260728T230945/static/static_0341_U_p4d750000_t_p1d300000.npz,1.3,0.0037929444155744285,1,2000
1.9999999999999998,3.0,2.240403006725421,8,2.0000000000000004,1.0374469577588679,5.0,0.005,/public/home/student090/quantum-pump-l8/runs/l8-allobs-20260728T230945/chern10/pair_0342_U_p5d000000_t_p1d300000_N10.npz,10,1.0396968413195256,40,0.9,0.0011535076084718233,1026,7.993605777301127e-15,342,2.0,/public/home/student090/quantum-pump-l8/runs/l8-allobs-20260728T230945/static/static_0342_U_p5d000000_t_p1d300000.npz,1.3,0.002249883560657695,1,80
1.9999999999999998,3.0,2.240403006725421,8,2.0000000000000004,1.9698029520218836,5.0,0.005,/public/home/student090/quantum-pump-l8/runs/l8-allobs-20260728T230945/chern10/pair_0342_U_p5d000000_t_p1d300000_N10.npz,10,1.9733929689498566,200,0.9,0.7163691177485089,1027,3.83026943495679e-14,342,10.0,/public/home/student090/quantum-pump-l8/runs/l8-allobs-20260728T230945/static/static_0342_U_p5d000000_t_p1d300000.npz,1.3,0.0035900169279730054,1,400
1.9999999999999998,3.0,2.240403006725421,8,2.0000000000000004,2.2135753643697713,5.0,0.005,/public/home/student090/quantum-pump-l8/runs/l8-allobs-20260728T230945/chern10/pair_0342_U_p5d000000_t_p1d300000_N10.npz,10,2.217325083255889,1000,0.9,0.9995927692710093,1028,1.7641443861293737e-13,342,50.0,/public/home/student090/quantum-pump-l8/runs/l8-allobs-20260728T230945/static/static_0342_U_p5d000000_t_p1d300000.npz,1.3,0.0037497188861177477,1,2000
2.0,3.0,2.116753378887015,8,2.0,0.9771307865548919,5.25,0.005,/public/home/student090/quantum-pump-l8/runs/l8-allobs-20260728T230945/chern10/pair_0343_U_p5d250000_t_p1d300000_N10.npz,10,0.9791732506577446,40,0.9,0.00629888901238861,1029,7.882583474838611e-15,343,2.0,/public/home/student090/quantum-pump-l8/runs/l8-allobs-20260728T230945/static/static_0343_U_p5d250000_t_p1d300000.npz,1.3,0.0020424641028526924,1,80
2.0,3.0,2.116753378887015,8,2.0,1.819408754048068,5.25,0.005,/public/home/student090/quantum-pump-l8/runs/l8-allobs-20260728T230945/chern10/pair_0343_U_p5d250000_t_p1d300000_N10.npz,10,1.8227993601874537,200,0.9,0.5291089265443958,1030,4.196643033083092e-14,343,10.0,/public/home/student090/quantum-pump-l8/runs/l8-allobs-20260728T230945/static/static_0343_U_p5d250000_t_p1d300000.npz,1.3,0.003390606139385799,1,400
2.0,3.0,2.116753378887015,8,2.0,2.2624013779217917,5.25,0.005,/public/home/student090/quantum-pump-l8/runs/l8-allobs-20260728T230945/chern10/pair_0343_U_p5d250000_t_p1d300000_N10.npz,10,2.2661047212885825,1000,0.9,0.9994710577742325,1031,2.035038804137912e-13,343,50.0,/public/home/student090/quantum-pump-l8/runs/l8-allobs-20260728T230945/static/static_0343_U_p5d250000_t_p1d300000.npz,1.3,0.00370334336679079,1,2000
2.0000000000000004,3.0,1.9897735903046758,8,2.0,0.920855722097075,5.5,0.005,/public/home/student090/quantum-pump-l8/runs/l8-allobs-20260728T230945/chern10/pair_0344_U_p5d500000_t_p1d300000_N10.npz,10,0.9227027163267514,40,0.9,0.014471398037511097,1032,7.549516567451064e-15,344,2.0,/public/home/student090/quantum-pump-l8/runs/l8-allobs-20260728T230945/static/static_0344_U_p5d500000_t_p1d300000.npz,1.3,0.0018469942296763797,1,80
2.0000000000000004,3.0,1.9897735903046758,8,2.0,1.5992676451293042,5.5,0.005,/public/home/student090/quantum-pump-l8/runs/l8-allobs-20260728T230945/chern10/pair_0344_U_p5d500000_t_p1d300000_N10.npz,10,1.602429044883082,200,0.9,0.31815515001573097,1033,3.352873534367973e-14,344,10.0,/public/home/student090/quantum-pump-l8/runs/l8-allobs-20260728T230945/static/static_0344_U_p5d500000_t_p1d300000.npz,1.3,0.003161399753777827,1,400
2.0000000000000004,3.0,1.9897735903046758,8,2.0,2.320139365278893,5.5,0.005,/public/home/student090/quantum-pump-l8/runs/l8-allobs-20260728T230945/chern10/pair_0344_U_p5d500000_t_p1d300000_N10.npz,10,2.3237919718992655,1000,0.9,0.9964782270992697,1034,1.6009416015094757e-13,344,50.0,/public/home/student090/quantum-pump-l8/runs/l8-allobs-20260728T230945/static/static_0344_U_p5d500000_t_p1d300000.npz,1.3,0.0036526066203723673,1,2000
2.0,3.0,1.8696475136691362,8,1.9999999999999996,0.8687021526812765,5.75,0.005,/public/home/student090/quantum-pump-l8/runs/l8-allobs-20260728T230945/chern10/pair_0345_U_p5d750000_t_p1d300000_N10.npz,10,0.8703599965843433,40,0.9,0.02397816562730482,1035,1.2212453270876722e-15,345,2.0,/public/home/student090/quantum-pump-l8/runs/l8-allobs-20260728T230945/static/static_0345_U_p5d750000_t_p1d300000.npz,1.3,0.0016578439030667802,1,80
2.0,3.0,1.8696475136691362,8,1.9999999999999996,1.3487555139916572,5.75,0.005,/public/home/student090/quantum-pump-l8/runs/l8-allobs-20260728T230945/chern10/pair_0345_U_p5d750000_t_p1d300000_N10.npz,10,1.3516832220848474,200,0.9,0.1465564874024532,1036,1.7763568394002505e-15,345,10.0,/public/home/student090/quantum-pump-l8/runs/l8-allobs-20260728T230945/static/static_0345_U_p5d750000_t_p1d300000.npz,1.3,0.0029277080931902066,1,400
2.0,3.0,1.8696475136691362,8,1.9999999999999996,2.3980362590349573,5.75,0.005,/public/home/student090/quantum-pump-l8/runs/l8-allobs-20260728T230945/chern10/pair_0345_U_p5d750000_t_p1d300000_N10.npz,10,2.4016210837358862,1000,0.9,0.9867852945104757,1037,5.218048215738236e-15,345,50.0,/public/home/student090/quantum-pump-l8/runs/l8-allobs-20260728T230945/static/static_0345_U_p5d750000_t_p1d300000.npz,1.3,0.0035848247009289125,1,2000
2.0000000000000004,3.0,1.8464951488788746,8,2.0000000000000004,0.8587515532226648,5.8,0.005,/public/home/student090/quantum-pump-l8/runs/l8-allobs-20260728T230945/chern10/pair_0346_U_p5d800000_t_p1d300000_N10.npz,10,0.8603718585909098,40,0.9,0.025912899677156494,1038,7.216449660063518e-15,346,2.0,/public/home/student090/quantum-pump-l8/runs/l8-allobs-20260728T230945/static/static_0346_U_p5d800000_t_p1d300000.npz,1.3,0.0016203053682449786,1,80
2.0000000000000004,3.0,1.8464951488788746,8,2.0000000000000004,1.300664778032946,5.8,0.005,/public/home/student090/quantum-pump-l8/runs/l8-allobs-20260728T230945/chern10/pair_0346_U_p5d800000_t_p1d300000_N10.npz,10,1.3035455252379355,200,0.9,0.12391305290024351,1039,3.708144902248023e-14,346,10.0,/public/home/student090/quantum-pump-l8/runs/l8-allobs-20260728T230945/static/static_0346_U_p5d800000_t_p1d300000.npz,1.3,0.002880747204989653,1,400
2.0000000000000004,3.0,1.8464951488788746,8,2.0000000000000004,2.4157994997057415,5.8,0.005,/public/home/student090/quantum-pump-l8/runs/l8-allobs-20260728T230945/chern10/pair_0346_U_p5d800000_t_p1d300000_N10.npz,10,2.419369427898776,1000,0.9,0.9849138977813938,1040,1.894040480010517e-13,346,50.0,/public/home/student090/quantum-pump-l8/runs/l8-allobs-20260728T230945/static/static_0346_U_p5d800000_t_p1d300000.npz,1.3,0.0035699281930345883,1,2000
2.0,3.0,1.7569436913719603,8,2.0000000000000004,0.820461696394724,6.0,0.005,/public/home/student090/quantum-pump-l8/runs/l8-allobs-20260728T230945/chern10/pair_0347_U_p6d000000_t_p1d300000_N10.npz,10,0.8219316280685467,40,0.9,0.0334548872438089,1041,8.659739592076221e-15,347,2.0,/public/home/student090/quantum-pump-l8/runs/l8-allobs-20260728T230945/static/static_0347_U_p6d000000_t_p1d300000.npz,1.3,0.0014699316738226997,1,80
2.0,3.0,1.7569436913719603,8,2.0000000000000004,1.131391588149425,6.0,0.005,/public/home/student090/quantum-pump-l8/runs/l8-allobs-20260728T230945/chern10/pair_0347_U_p6d000000_t_p1d300000_N10.npz,10,1.1340822189293822,200,0.9,0.09061611040221663,1042,3.852473895449293e-14,347,10.0,/public/home/student090/quantum-pump-l8/runs/l8-allobs-20260728T230945/static/static_0347_U_p6d000000_t_p1d300000.npz,1.3,0.002690630779957237,1,400
2.0,3.0,1.7569436913719603,8,2.0000000000000004,2.4604215872975925,6.0,0.005,/public/home/student090/quantum-pump-l8/runs/l8-allobs-20260728T230945/chern10/pair_0347_U_p6d000000_t_p1d300000_N10.npz,10,2.463934154230908,1000,0.9,0.9858654867670077,1043,1.8807178037150152e-13,347,50.0,/public/home/student090/quantum-pump-l8/runs/l8-allobs-20260728T230945/static/static_0347_U_p6d000000_t_p1d300000.npz,1.3,0.0035125669333155862,1,2000
2.0,3.0,1.6724768196579767,8,2.0000000000000004,0.7844275235808492,6.2,0.005,/public/home/student090/quantum-pump-l8/runs/l8-allobs-20260728T230945/chern10/pair_0348_U_p6d200000_t_p1d300000_N10.npz,10,0.7857454464286368,40,0.9,0.04034460621590545,1044,2.6645352591003757e-15,348,2.0,/public/home/student090/quantum-pump-l8/runs/l8-allobs-20260728T230945/static/static_0348_U_p6d200000_t_p1d300000.npz,1.3,0.0013179228477875338,1,80
2.0,3.0,1.6724768196579767,8,2.0000000000000004,1.0109217719373065,6.2,0.005,/public/home/student090/quantum-pump-l8/runs/l8-allobs-20260728T230945/chern10/pair_0348_U_p6d200000_t_p1d300000_N10.npz,10,1.01342672521878,200,0.9,0.16010881509972852,1045,9.103828801926284e-15,348,10.0,/public/home/student090/quantum-pump-l8/runs/l8-allobs-20260728T230945/static/static_0348_U_p6d200000_t_p1d300000.npz,1.3,0.0025049532814735986,1,400
2.0,3.0,1.6724768196579767,8,2.0000000000000004,2.484919920926441,6.2,0.005,/public/home/student090/quantum-pump-l8/runs/l8-allobs-20260728T230945/chern10/pair_0348_U_p6d200000_t_p1d300000_N10.npz,10,2.488344955575575,1000,0.9,0.9700307217802157,1046,7.016609515630989e-14,348,50.0,/public/home/student090/quantum-pump-l8/runs/l8-allobs-20260728T230945/static/static_0348_U_p6d200000_t_p1d300000.npz,1.3,0.0034250346491337957,1,2000
2.0,3.0,1.652180445316759,8,1.9999999999999998,0.7757431627886868,6.25,0.005,/public/home/student090/quantum-pump-l8/runs/l8-allobs-20260728T230945/chern10/pair_0349_U_p6d250000_t_p1d300000_N10.npz,10,0.7770226832348857,40,0.9,0.041924154328416834,1047,8.104628079763643e-15,349,2.0,/public/home/student090/quantum-pump-l8/runs/l8-allobs-20260728T230945/static/static_0349_U_p6d250000_t_p1d300000.npz,1.3,0.001279520446198834,1,80
2.0,3.0,1.652180445316759,8,1.9999999999999998,0.9885320321933859,6.25,0.005,/public/home/student090/quantum-pump-l8/runs/l8-allobs-20260728T230945/chern10/pair_0349_U_p6d250000_t_p1d300000_N10.npz,10,0.9909938091586209,200,0.9,0.1926779575296038,1048,4.18554080283684e-14,349,10.0,/public/home/student090/quantum-pump-l8/runs/l8-allobs-20260728T230945/static/static_0349_U_p6d250000_t_p1d300000.npz,1.3,0.002461776965234974,1,400
2.0,3.0,1.652180445316759,8,1.9999999999999998,2.4917043103398204,6.25,0.005,/public/home/student090/quantum-pump-l8/runs/l8-allobs-20260728T230945/chern10/pair_0349_U_p6d250000_t_p1d300000_N10.npz,10,2.4950895056229903,1000,0.9,0.9436842362580521,1049,1.8962609260597674e-13,349,50.0,/public/home/student090/quantum-pump-l8/runs/l8-allobs-20260728T230945/static/static_0349_U_p6d250000_t_p1d300000.npz,1.3,0.0033851952831698284,1,2000
2.0000000000000004,3.0,0.812983233077377,8,2.0,0.7340661244595986,6.5,0.005,/public/home/student090/quantum-pump-l8/runs/l8-allobs-20260728T230945/chern10/pair_0350_U_p6d500000_t_p1d300000_N10.npz,20,0.7351508270446775,40,0.9,0.04879399563042819,1050,7.105427357601002e-15,350,2.0,/public/home/student090/quantum-pump-l8/runs/l8-allobs-20260728T230945/static/static_0350_U_p6d500000_t_p1d300000.npz,1.3,0.0010847025850788672,1,80
2.0000000000000004,3.0,0.812983233077377,8,2.0,0.9107261495770921,6.5,0.005,/public/home/student090/quantum-pump-l8/runs/l8-allobs-20260728T230945/chern10/pair_0350_U_p6d500000_t_p1d300000_N10.npz,20,0.9130057508295845,200,0.9,0.41359679310233044,1051,3.297362383136715e-14,350,10.0,/public/home/student090/quantum-pump-l8/runs/l8-allobs-20260728T230945/static/static_0350_U_p6d500000_t_p1d300000.npz,1.3,0.0022796012524923803,1,400
2.0000000000000004,3.0,0.812983233077377,8,2.0,1.9003475418248976,6.5,0.005,/public/home/student090/quantum-pump-l8/runs/l8-allobs-20260728T230945/chern10/pair_0350_U_p6d500000_t_p1d300000_N10.npz,20,1.9034535057122808,1000,0.9,0.5048790139316711,1052,1.653122083666858e-13,350,50.0,/public/home/student090/quantum-pump-l8/runs/l8-allobs-20260728T230945/static/static_0350_U_p6d500000_t_p1d300000.npz,1.3,0.0031059638873831563,1,2000
2.0000000000000004,3.0,0.6405846183415793,8,2.0,0.694928541594274,6.75,0.005,/public/home/student090/quantum-pump-l8/runs/l8-allobs-20260728T230945/chern10/pair_0351_U_p6d750000_t_p1d300000_N10.npz,20,0.6958141298425198,40,0.9,0.05380976744738052,1053,7.882583474838611e-15,351,2.0,/public/home/student090/quantum-pump-l8/runs/l8-allobs-20260728T230945/static/static_0351_U_p6d750000_t_p1d300000.npz,1.3,0.0008855882482458055,1,80
2.0000000000000004,3.0,0.6405846183415793,8,2.0,0.8569887780334319,6.75,0.005,/public/home/student090/quantum-pump-l8/runs/l8-allobs-20260728T230945/chern10/pair_0351_U_p6d750000_t_p1d300000_N10.npz,20,0.8591344239917211,200,0.9,0.6277487986084505,1054,3.5860203695392556e-14,351,10.0,/public/home/student090/quantum-pump-l8/runs/l8-allobs-20260728T230945/static/static_0351_U_p6d750000_t_p1d300000.npz,1.3,0.002145645958289255,1,400
2.0000000000000004,3.0,0.6405846183415793,8,2.0,0.9002491643592715,6.75,0.005,/public/home/student090/quantum-pump-l8/runs/l8-allobs-20260728T230945/chern10/pair_0351_U_p6d750000_t_p1d300000_N10.npz,20,0.9029767893949691,1000,0.9,0.07927679598578295,1055,1.7719159473017498e-13,351,50.0,/public/home/student090/quantum-pump-l8/runs/l8-allobs-20260728T230945/static/static_0351_U_p6d750000_t_p1d300000.npz,1.3,0.0027276250356975673,1,2000
2.0,3.0,0.47351695764458146,8,2.0,0.6578465066094076,7.0,0.005,/public/home/student090/quantum-pump-l8/runs/l8-allobs-20260728T230945/chern10/pair_0352_U_p7d000000_t_p1d300000_N10.npz,20,0.6585307480372039,40,0.9,0.05696399054760611,1056,5.218048215738236e-15,352,2.0,/public/home/student090/quantum-pump-l8/runs/l8-allobs-20260728T230945/static/static_0352_U_p7d000000_t_p1d300000.npz,1.3,0.0006842414277963282,1,80
2.0,3.0,0.47351695764458146,8,2.0,0.7783907895328948,7.0,0.005,/public/home/student090/quantum-pump-l8/runs/l8-allobs-20260728T230945/chern10/pair_0352_U_p7d000000_t_p1d300000_N10.npz,20,0.780411333510948,200,0.9,0.6804704096052818,1057,2.5091040356528538e-14,352,10.0,/public/home/student090/quantum-pump-l8/runs/l8-allobs-20260728T230945/static/static_0352_U_p7d000000_t_p1d300000.npz,1.3,0.0020205439780532908,1,400
2.0,3.0,0.47351695764458146,8,2.0,0.8021306836631953,7.0,0.005,/public/home/student090/quantum-pump-l8/runs/l8-allobs-20260728T230945/chern10/pair_0352_U_p7d000000_t_p1d300000_N10.npz,20,0.8045863428346194,1000,0.9,0.33314589317522114,1058,1.2312373343092986e-13,352,50.0,/public/home/student090/quantum-pump-l8/runs/l8-allobs-20260728T230945/static/static_0352_U_p7d000000_t_p1d300000.npz,1.3,0.002455659171424096,1,2000
2.0,3.0,0.313209830982796,8,2.0000000000000004,0.6223731666736544,7.25,0.005,/public/home/student090/quantum-pump-l8/runs/l8-allobs-20260728T230945/chern10/pair_0353_U_p7d250000_t_p1d300000_N10.npz,20,0.622857564699211,40,0.9,0.05837858730369906,1059,8.104628079763643e-15,353,2.0,/public/home/student090/quantum-pump-l8/runs/l8-allobs-20260728T230945/static/static_0353_U_p7d250000_t_p1d300000.npz,1.3,0.0004843980255566649,1,80
2.0,3.0,0.313209830982796,8,2.0000000000000004,0.6331940915162612,7.25,0.005,/public/home/student090/quantum-pump-l8/runs/l8-allobs-20260728T230945/chern10/pair_0353_U_p7d250000_t_p1d300000_N10.npz,20,0.6350817498303835,200,0.9,0.4978612550924046,1060,4.1522341120980855e-14,353,10.0,/public/home/student090/quantum-pump-l8/runs/l8-allobs-20260728T230945/static/static_0353_U_p7d250000_t_p1d300000.npz,1.3,0.001887658314122298,1,400
2.0,3.0,0.313209830982796,8,2.0000000000000004,0.9418069741253845,7.25,0.005,/public/home/student090/quantum-pump-l8/runs/l8-allobs-20260728T230945/chern10/pair_0353_U_p7d250000_t_p1d300000_N10.npz,20,0.9439494879275359,1000,0.9,0.7424137023780558,1061,1.965094753586527e-13,353,50.0,/public/home/student090/quantum-pump-l8/runs/l8-allobs-20260728T230945/static/static_0353_U_p7d250000_t_p1d300000.npz,1.3,0.002142513802151358,1,2000
2.0000000000000004,3.0,0.1614131570453763,8,2.0,0.5881070988222519,7.5,0.005,/public/home/student090/quantum-pump-l8/runs/l8-allobs-20260728T230945/chern10/pair_0354_U_p7d500000_t_p1d300000_N10.npz,20,0.5883980872100627,40,0.9,0.058192445264452164,1062,5.329070518200751e-15,354,2.0,/public/home/student090/quantum-pump-l8/runs/l8-allobs-20260728T230945/static/static_0354_U_p7d500000_t_p1d300000.npz,1.3,0.00029098838781083103,1,80
2.0000000000000004,3.0,0.1614131570453763,8,2.0,0.4321911350353217,7.5,0.005,/public/home/student090/quantum-pump-l8/runs/l8-allobs-20260728T230945/chern10/pair_0354_U_p7d500000_t_p1d300000_N10.npz,20,0.43396231518495193,200,0.9,0.18835797538407012,1063,2.6645352591003757e-14,354,10.0,/public/home/student090/quantum-pump-l8/runs/l8-allobs-20260728T230945/static/static_0354_U_p7d500000_t_p1d300000.npz,1.3,0.001771180149630236,1,400
2.0000000000000004,3.0,0.1614131570453763,8,2.0,0.49426252418449396,7.5,0.005,/public/home/student090/quantum-pump-l8/runs/l8-allobs-20260728T230945/chern10/pair_0354_U_p7d500000_t_p1d300000_N10.npz,20,0.496044685739016,1000,0.9,0.9054053317879776,1064,1.4566126083082054e-13,354,50.0,/public/home/student090/quantum-pump-l8/runs/l8-allobs-20260728T230945/static/static_0354_U_p7d500000_t_p1d300000.npz,1.3,0.0017821615545220437,1,2000
2.0,3.0,0.02014835733870335,8,2.0,0.5546981380820255,7.75,0.005,/public/home/student090/quantum-pump-l8/runs/l8-allobs-20260728T230945/chern10/pair_0355_U_p7d750000_t_p1d300000_N10.npz,20,0.5548076409292078,40,0.9,0.0564975954621091,1065,5.329070518200751e-15,355,2.0,/public/home/student090/quantum-pump-l8/runs/l8-allobs-20260728T230945/static/static_0355_U_p7d750000_t_p1d300000.npz,1.3,0.00010950284718225234,1,80
2.0,3.0,0.02014835733870335,8,2.0,0.2669811182110296,7.75,0.005,/public/home/student090/quantum-pump-l8/runs/l8-allobs-20260728T230945/chern10/pair_0355_U_p7d750000_t_p1d300000_N10.npz,20,0.2686949169089066,200,0.9,0.008199218824103599,1066,2.4424906541753444e-14,355,10.0,/public/home/student090/quantum-pump-l8/runs/l8-allobs-20260728T230945/static/static_0355_U_p7d750000_t_p1d300000.npz,1.3,0.0017137986978770225,1,400
2.0,3.0,0.02014835733870335,8,2.0,0.09712583363894026,7.75,0.005,/public/home/student090/quantum-pump-l8/runs/l8-allobs-20260728T230945/chern10/pair_0355_U_p7d750000_t_p1d300000_N10.npz,20,0.09876416311302728,1000,0.9,0.8387207264037913,1067,8.126832540256146e-14,355,50.0,/public/home/student090/quantum-pump-l8/runs/l8-allobs-20260728T230945/static/static_0355_U_p7d750000_t_p1d300000.npz,1.3,0.0016383294740870274,1,2000
-1.0601848938211722e-16,3.0,0.10843729788513112,8,0.0,0.5218537887102281,8.0,0.005,/public/home/student090/quantum-pump-l8/runs/l8-allobs-20260728T230945/chern10/pair_0356_U_p8d000000_t_p1d300000_N10.npz,20,0.521799069965564,40,0.9,0.05335563382963379,1068,1.6653345369377348e-15,356,2.0,/public/home/student090/quantum-pump-l8/runs/l8-allobs-20260728T230945/static/static_0356_U_p8d000000_t_p1d300000.npz,1.3,5.47187446641173e-05,1,80
-1.0601848938211722e-16,3.0,0.10843729788513112,8,0.0,0.22748519334559625,8.0,0.005,/public/home/student090/quantum-pump-l8/runs/l8-allobs-20260728T230945/chern10/pair_0356_U_p8d000000_t_p1d300000_N10.npz,20,0.22919124226785187,200,0.9,0.14211875760882317,1069,5.329070518200751e-15,356,10.0,/public/home/student090/quantum-pump-l8/runs/l8-allobs-20260728T230945/static/static_0356_U_p8d000000_t_p1d300000.npz,1.3,0.0017060489222556208,1,400
-1.0601848938211722e-16,3.0,0.10843729788513112,8,0.0,0.3213915754946266,8.0,0.005,/public/home/student090/quantum-pump-l8/runs/l8-allobs-20260728T230945/chern10/pair_0356_U_p8d000000_t_p1d300000_N10.npz,20,0.3230337183072699,1000,0.9,0.8786036167132176,1070,1.1657341758564144e-14,356,50.0,/public/home/student090/quantum-pump-l8/runs/l8-allobs-20260728T230945/static/static_0356_U_p8d000000_t_p1d300000.npz,1.3,0.001642142812643299,1,2000
2.1203697876423444e-16,3.0,0.2223377426327886,8,0.0,0.48934528835306684,8.25,0.005,/public/home/student090/quantum-pump-l8/runs/l8-allobs-20260728T230945/chern10/pair_0357_U_p8d250000_t_p1d300000_N10.npz,20,0.48914813582065636,40,0.9,0.048891382817764624,1071,4.218847493575595e-15,357,2.0,/public/home/student090/quantum-pump-l8/runs/l8-allobs-20260728T230945/static/static_0357_U_p8d250000_t_p1d300000.npz,1.3,0.0001971525324104828,1,80
2.1203697876423444e-16,3.0,0.2223377426327886,8,0.0,0.2791849473205713,8.25,0.005,/public/home/student090/quantum-pump-l8/runs/l8-allobs-20260728T230945/chern10/pair_0357_U_p8d250000_t_p1d300000_N10.npz,20,0.28085716249413145,200,0.9,0.49830401058998136,1072,2.020605904817785e-14,357,10.0,/public/home/student090/quantum-pump-l8/runs/l8-allobs-20260728T230945/static/static_0357_U_p8d250000_t_p1d300000.npz,1.3,0.0016722151735601432,1,400
2.1203697876423444e-16,3.0,0.2223377426327886,8,0.0,0.15082112541864667,8.25,0.005,/public/home/student090/quantum-pump-l8/runs/l8-allobs-20260728T230945/chern10/pair_0357_U_p8d250000_t_p1d300000_N10.npz,20,0.15245434857423615,1000,0.9,0.7762834553038848,1073,1.0103029524088925e-13,357,50.0,/public/home/student090/quantum-pump-l8/runs/l8-allobs-20260728T230945/static/static_0357_U_p8d250000_t_p1d300000.npz,1.3,0.001633223155589475,1,2000
-2.650462234552931e-16,3.0,0.3200493776787372,8,0.0,0.4570110955300079,8.5,0.005,/public/home/student090/quantum-pump-l8/runs/l8-allobs-20260728T230945/chern10/pair_0358_U_p8d500000_t_p1d300000_N10.npz,20,0.45669651094567704,40,0.9,0.04341937085854166,1074,2.9976021664879227e-15,358,2.0,/public/home/student090/quantum-pump-l8/runs/l8-allobs-20260728T230945/static/static_0358_U_p8d500000_t_p1d300000.npz,1.3,0.0003145845843308681,1,80
-2.650462234552931e-16,3.0,0.3200493776787372,8,0.0,0.2968236990416636,8.5,0.005,/public/home/student090/quantum-pump-l8/runs/l8-allobs-20260728T230945/chern10/pair_0358_U_p8d500000_t_p1d300000_N10.npz,20,0.29842201825802356,200,0.9,0.7871112561340938,1075,1.2989609388114332e-14,358,10.0,/public/home/student090/quantum-pump-l8/runs/l8-allobs-20260728T230945/static/static_0358_U_p8d500000_t_p1d300000.npz,1.3,0.0015983192163599447,1,400
-2.650462234552931e-16,3.0,0.3200493776787372,8,0.0,-0.2699033806772048,8.5,0.005,/public/home/student090/quantum-pump-l8/runs/l8-allobs-20260728T230945/chern10/pair_0358_U_p8d500000_t_p1d300000_N10.npz,20,-0.26816446479913636,1000,0.9,0.9415596399113224,1076,6.350475700855895e-14,358,50.0,/public/home/student090/quantum-pump-l8/runs/l8-allobs-20260728T230945/static/static_0358_U_p8d500000_t_p1d300000.npz,1.3,0.0017389158780684588,1,2000
-7.067899292141149e-17,3.0,0.40091860846669913,8,0.0,0.4247568134731882,8.75,0.005,/public/home/student090/quantum-pump-l8/runs/l8-allobs-20260728T230945/chern10/pair_0359_U_p8d750000_t_p1d300000_N10.npz,20,0.42435146674948687,40,0.9,0.0375351647439821,1077,8.881784197001252e-16,359,2.0,/public/home/student090/quantum-pump-l8/runs/l8-allobs-20260728T230945/static/static_0359_U_p8d750000_t_p1d300000.npz,1.3,0.0004053467237013497,1,80
-7.067899292141149e-17,3.0,0.40091860846669913,8,0.0,0.2244581826554534,8.75,0.005,/public/home/student090/quantum-pump-l8/runs/l8-allobs-20260728T230945/chern10/pair_0359_U_p8d750000_t_p1d300000_N10.npz,20,0.2259676949388391,200,0.9,0.8230706724739302,1078,1.9984014443252818e-15,359,10.0,/public/home/student090/quantum-pump-l8/runs/l8-allobs-20260728T230945/static/static_0359_U_p8d750000_t_p1d300000.npz,1.3,0.0015095122833856944,1,400
-7.067899292141149e-17,3.0,0.40091860846669913,8,0.0,-0.2746513413690809,8.75,0.005,/public/home/student090/quantum-pump-l8/runs/l8-allobs-20260728T230945/chern10/pair_0359_U_p8d750000_t_p1d300000_N10.npz,20,-0.2727854365995981,1000,0.9,0.8929800526157687,1079,3.4416913763379853e-15,359,50.0,/public/home/student090/quantum-pump-l8/runs/l8-allobs-20260728T230945/static/static_0359_U_p8d750000_t_p1d300000.npz,1.3,0.0018659047694828401,1,2000
-8.834874115176436e-17,3.0,0.42176834039118116,8,0.0,0.3925526562075255,9.0,0.005,/public/home/student090/quantum-pump-l8/runs/l8-allobs-20260728T230945/chern10/pair_0360_U_p9d000000_t_p1d300000_N10.npz,20,0.39208337780612074,40,0.9,0.032114217682816346,1080,5.551115123125783e-15,360,2.0,/public/home/student090/quantum-pump-l8/runs/l8-allobs-20260728T230945/static/static_0360_U_p9d000000_t_p1d300000.npz,1.3,0.0004692784014047602,1,80
-8.834874115176436e-17,3.0,0.42176834039118116,8,0.0,0.11524654016652912,9.0,0.005,/public/home/student090/quantum-pump-l8/runs/l8-allobs-20260728T230945/chern10/pair_0360_U_p9d000000_t_p1d300000_N10.npz,20,0.1166412646483995,200,0.9,0.6930434978446263,1081,2.5757174171303632e-14,360,10.0,/public/home/student090/quantum-pump-l8/runs/l8-allobs-20260728T230945/static/static_0360_U_p9d000000_t_p1d300000.npz,1.3,0.001394724481870377,1,400
-8.834874115176436e-17,3.0,0.42176834039118116,8,0.0,0.010392085311665505,9.0,0.005,/public/home/student090/quantum-pump-l8/runs/l8-allobs-20260728T230945/chern10/pair_0360_U_p9d000000_t_p1d300000_N10.npz,20,0.012293088080421675,1000,0.9,0.3178161245991576,1082,1.1968204205459188e-13,360,50.0,/public/home/student090/quantum-pump-l8/runs/l8-allobs-20260728T230945/static/static_0360_U_p9d000000_t_p1d300000.npz,1.3,0.0019010027687561704,1,2000
1.3252311172764654e-16,3.0,0.4175979999168833,8,0.0,0.3604307229132924,9.25,0.005,/public/home/student090/quantum-pump-l8/runs/l8-allobs-20260728T230945/chern10/pair_0361_U_p9d250000_t_p1d300000_N10.npz,20,0.3599232532169763,40,0.9,0.028201944544616376,1083,5.329070518200751e-15,361,2.0,/public/home/student090/quantum-pump-l8/runs/l8-allobs-20260728T230945/static/static_0361_U_p9d250000_t_p1d300000.npz,1.3,0.0005074696963160985,1,80
1.3252311172764654e-16,3.0,0.4175979999168833,8,0.0,0.03516987561254736,9.25,0.005,/public/home/student090/quantum-pump-l8/runs/l8-allobs-20260728T230945/chern10/pair_0361_U_p9d250000_t_p1d300000_N10.npz,20,0.036460350319205345,200,0.9,0.6107913151550162,1084,2.6867397195928788e-14,361,10.0,/public/home/student090/quantum-pump-l8/runs/l8-allobs-20260728T230945/static/static_0361_U_p9d250000_t_p1d300000.npz,1.3,0.001290474706657982,1,400
1.3252311172764654e-16,3.0,0.4175979999168833,8,0.0,0.06843141391513644,9.25,0.005,/public/home/student090/quantum-pump-l8/runs/l8-allobs-20260728T230945/chern10/pair_0361_U_p9d250000_t_p1d300000_N10.npz,20,0.07032387045228689,1000,0.9,0.02677483334746058,1085,1.3078427230084344e-13,361,50.0,/public/home/student090/quantum-pump-l8/runs/l8-allobs-20260728T230945/static/static_0361_U_p9d250000_t_p1d300000.npz,1.3,0.0018924565371504498,1,2000
-7.951386703658792e-17,3.0,0.4123044006281198,8,0.0,0.32848378616610274,9.5,0.005,/public/home/student090/quantum-pump-l8/runs/l8-allobs-20260728T230945/chern10/pair_0362_U_p9d500000_t_p1d300000_N10.npz,20,0.3279619008331521,40,0.9,0.02682864311863127,1086,5.773159728050814e-15,362,2.0,/public/home/student090/quantum-pump-l8/runs/l8-allobs-20260728T230945/static/static_0362_U_p9d500000_t_p1d300000.npz,1.3,0.0005218853329506667,1,80
-7.951386703658792e-17,3.0,0.4123044006281198,8,0.0,0.003501630120036887,9.5,0.005,/public/home/student090/quantum-pump-l8/runs/l8-allobs-20260728T230945/chern10/pair_0362_U_p9d500000_t_p1d300000_N10.npz,20,0.004774352091245689,200,0.9,0.6757563685306733,1087,3.086420008457935e-14,362,10.0,/public/home/student090/quantum-pump-l8/runs/l8-allobs-20260728T230945/static/static_0362_U_p9d500000_t_p1d300000.npz,1.3,0.0012727219712088018,1,400
-7.951386703658792e-17,3.0,0.4123044006281198,8,0.0,-0.09733111524827587,9.5,0.005,/public/home/student090/quantum-pump-l8/runs/l8-allobs-20260728T230945/chern10/pair_0362_U_p9d500000_t_p1d300000_N10.npz,20,-0.09539131405571116,1000,0.9,0.49446618690697847,1088,1.5143442055887135e-13,362,50.0,/public/home/student090/quantum-pump-l8/runs/l8-allobs-20260728T230945/static/static_0362_U_p9d500000_t_p1d300000.npz,1.3,0.0019398011925647052,1,2000
-1.501928599579994e-16,3.0,0.4061306736325214,8,0.0,0.29686545361887623,9.75,0.005,/public/home/student090/quantum-pump-l8/runs/l8-allobs-20260728T230945/chern10/pair_0363_U_p9d750000_t_p1d300000_N10.npz,20,0.2963504758686329,40,0.9,0.028815685807294322,1089,4.218847493575595e-15,363,2.0,/public/home/student090/quantum-pump-l8/runs/l8-allobs-20260728T230945/static/static_0363_U_p9d750000_t_p1d300000.npz,1.3,0.0005149777502433395,1,80
-1.501928599579994e-16,3.0,0.4061306736325214,8,0.0,0.000886774883825336,9.75,0.005,/public/home/student090/quantum-pump-l8/runs/l8-allobs-20260728T230945/chern10/pair_0363_U_p9d750000_t_p1d300000_N10.npz,20,0.0022006140334496047,200,0.9,0.8189566109112031,1090,1.2434497875801753e-14,363,10.0,/public/home/student090/quantum-pump-l8/runs/l8-allobs-20260728T230945/static/static_0363_U_p9d750000_t_p1d300000.npz,1.3,0.0013138391496242687,1,400
-1.501928599579994e-16,3.0,0.4061306736325214,8,0.0,-0.18947756068070326,9.75,0.005,/public/home/student090/quantum-pump-l8/runs/l8-allobs-20260728T230945/chern10/pair_0363_U_p9d750000_t_p1d300000_N10.npz,20,-0.18747136130581843,1000,0.9,0.9789896382658907,1091,5.5067062021407764e-14,363,50.0,/public/home/student090/quantum-pump-l8/runs/l8-allobs-20260728T230945/static/static_0363_U_p9d750000_t_p1d300000.npz,1.3,0.0020061993748848317,1,2000
1.0601848938211722e-16,3.0,0.39929276020317683,8,0.0,0.2657895621229042,10.0,0.005,/public/home/student090/quantum-pump-l8/runs/l8-allobs-20260728T230945/chern10/pair_0364_U_p10d000000_t_p1d300000_N10.npz,20,0.26530018770263636,40,0.9,0.034639688950636335,1092,7.882583474838611e-15,364,2.0,/public/home/student090/quantum-pump-l8/runs/l8-allobs-20260728T230945/static/static_0364_U_p10d000000_t_p1d300000.npz,1.3,0.0004893744202678629,1,80
1.0601848938211722e-16,3.0,0.39929276020317683,8,0.0,-0.0018581154383966337,10.0,0.005,/public/home/student090/quantum-pump-l8/runs/l8-allobs-20260728T230945/chern10/pair_0364_U_p10d000000_t_p1d300000_N10.npz,20,-0.0005395180417729014,200,0.9,0.9312738939406818,1093,4.2521541843143495e-14,364,10.0,/public/home/student090/quantum-pump-l8/runs/l8-allobs-20260728T230945/static/static_0364_U_p10d000000_t_p1d300000.npz,1.3,0.0013185973966237322,1,400
1.0601848938211722e-16,3.0,0.39929276020317683,8,0.0,-0.12401027457222025,10.0,0.005,/public/home/student090/quantum-pump-l8/runs/l8-allobs-20260728T230945/chern10/pair_0364_U_p10d000000_t_p1d300000_N10.npz,20,-0.12200106397447182,1000,0.9,0.7613899878548743,1094,2.1793677973391823e-13,364,50.0,/public/home/student090/quantum-pump-l8/runs/l8-allobs-20260728T230945/static/static_0364_U_p10d000000_t_p1d300000.npz,1.3,0.0020092105977484315,1,2000
-1.0447411197331197e-16,3.0,0.6899265337380971,8,0.0,0.07226353642302784,12.0,0.005,/public/home/student090/quantum-pump-l8/runs/l8-allobs-20260728T230945/chern10/pair_0365_U_p12d000000_t_p1d300000_N10.npz,10,0.07234831689638495,40,0.9,0.18419252816885986,1095,7.105427357601002e-15,365,2.0,/public/home/student090/quantum-pump-l8/runs/l8-allobs-20260728T230945/static/static_0365_U_p12d000000_t_p1d300000.npz,1.3,8.478047335711003e-05,1,80
-1.0447411197331197e-16,3.0,0.6899265337380971,8,0.0,-0.0015192204756016587,12.0,0.005,/public/home/student090/quantum-pump-l8/runs/l8-allobs-20260728T230945/chern10/pair_0365_U_p12d000000_t_p1d300000_N10.npz,10,-0.0004209745378766016,200,0.9,0.7365000420914359,1096,3.3861802251067274e-14,365,10.0,/public/home/student090/quantum-pump-l8/runs/l8-allobs-20260728T230945/static/static_0365_U_p12d000000_t_p1d300000.npz,1.3,0.0010982459377250572,1,400
-1.0447411197331197e-16,3.0,0.6899265337380971,8,0.0,-0.009460956468784346,12.0,0.005,/public/home/student090/quantum-pump-l8/runs/l8-allobs-20260728T230945/chern10/pair_0365_U_p12d000000_t_p1d300000_N10.npz,10,-0.007697533917356031,1000,0.9,0.16497776162868133,1097,1.4455103780619538e-13,365,50.0,/public/home/student090/quantum-pump-l8/runs/l8-allobs-20260728T230945/static/static_0365_U_p12d000000_t_p1d300000.npz,1.3,0.001763422551428315,1,2000
7.284025851306353e-17,3.0,0.4945033261907885,8,0.0,0.0016454981962610961,16.0,0.005,/public/home/student090/quantum-pump-l8/runs/l8-allobs-20260728T230945/chern10/pair_0366_U_p16d000000_t_p1d300000_N10.npz,10,0.0021489628715343663,40,0.9,0.4516791639834784,1098,8.43769498715119e-15,366,2.0,/public/home/student090/quantum-pump-l8/runs/l8-allobs-20260728T230945/static/static_0366_U_p16d000000_t_p1d300000.npz,1.3,0.0005034646752732702,1,80
7.284025851306353e-17,3.0,0.4945033261907885,8,0.0,3.596345304281089e-05,16.0,0.005,/public/home/student090/quantum-pump-l8/runs/l8-allobs-20260728T230945/chern10/pair_0366_U_p16d000000_t_p1d300000_N10.npz,10,0.0007943882657935263,200,0.9,0.19979610147759294,1099,4.418687638008123e-14,366,10.0,/public/home/student090/quantum-pump-l8/runs/l8-allobs-20260728T230945/static/static_0366_U_p16d000000_t_p1d300000.npz,1.3,0.0007584248127507154,1,400
7.284025851306353e-17,3.0,0.4945033261907885,8,0.0,0.00019389661582237683,16.0,0.005,/public/home/student090/quantum-pump-l8/runs/l8-allobs-20260728T230945/chern10/pair_0366_U_p16d000000_t_p1d300000_N10.npz,10,0.0015209301737368647,1000,0.9,0.04880066484790956,1100,1.6275869541004795e-13,366,50.0,/public/home/student090/quantum-pump-l8/runs/l8-allobs-20260728T230945/static/static_0366_U_p16d000000_t_p1d300000.npz,1.3,0.0013270335579144879,1,2000
-6.888440911676628e-17,3.0,0.15439132787935783,8,0.0,0.00012621613258531928,24.0,0.005,/public/home/student090/quantum-pump-l8/runs/l8-allobs-20260728T230945/chern10/pair_0367_U_p24d000000_t_p1d300000_N10.npz,20,0.00045192183071434257,40,0.9,0.7053228294990338,1101,1.9984014443252818e-15,367,2.0,/public/home/student090/quantum-pump-l8/runs/l8-allobs-20260728T230945/static/static_0367_U_p24d000000_t_p1d300000.npz,1.3,0.00032570569812902326,1,80
-6.888440911676628e-17,3.0,0.15439132787935783,8,0.0,0.00013416960720559799,24.0,0.005,/public/home/student090/quantum-pump-l8/runs/l8-allobs-20260728T230945/chern10/pair_0367_U_p24d000000_t_p1d300000_N10.npz,20,0.0005854288264238745,200,0.9,0.102498613452294,1102,7.549516567451064e-15,367,10.0,/public/home/student090/quantum-pump-l8/runs/l8-allobs-20260728T230945/static/static_0367_U_p24d000000_t_p1d300000.npz,1.3,0.0004512592192182765,1,400
-6.888440911676628e-17,3.0,0.15439132787935783,8,0.0,0.0002763446626803065,24.0,0.005,/public/home/student090/quantum-pump-l8/runs/l8-allobs-20260728T230945/chern10/pair_0367_U_p24d000000_t_p1d300000_N10.npz,20,0.001132715178654873,1000,0.9,0.15401768581037809,1103,3.6637359812630166e-14,367,50.0,/public/home/student090/quantum-pump-l8/runs/l8-allobs-20260728T230945/static/static_0367_U_p24d000000_t_p1d300000.npz,1.3,0.0008563705159745666,1,2000
1.5253962339484314e-17,3.0,0.11347866842471488,8,0.0,7.528126679697014e-05,32.0,0.005,/public/home/student090/quantum-pump-l8/runs/l8-allobs-20260728T230945/chern10/pair_0368_U_p32d000000_t_p1d300000_N10.npz,20,0.00034227599046505287,40,0.9,0.8220302064835562,1104,1.9984014443252818e-15,368,2.0,/public/home/student090/quantum-pump-l8/runs/l8-allobs-20260728T230945/static/static_0368_U_p32d000000_t_p1d300000.npz,1.3,0.0002669947236680827,1,80
1.5253962339484314e-17,3.0,0.11347866842471488,8,0.0,9.30232303050565e-05,32.0,0.005,/public/home/student090/quantum-pump-l8/runs/l8-allobs-20260728T230945/chern10/pair_0368_U_p32d000000_t_p1d300000_N10.npz,20,0.0004250957859596324,200,0.9,0.0300330666733624,1105,9.769962616701378e-15,368,10.0,/public/home/student090/quantum-pump-l8/runs/l8-allobs-20260728T230945/static/static_0368_U_p32d000000_t_p1d300000.npz,1.3,0.0003320725556545759,1,400
1.5253962339484314e-17,3.0,0.11347866842471488,8,0.0,0.00018504248275831573,32.0,0.005,/public/home/student090/quantum-pump-l8/runs/l8-allobs-20260728T230945/chern10/pair_0368_U_p32d000000_t_p1d300000_N10.npz,20,0.0008265695985477516,1000,0.9,0.3224613546740715,1106,2.930988785010413e-14,368,50.0,/public/home/student090/quantum-pump-l8/runs/l8-allobs-20260728T230945/static/static_0368_U_p32d000000_t_p1d300000.npz,1.3,0.0006415271157894359,1,2000
2.0,3.0,0.6320802777008225,8,2.0,0.0015333789272756117,-32.0,0.005,/public/home/student090/quantum-pump-l8/runs/l8-allobs-20260728T230945/chern10/pair_0369_U_neg32d000000_t_p1d400000_N10.npz,20,0.0018353441222037697,40,0.9,0.8611121009311645,1107,1.7763568394002505e-15,369,2.0,/public/home/student090/quantum-pump-l8/runs/l8-allobs-20260728T230945/static/static_0369_U_neg32d000000_t_p1d400000.npz,1.4,0.000301965194928158,1,80
2.0,3.0,0.6320802777008225,8,2.0,0.02961327590587891,-32.0,0.005,/public/home/student090/quantum-pump-l8/runs/l8-allobs-20260728T230945/chern10/pair_0369_U_neg32d000000_t_p1d400000_N10.npz,20,0.029977370135422492,200,0.9,0.1898856960566283,1108,3.3306690738754696e-15,369,10.0,/public/home/student090/quantum-pump-l8/runs/l8-allobs-20260728T230945/static/static_0369_U_neg32d000000_t_p1d400000.npz,1.4,0.0003640942295435809,1,400
2.0,3.0,0.6320802777008225,8,2.0,0.3397745545276959,-32.0,0.005,/public/home/student090/quantum-pump-l8/runs/l8-allobs-20260728T230945/chern10/pair_0369_U_neg32d000000_t_p1d400000_N10.npz,20,0.3404305364478528,1000,0.9,0.05424442372372399,1109,2.353672812205332e-14,369,50.0,/public/home/student090/quantum-pump-l8/runs/l8-allobs-20260728T230945/static/static_0369_U_neg32d000000_t_p1d400000.npz,1.4,0.0006559819201569228,1,2000
2.0,3.0,0.8301627743937701,8,2.0000000000000004,0.005372047482179398,-24.0,0.005,/public/home/student090/quantum-pump-l8/runs/l8-allobs-20260728T230945/chern10/pair_0370_U_neg24d000000_t_p1d400000_N10.npz,20,0.005762087708880837,40,0.9,0.7675907227363399,1110,4.884981308350689e-15,370,2.0,/public/home/student090/quantum-pump-l8/runs/l8-allobs-20260728T230945/static/static_0370_U_neg24d000000_t_p1d400000.npz,1.4,0.00039004022670143836,1,80
2.0,3.0,0.8301627743937701,8,2.0000000000000004,0.06355955416548217,-24.0,0.005,/public/home/student090/quantum-pump-l8/runs/l8-allobs-20260728T230945/chern10/pair_0370_U_neg24d000000_t_p1d400000_N10.npz,20,0.0640680226540468,200,0.9,0.19376067708338862,1111,1.84297022087776e-14,370,10.0,/public/home/student090/quantum-pump-l8/runs/l8-allobs-20260728T230945/static/static_0370_U_neg24d000000_t_p1d400000.npz,1.4,0.0005084684885646312,1,400
2.0,3.0,0.8301627743937701,8,2.0000000000000004,0.6131858675509492,-24.0,0.005,/public/home/student090/quantum-pump-l8/runs/l8-allobs-20260728T230945/chern10/pair_0370_U_neg24d000000_t_p1d400000_N10.npz,20,0.6142444128089739,1000,0.9,0.10971264632939862,1112,8.282263763703668e-14,370,50.0,/public/home/student090/quantum-pump-l8/runs/l8-allobs-20260728T230945/static/static_0370_U_neg24d000000_t_p1d400000.npz,1.4,0.0010585452580247345,1,2000
2.0000000000000004,3.0,1.1964000858454398,8,2.0,0.02997846279318334,-16.0,0.005,/public/home/student090/quantum-pump-l8/runs/l8-allobs-20260728T230945/chern10/pair_0371_U_neg16d000000_t_p1d400000_N10.npz,20,0.030594156667958762,40,0.9,0.5125493455584541,1113,8.659739592076221e-15,371,2.0,/public/home/student090/quantum-pump-l8/runs/l8-allobs-20260728T230945/static/static_0371_U_neg16d000000_t_p1d400000.npz,1.4,0.0006156938747754227,1,80
2.0000000000000004,3.0,1.1964000858454398,8,2.0,0.27469652831143854,-16.0,0.005,/public/home/student090/quantum-pump-l8/runs/l8-allobs-20260728T230945/chern10/pair_0371_U_neg16d000000_t_p1d400000_N10.npz,20,0.2756389476694999,200,0.9,0.21111990465513497,1114,3.397282455352979e-14,371,10.0,/public/home/student090/quantum-pump-l8/runs/l8-allobs-20260728T230945/static/static_0371_U_neg16d000000_t_p1d400000.npz,1.4,0.000942419358061386,1,400
2.0000000000000004,3.0,1.1964000858454398,8,2.0,1.221354607350381,-16.0,0.005,/public/home/student090/quantum-pump-l8/runs/l8-allobs-20260728T230945/chern10/pair_0371_U_neg16d000000_t_p1d400000_N10.npz,20,1.2232583855878818,1000,0.9,0.16327723870746605,1115,1.4632739464559563e-13,371,50.0,/public/home/student090/quantum-pump-l8/runs/l8-allobs-20260728T230945/static/static_0371_U_neg16d000000_t_p1d400000.npz,1.4,0.001903778237500875,1,2000
2.0000000000000004,3.0,1.5176271564680803,8,2.0000000000000004,0.10195282930018125,-12.0,0.005,/public/home/student090/quantum-pump-l8/runs/l8-allobs-20260728T230945/chern10/pair_0372_U_neg12d000000_t_p1d400000_N10.npz,10,0.10314578675309022,40,0.9,0.29276203001571255,1116,7.216449660063518e-15,372,2.0,/public/home/student090/quantum-pump-l8/runs/l8-allobs-20260728T230945/static/static_0372_U_neg12d000000_t_p1d400000.npz,1.4,0.0011929574529089687,1,80
2.0000000000000004,3.0,1.5176271564680803,8,2.0000000000000004,0.4718419842447779,-12.0,0.005,/public/home/student090/quantum-pump-l8/runs/l8-allobs-20260728T230945/chern10/pair_0372_U_neg12d000000_t_p1d400000_N10.npz,10,0.47329643144438904,200,0.9,0.04419164303674536,1117,3.2085445411667024e-14,372,10.0,/public/home/student090/quantum-pump-l8/runs/l8-allobs-20260728T230945/static/static_0372_U_neg12d000000_t_p1d400000.npz,1.4,0.0014544471996111308,1,400
2.0000000000000004,3.0,1.5176271564680803,8,2.0000000000000004,1.5385444987612615,-12.0,0.005,/public/home/student090/quantum-pump-l8/runs/l8-allobs-20260728T230945/chern10/pair_0372_U_neg12d000000_t_p1d400000_N10.npz,10,1.5410114076897465,1000,0.9,0.3410892952794694,1118,1.5765166949677223e-13,372,50.0,/public/home/student090/quantum-pump-l8/runs/l8-allobs-20260728T230945/static/static_0372_U_neg12d000000_t_p1d400000.npz,1.4,0.002466908928485001,1,2000
2.0,3.0,2.027772855038947,8,1.9999999999999998,0.2568808900365064,-8.0,0.005,/public/home/student090/quantum-pump-l8/runs/l8-allobs-20260728T230945/chern10/pair_0373_U_neg8d000000_t_p1d400000_N10.npz,10,0.25846813949439074,40,0.9,0.03476216331259952,1119,1.5543122344752192e-15,373,2.0,/public/home/student090/quantum-pump-l8/runs/l8-allobs-20260728T230945/static/static_0373_U_neg8d000000_t_p1d400000.npz,1.4,0.0015872494578843543,1,80
2.0,3.0,2.027772855038947,8,1.9999999999999998,0.8970561634850907,-8.0,0.005,/public/home/student090/quantum-pump-l8/runs/l8-allobs-20260728T230945/chern10/pair_0373_U_neg8d000000_t_p1d400000_N10.npz,10,0.8994131418465595,200,0.9,0.03706193208046996,1120,2.55351295663786e-15,373,10.0,/public/home/student090/quantum-pump-l8/runs/l8-allobs-20260728T230945/static/static_0373_U_neg8d000000_t_p1d400000.npz,1.4,0.0023569783614688644,1,400
2.0,3.0,2.027772855038947,8,1.9999999999999998,1.8481543373608595,-8.0,0.005,/public/home/student090/quantum-pump-l8/runs/l8-allobs-20260728T230945/chern10/pair_0373_U_neg8d000000_t_p1d400000_N10.npz,10,1.8512961872101095,1000,0.9,0.8028414072761286,1121,1.9317880628477724e-14,373,50.0,/public/home/student090/quantum-pump-l8/runs/l8-allobs-20260728T230945/static/static_0373_U_neg8d000000_t_p1d400000.npz,1.4,0.0031418498492499225,1,2000
2.0,3.0,2.392710685051547,8,2.000000000000001,0.5205547005929593,-6.0,0.005,/public/home/student090/quantum-pump-l8/runs/l8-allobs-20260728T230945/chern10/pair_0374_U_neg6d000000_t_p1d400000_N10.npz,10,0.5226747770788011,40,0.9,0.022424613417086535,1122,6.5503158452884236e-15,374,2.0,/public/home/student090/quantum-pump-l8/runs/l8-allobs-20260728T230945/static/static_0374_U_neg6d000000_t_p1d400000.npz,1.4,0.002120076485841782,1,80
2.0,3.0,2.392710685051547,8,2.000000000000001,1.3553915934953753,-6.0,0.005,/public/home/student090/quantum-pump-l8/runs/l8-allobs-20260728T230945/chern10/pair_0374_U_neg6d000000_t_p1d400000_N10.npz,10,1.3585013804655424,200,0.9,0.23413810565609294,1123,3.497202527569243e-14,374,10.0,/public/home/student090/quantum-pump-l8/runs/l8-allobs-20260728T230945/static/static_0374_U_neg6d000000_t_p1d400000.npz,1.4,0.003109786970167061,1,400
2.0,3.0,2.392710685051547,8,2.000000000000001,1.946586893907579,-6.0,0.005,/public/home/student090/quantum-pump-l8/runs/l8-allobs-20260728T230945/chern10/pair_0374_U_neg6d000000_t_p1d400000_N10.npz,10,1.9500309120136172,1000,0.9,0.9006821246497227,1124,1.4943601911454607e-13,374,50.0,/public/home/student090/quantum-pump-l8/runs/l8-allobs-20260728T230945/static/static_0374_U_neg6d000000_t_p1d400000.npz,1.4,0.003444018106038227,1,2000
2.0000000000000004,3.0,2.8425153382794086,8,1.9999999999999996,0.9041781572140363,-4.0,0.005,/public/home/student090/quantum-pump-l8/runs/l8-allobs-20260728T230945/chern10/pair_0375_U_neg4d000000_t_p1d400000_N10.npz,10,0.9070861351576796,40,0.9,0.030887542012404935,1125,2.4424906541753444e-15,375,2.0,/public/home/student090/quantum-pump-l8/runs/l8-allobs-20260728T230945/static/static_0375_U_neg4d000000_t_p1d400000.npz,1.4,0.0029079779436432807,1,80
2.0000000000000004,3.0,2.8425153382794086,8,1.9999999999999996,1.5635164781612303,-4.0,0.005,/public/home/student090/quantum-pump-l8/runs/l8-allobs-20260728T230945/chern10/pair_0375_U_neg4d000000_t_p1d400000_N10.npz,10,1.5668731608013684,200,0.9,0.1982888586545155,1126,1.3322676295501878e-14,375,10.0,/public/home/student090/quantum-pump-l8/runs/l8-allobs-20260728T230945/static/static_0375_U_neg4d000000_t_p1d400000.npz,1.4,0.003356682640138109,1,400
2.0000000000000004,3.0,2.8425153382794086,8,1.9999999999999996,1.9861673867230396,-4.0,0.005,/public/home/student090/quantum-pump-l8/runs/l8-allobs-20260728T230945/chern10/pair_0375_U_neg4d000000_t_p1d400000_N10.npz,10,1.9898641279120666,1000,0.9,0.9940700390983603,1127,5.706546346573305e-14,375,50.0,/public/home/student090/quantum-pump-l8/runs/l8-allobs-20260728T230945/static/static_0375_U_neg4d000000_t_p1d400000.npz,1.4,0.003696741189026964,1,2000
2.0000000000000004,3.0,3.3070275042076425,8,2.0,0.990754372524451,-2.0,0.005,/public/home/student090/quantum-pump-l8/runs/l8-allobs-20260728T230945/chern10/pair_0376_U_neg2d000000_t_p1d400000_N10.npz,10,0.9943919089851327,40,0.9,0.08284057810483669,1128,5.995204332975845e-15,376,2.0,/public/home/student090/quantum-pump-l8/runs/l8-allobs-20260728T230945/static/static_0376_U_neg2d000000_t_p1d400000.npz,1.4,0.0036375364606817673,1,80
2.0000000000000004,3.0,3.3070275042076425,8,2.0,1.89663639849702,-2.0,0.005,/public/home/student090/quantum-pump-l8/runs/l8-allobs-20260728T230945/chern10/pair_0376_U_neg2d000000_t_p1d400000_N10.npz,10,1.9007183880111553,200,0.9,0.6227844136671363,1129,3.441691376337985e-14,376,10.0,/public/home/student090/quantum-pump-l8/runs/l8-allobs-20260728T230945/static/static_0376_U_neg2d000000_t_p1d400000.npz,1.4,0.004081989514135298,1,400
2.0000000000000004,3.0,3.3070275042076425,8,2.0,2.007584782075813,-2.0,0.005,/public/home/student090/quantum-pump-l8/runs/l8-allobs-20260728T230945/chern10/pair_0376_U_neg2d000000_t_p1d400000_N10.npz,10,2.011533974499567,1000,0.9,0.9687326000522923,1130,1.6786572132332367e-13,376,50.0,/public/home/student090/quantum-pump-l8/runs/l8-allobs-20260728T230945/static/static_0376_U_neg2d000000_t_p1d400000.npz,1.4,0.0039491924237538,1,2000
2.0000000000000004,3.0,3.5999999999999677,8,1.9999999999999996,1.2033810136872058,0.0,0.005,/public/home/student090/quantum-pump-l8/runs/l8-allobs-20260728T230945/chern10/pair_0377_U_p0d000000_t_p1d400000_N10.npz,10,1.2047363425291662,80,0.9,0.3928313234765421,1131,4.107825191113079e-15,377,2.0,/public/home/student090/quantum-pump-l8/runs/l8-allobs-20260728T230945/static/static_0377_U_p0d000000_t_p1d400000.npz,1.4,0.0013553288419603238,2,160
2.0000000000000004,3.0,3.5999999999999677,8,1.9999999999999996,1.9817834923505107,0.0,0.005,/public/home/student090/quantum-pump-l8/runs/l8-allobs-20260728T230945/chern10/pair_0377_U_p0d000000_t_p1d400000_N10.npz,10,1.9859962318362734,200,0.9,0.9228969477677691,1132,6.8833827526759706e-15,377,10.0,/public/home/student090/quantum-pump-l8/runs/l8-allobs-20260728T230945/static/static_0377_U_p0d000000_t_p1d400000.npz,1.4,0.004212739485762729,1,400
2.0000000000000004,3.0,3.5999999999999677,8,1.9999999999999996,2.0214837529139684,0.0,0.005,/public/home/student090/quantum-pump-l8/runs/l8-allobs-20260728T230945/chern10/pair_0377_U_p0d000000_t_p1d400000_N10.npz,10,2.025618875044135,1000,0.9,0.9943824380253953,1133,2.4424906541753444e-14,377,50.0,/public/home/student090/quantum-pump-l8/runs/l8-allobs-20260728T230945/static/static_0377_U_p0d000000_t_p1d400000.npz,1.4,0.004135122130166646,1,2000
2.0,3.0,3.3070275042076247,8,2.0000000000000004,1.6124361482687233,2.0,0.005,/public/home/student090/quantum-pump-l8/runs/l8-allobs-20260728T230945/chern10/pair_0378_U_p2d000000_t_p1d400000_N10.npz,10,1.6138581156938812,80,0.9,0.3642564138182624,1134,1.2878587085651816e-14,378,2.0,/public/home/student090/quantum-pump-l8/runs/l8-allobs-20260728T230945/static/static_0378_U_p2d000000_t_p1d400000.npz,1.4,0.0014219674251578773,2,160
2.0,3.0,3.3070275042076247,8,2.0000000000000004,2.039954745130327,2.0,0.005,/public/home/student090/quantum-pump-l8/runs/l8-allobs-20260728T230945/chern10/pair_0378_U_p2d000000_t_p1d400000_N10.npz,10,2.044036224872971,200,0.9,0.9532080126600269,1135,2.930988785010413e-14,378,10.0,/public/home/student090/quantum-pump-l8/runs/l8-allobs-20260728T230945/static/static_0378_U_p2d000000_t_p1d400000.npz,1.4,0.004081479742644056,1,400
2.0,3.0,3.3070275042076247,8,2.0000000000000004,2.037026520980317,2.0,0.005,/public/home/student090/quantum-pump-l8/runs/l8-allobs-20260728T230945/chern10/pair_0378_U_p2d000000_t_p1d400000_N10.npz,10,2.041225098070815,1000,0.9,0.9972590174799071,1136,1.247890679678676e-13,378,50.0,/public/home/student090/quantum-pump-l8/runs/l8-allobs-20260728T230945/static/static_0378_U_p2d000000_t_p1d400000.npz,1.4,0.004198577090497757,1,2000
2.0,3.0,2.8425153382794264,8,2.0000000000000004,1.3635243472349008,4.0,0.005,/public/home/student090/quantum-pump-l8/runs/l8-allobs-20260728T230945/chern10/pair_0379_U_p4d000000_t_p1d400000_N10.npz,10,1.3670873304908504,40,0.9,0.05307853973866652,1137,2.220446049250313e-15,379,2.0,/public/home/student090/quantum-pump-l8/runs/l8-allobs-20260728T230945/static/static_0379_U_p4d000000_t_p1d400000.npz,1.4,0.0035629832559496144,1,80
2.0,3.0,2.8425153382794264,8,2.0000000000000004,2.0982840653137704,4.0,0.005,/public/home/student090/quantum-pump-l8/runs/l8-allobs-20260728T230945/chern10/pair_0379_U_p4d000000_t_p1d400000_N10.npz,10,2.102368275811277,200,0.9,0.9933859417642593,1138,5.10702591327572e-15,379,10.0,/public/home/student090/quantum-pump-l8/runs/l8-allobs-20260728T230945/static/static_0379_U_p4d000000_t_p1d400000.npz,1.4,0.004084210497506735,1,400
2.0,3.0,2.8425153382794264,8,2.0000000000000004,2.1224320092052977,4.0,0.005,/public/home/student090/quantum-pump-l8/runs/l8-allobs-20260728T230945/chern10/pair_0379_U_p4d000000_t_p1d400000_N10.npz,10,2.1265098724315954,1000,0.9,0.9991920248159446,1139,2.1538326677728037e-14,379,50.0,/public/home/student090/quantum-pump-l8/runs/l8-allobs-20260728T230945/static/static_0379_U_p4d000000_t_p1d400000.npz,1.4,0.004077863226297662,1,2000
1.9999999999999998,3.0,2.701713098075164,8,2.0,1.296742924185605,4.25,0.005,/public/home/student090/quantum-pump-l8/runs/l8-allobs-20260728T230945/chern10/pair_0380_U_p4d250000_t_p1d400000_N10.npz,10,1.3000098534860614,40,0.9,0.026252634438221796,1140,4.218847493575595e-15,380,2.0,/public/home/student090/quantum-pump-l8/runs/l8-allobs-20260728T230945/static/static_0380_U_p4d250000_t_p1d400000.npz,1.4,0.003266929300456356,1,80
1.9999999999999998,3.0,2.701713098075164,8,2.0,2.1134622121688635,4.25,0.005,/public/home/student090/quantum-pump-l8/runs/l8-allobs-20260728T230945/chern10/pair_0380_U_p4d250000_t_p1d400000_N10.npz,10,2.117517326448404,200,0.9,0.987860437975935,1141,2.0650148258027912e-14,380,10.0,/public/home/student090/quantum-pump-l8/runs/l8-allobs-20260728T230945/static/static_0380_U_p4d250000_t_p1d400000.npz,1.4,0.004055114279540639,1,400
1.9999999999999998,3.0,2.701713098075164,8,2.0,2.1436964048116276,4.25,0.005,/public/home/student090/quantum-pump-l8/runs/l8-allobs-20260728T230945/chern10/pair_0380_U_p4d250000_t_p1d400000_N10.npz,10,2.147746930494603,1000,0.9,0.9992562125832567,1142,1.0291767438275201e-13,380,50.0,/public/home/student090/quantum-pump-l8/runs/l8-allobs-20260728T230945/static/static_0380_U_p4d250000_t_p1d400000.npz,1.4,0.004050525682975259,1,2000
2.0000000000000004,3.0,2.556372395373483,8,2.0,1.2286824908690466,4.5,0.005,/public/home/student090/quantum-pump-l8/runs/l8-allobs-20260728T230945/chern10/pair_0381_U_p4d500000_t_p1d400000_N10.npz,10,1.231670966898859,40,0.9,0.008846047038207985,1143,7.549516567451064e-15,381,2.0,/public/home/student090/quantum-pump-l8/runs/l8-allobs-20260728T230945/static/static_0381_U_p4d500000_t_p1d400000.npz,1.4,0.002988476029812448,1,80
2.0000000000000004,3.0,2.556372395373483,8,2.0,2.1189692777752662,4.5,0.005,/public/home/student090/quantum-pump-l8/runs/l8-allobs-20260728T230945/chern10/pair_0381_U_p4d500000_t_p1d400000_N10.npz,10,2.1229659157674856,200,0.9,0.959932848482298,1144,3.730349362740526e-14,381,10.0,/public/home/student090/quantum-pump-l8/runs/l8-allobs-20260728T230945/static/static_0381_U_p4d500000_t_p1d400000.npz,1.4,0.003996637992219387,1,400
2.0000000000000004,3.0,2.556372395373483,8,2.0,2.1714342501653507,4.5,0.005,/public/home/student090/quantum-pump-l8/runs/l8-allobs-20260728T230945/chern10/pair_0381_U_p4d500000_t_p1d400000_N10.npz,10,2.175450266930541,1000,0.9,0.99956438611747,1145,1.8673951274195133e-13,381,50.0,/public/home/student090/quantum-pump-l8/runs/l8-allobs-20260728T230945/static/static_0381_U_p4d500000_t_p1d400000.npz,1.4,0.004016016765190145,1,2000
2.0000000000000004,3.0,2.418877591744179,8,1.9999999999999996,1.1611572180808356,4.75,0.005,/public/home/student090/quantum-pump-l8/runs/l8-allobs-20260728T230945/chern10/pair_0382_U_p4d750000_t_p1d400000_N10.npz,10,1.1638871772418358,40,0.9,0.0008140587475296801,1146,7.549516567451064e-15,382,2.0,/public/home/student090/quantum-pump-l8/runs/l8-allobs-20260728T230945/static/static_0382_U_p4d750000_t_p1d400000.npz,1.4,0.0027299591610001617,1,80
2.0000000000000004,3.0,2.418877591744179,8,1.9999999999999996,2.1016317405223015,4.75,0.005,/public/home/student090/quantum-pump-l8/runs/l8-allobs-20260728T230945/chern10/pair_0382_U_p4d750000_t_p1d400000_N10.npz,10,2.1055361050066974,200,0.9,0.8931763393444103,1147,2.930988785010413e-14,382,10.0,/public/home/student090/quantum-pump-l8/runs/l8-allobs-20260728T230945/static/static_0382_U_p4d750000_t_p1d400000.npz,1.4,0.0039043644843959058,1,400
2.0000000000000004,3.0,2.418877591744179,8,1.9999999999999996,2.205530921429489,4.75,0.005,/public/home/student090/quantum-pump-l8/runs/l8-allobs-20260728T230945/chern10/pair_0382_U_p4d750000_t_p1d400000_N10.npz,10,2.2095099380142176,1000,0.9,0.9996747712363744,1148,1.5365486660812167e-13,382,50.0,/public/home/student090/quantum-pump-l8/runs/l8-allobs-20260728T230945/static/static_0382_U_p4d750000_t_p1d400000.npz,1.4,0.003979016584728434,1,2000
2.0000000000000004,3.0,2.2903553694094576,8,2.0,1.0956453082632283,5.0,0.005,/public/home/student090/quantum-pump-l8/runs/l8-allobs-20260728T230945/chern10/pair_0383_U_p5d000000_t_p1d400000_N10.npz,10,1.0981360381851673,40,0.9,0.0010741643019535924,1149,8.659739592076221e-15,383,2.0,/public/home/student090/quantum-pump-l8/runs/l8-allobs-20260728T230945/static/static_0383_U_p5d000000_t_p1d400000.npz,1.4,0.0024907299219389945,1,80
2.0000000000000004,3.0,2.2903553694094576,8,2.0,2.043105651270296,5.0,0.005,/public/home/student090/quantum-pump-l8/runs/l8-allobs-20260728T230945/chern10/pair_0383_U_p5d000000_t_p1d400000_N10.npz,10,2.0468868188071405,200,0.9,0.7737334736323488,1150,3.9968028886505635e-14,383,10.0,/public/home/student090/quantum-pump-l8/runs/l8-allobs-20260728T230945/static/static_0383_U_p5d000000_t_p1d400000.npz,1.4,0.003781167536844432,1,400
2.0000000000000004,3.0,2.2903553694094576,8,2.0,2.246843879712249,5.0,0.005,/public/home/student090/quantum-pump-l8/runs/l8-allobs-20260728T230945/chern10/pair_0383_U_p5d000000_t_p1d400000_N10.npz,10,2.250781748690921,1000,0.9,0.9997090003115549,1151,2.0938806244430452e-13,383,50.0,/public/home/student090/quantum-pump-l8/runs/l8-allobs-20260728T230945/static/static_0383_U_p5d000000_t_p1d400000.npz,1.4,0.00393786897867221,1,2000
2.0000000000000004,3.0,2.1720853907189444,8,2.0,1.033226842179648,5.25,0.005,/public/home/student090/quantum-pump-l8/runs/l8-allobs-20260728T230945/chern10/pair_0384_U_p5d250000_t_p1d400000_N10.npz,10,1.035494461379623,40,0.9,0.007835531842572305,1152,9.325873406851315e-15,384,2.0,/public/home/student090/quantum-pump-l8/runs/l8-allobs-20260728T230945/static/static_0384_U_p5d250000_t_p1d400000.npz,1.4,0.0022676191999750905,1,80
2.0000000000000004,3.0,2.1720853907189444,8,2.0,1.9222576294316074,5.25,0.005,/public/home/student090/quantum-pump-l8/runs/l8-allobs-20260728T230945/chern10/pair_0384_U_p5d250000_t_p1d400000_N10.npz,10,1.9258693257814352,200,0.9,0.6000549896937042,1153,4.54081217071689e-14,384,10.0,/public/home/student090/quantum-pump-l8/runs/l8-allobs-20260728T230945/static/static_0384_U_p5d250000_t_p1d400000.npz,1.4,0.003611696349827831,1,400
2.0000000000000004,3.0,2.1720853907189444,8,2.0,2.298172522076303,5.25,0.005,/public/home/student090/quantum-pump-l8/runs/l8-allobs-20260728T230945/chern10/pair_0384_U_p5d250000_t_p1d400000_N10.npz,10,2.302064565905405,1000,0.9,0.9996250626831339,1154,2.2160051571518125e-13,384,50.0,/public/home/student090/quantum-pump-l8/runs/l8-allobs-20260728T230945/static/static_0384_U_p5d250000_t_p1d400000.npz,1.4,0.003892043829101688,1,2000
2.0000000000000004,3.0,2.061429538148664,8,2.0000000000000004,0.9745712956484035,5.5,0.005,/public/home/student090/quantum-pump-l8/runs/l8-allobs-20260728T230945/chern10/pair_0385_U_p5d500000_t_p1d400000_N10.npz,10,0.9766271228866495,40,0.9,0.01898672114077793,1155,7.993605777301127e-15,385,2.0,/public/home/student090/quantum-pump-l8/runs/l8-allobs-20260728T230945/static/static_0385_U_p5d500000_t_p1d400000.npz,1.4,0.002055827238246044,1,80
2.0000000000000004,3.0,2.061429538148664,8,2.0000000000000004,1.7241100554494952,5.5,0.005,/public/home/student090/quantum-pump-l8/runs/l8-allobs-20260728T230945/chern10/pair_0385_U_p5d500000_t_p1d400000_N10.npz,10,1.7274882720336433,200,0.9,0.39369494010113926,1156,3.6415315207705135e-14,385,10.0,/public/home/student090/quantum-pump-l8/runs/l8-allobs-20260728T230945/static/static_0385_U_p5d500000_t_p1d400000.npz,1.4,0.0033782165841480527,1,400
2.0000000000000004,3.0,2.061429538148664,8,2.0000000000000004,2.358486839575233,5.5,0.005,/public/home/student090/quantum-pump-l8/runs/l8-allobs-20260728T230945/chern10/pair_0385_U_p5d500000_t_p1d400000_N10.npz,10,2.3623350402730177,1000,0.9,0.9981617937879682,1157,1.7896795156957523e-13,385,50.0,/public/home/student090/quantum-pump-l8/runs/l8-allobs-20260728T230945/static/static_0385_U_p5d500000_t_p1d400000.npz,1.4,0.003848200697784687,1,2000
2.0000000000000004,3.0,1.9418244291362718,8,2.0000000000000004,0.9199738146321493,5.75,0.005,/public/home/student090/quantum-pump-l8/runs/l8-allobs-20260728T230945/chern10/pair_0386_U_p5d750000_t_p1d400000_N10.npz,10,0.9218237972512342,40,0.9,0.03242515805972495,1158,8.881784197001252e-16,386,2.0,/public/home/student090/quantum-pump-l8/runs/l8-allobs-20260728T230945/static/static_0386_U_p5d750000_t_p1d400000.npz,1.4,0.0018499826190848667,1,80
2.0000000000000004,3.0,1.9418244291362718,8,2.0000000000000004,1.462233867684845,5.75,0.005,/public/home/student090/quantum-pump-l8/runs/l8-allobs-20260728T230945/chern10/pair_0386_U_p5d750000_t_p1d400000_N10.npz,10,1.4653386058866371,200,0.9,0.20630769959637357,1159,4.218847493575595e-15,386,10.0,/public/home/student090/quantum-pump-l8/runs/l8-allobs-20260728T230945/static/static_0386_U_p5d750000_t_p1d400000.npz,1.4,0.0031047382017921343,1,400
2.0000000000000004,3.0,1.9418244291362718,8,2.0000000000000004,2.4247781873136494,5.75,0.005,/public/home/student090/quantum-pump-l8/runs/l8-allobs-20260728T230945/chern10/pair_0386_U_p5d750000_t_p1d400000_N10.npz,10,2.428560313870442,1000,0.9,0.9891506172333877,1160,2.4646951146678475e-14,386,50.0,/public/home/student090/quantum-pump-l8/runs/l8-allobs-20260728T230945/static/static_0386_U_p5d750000_t_p1d400000.npz,1.4,0.0037821265567927753,1,2000
2.0,3.0,1.918720096152235,8,2.0,0.9095449413388728,5.8,0.005,/public/home/student090/quantum-pump-l8/runs/l8-allobs-20260728T230945/chern10/pair_0387_U_p5d800000_t_p1d400000_N10.npz,10,0.9113540154633523,40,0.9,0.03521675025837701,1161,6.8833827526759706e-15,387,2.0,/public/home/student090/quantum-pump-l8/runs/l8-allobs-20260728T230945/static/static_0387_U_p5d800000_t_p1d400000.npz,1.4,0.0018090741244795039,1,80
2.0,3.0,1.918720096152235,8,2.0,1.4065542816602095,5.8,0.005,/public/home/student090/quantum-pump-l8/runs/l8-allobs-20260728T230945/chern10/pair_0387_U_p5d800000_t_p1d400000_N10.npz,10,1.4096047252749373,200,0.9,0.17733938532039692,1162,3.519406988061746e-14,387,10.0,/public/home/student090/quantum-pump-l8/runs/l8-allobs-20260728T230945/static/static_0387_U_p5d800000_t_p1d400000.npz,1.4,0.003050443614727838,1,400
2.0,3.0,1.918720096152235,8,2.0,2.438564261842911,5.8,0.005,/public/home/student090/quantum-pump-l8/runs/l8-allobs-20260728T230945/chern10/pair_0387_U_p5d800000_t_p1d400000_N10.npz,10,2.4423305096996146,1000,0.9,0.985498153608197,1163,1.6653345369377348e-13,387,50.0,/public/home/student090/quantum-pump-l8/runs/l8-allobs-20260728T230945/static/static_0387_U_p5d800000_t_p1d400000.npz,1.4,0.003766247856703764,1,2000
2.0000000000000004,3.0,1.8291714294611676,8,2.0,0.8694258751370771,6.0,0.005,/public/home/student090/quantum-pump-l8/runs/l8-allobs-20260728T230945/chern10/pair_0388_U_p6d000000_t_p1d400000_N10.npz,10,0.871070998978692,40,0.9,0.04627635655118009,1164,7.771561172376096e-15,388,2.0,/public/home/student090/quantum-pump-l8/runs/l8-allobs-20260728T230945/static/static_0388_U_p6d000000_t_p1d400000.npz,1.4,0.0016451238416148595,1,80
2.0000000000000004,3.0,1.8291714294611676,8,2.0,1.1929101850515405,6.0,0.005,/public/home/student090/quantum-pump-l8/runs/l8-allobs-20260728T230945/chern10/pair_0388_U_p6d000000_t_p1d400000_N10.npz,10,1.1957597085778828,200,0.9,0.10880495313526302,1165,3.9745984281580604e-14,388,10.0,/public/home/student090/quantum-pump-l8/runs/l8-allobs-20260728T230945/static/static_0388_U_p6d000000_t_p1d400000.npz,1.4,0.002849523526342379,1,400
2.0000000000000004,3.0,1.8291714294611676,8,2.0,2.509205885932787,6.0,0.005,/public/home/student090/quantum-pump-l8/runs/l8-allobs-20260728T230945/chern10/pair_0388_U_p6d000000_t_p1d400000_N10.npz,10,2.5129057518747833,1000,0.9,0.9651620906251632,1166,1.9773072068574038e-13,388,50.0,/public/home/student090/quantum-pump-l8/runs/l8-allobs-20260728T230945/static/static_0388_U_p6d000000_t_p1d400000.npz,1.4,0.0036998659419964497,1,2000
2.0,3.0,1.7444105779698322,8,2.0,0.8317545624453652,6.2,0.005,/public/home/student090/quantum-pump-l8/runs/l8-allobs-20260728T230945/chern10/pair_0389_U_p6d200000_t_p1d400000_N10.npz,10,0.8332339069872947,40,0.9,0.05661365354438449,1167,1.9984014443252818e-15,389,2.0,/public/home/student090/quantum-pump-l8/runs/l8-allobs-20260728T230945/static/static_0389_U_p6d200000_t_p1d400000.npz,1.4,0.0014793445419295503,1,80
2.0,3.0,1.7444105779698322,8,2.0,1.02202373243984,6.2,0.005,/public/home/student090/quantum-pump-l8/runs/l8-allobs-20260728T230945/chern10/pair_0389_U_p6d200000_t_p1d400000_N10.npz,10,1.0247043461070857,200,0.9,0.1345370455726746,1168,7.771561172376096e-15,389,10.0,/public/home/student090/quantum-pump-l8/runs/l8-allobs-20260728T230945/static/static_0389_U_p6d200000_t_p1d400000.npz,1.4,0.0026806136672457015,1,400
2.0,3.0,1.7444105779698322,8,2.0,2.5722613429746968,6.2,0.005,/public/home/student090/quantum-pump-l8/runs/l8-allobs-20260728T230945/chern10/pair_0389_U_p6d200000_t_p1d400000_N10.npz,10,2.575890625395833,1000,0.9,0.9535263784476599,1169,3.6637359812630166e-14,389,50.0,/public/home/student090/quantum-pump-l8/runs/l8-allobs-20260728T230945/static/static_0389_U_p6d200000_t_p1d400000.npz,1.4,0.0036292824211363595,1,2000
1.9999999999999998,3.0,1.7239965543698208,8,2.0,0.8226982439387733,6.25,0.005,/public/home/student090/quantum-pump-l8/runs/l8-allobs-20260728T230945/chern10/pair_0390_U_p6d250000_t_p1d400000_N10.npz,10,0.8241357022136944,40,0.9,0.05901090632423264,1170,8.770761894538737e-15,390,2.0,/public/home/student090/quantum-pump-l8/runs/l8-allobs-20260728T230945/static/static_0390_U_p6d250000_t_p1d400000.npz,1.4,0.001437458274921033,1,80
1.9999999999999998,3.0,1.7239965543698208,8,2.0,0.9892022766033375,6.25,0.005,/public/home/student090/quantum-pump-l8/runs/l8-allobs-20260728T230945/chern10/pair_0390_U_p6d250000_t_p1d400000_N10.npz,10,0.9918447131105573,200,0.9,0.156820032143583,1171,4.1300296516055823e-14,390,10.0,/public/home/student090/quantum-pump-l8/runs/l8-allobs-20260728T230945/static/static_0390_U_p6d250000_t_p1d400000.npz,1.4,0.0026424365072198475,1,400
1.9999999999999998,3.0,1.7239965543698208,8,2.0,2.567764643715009,6.25,0.005,/public/home/student090/quantum-pump-l8/runs/l8-allobs-20260728T230945/chern10/pair_0390_U_p6d250000_t_p1d400000_N10.npz,10,2.571374692484154,1000,0.9,0.9555192193595954,1172,2.0949908474676704e-13,390,50.0,/public/home/student090/quantum-pump-l8/runs/l8-allobs-20260728T230945/static/static_0390_U_p6d250000_t_p1d400000.npz,1.4,0.00361004876914528,1,2000
2.0000000000000004,3.0,0.8945323058064929,8,1.9999999999999998,0.7794157613670474,6.5,0.005,/public/home/student090/quantum-pump-l8/runs/l8-allobs-20260728T230945/chern10/pair_0391_U_p6d500000_t_p1d400000_N10.npz,20,0.7806406327419954,40,0.9,0.06949417978100257,1173,6.8833827526759706e-15,391,2.0,/public/home/student090/quantum-pump-l8/runs/l8-allobs-20260728T230945/static/static_0391_U_p6d500000_t_p1d400000.npz,1.4,0.0012248713749479778,1,80
2.0000000000000004,3.0,0.8945323058064929,8,1.9999999999999998,0.8872932376730427,6.5,0.005,/public/home/student090/quantum-pump-l8/runs/l8-allobs-20260728T230945/chern10/pair_0391_U_p6d500000_t_p1d400000_N10.npz,20,0.8897578644779925,200,0.9,0.34896218229214904,1174,3.26405569239796e-14,391,10.0,/public/home/student090/quantum-pump-l8/runs/l8-allobs-20260728T230945/static/static_0391_U_p6d500000_t_p1d400000.npz,1.4,0.0024646268049498543,1,400
2.0000000000000004,3.0,0.8945323058064929,8,1.9999999999999998,2.52060649645544,6.5,0.005,/public/home/student090/quantum-pump-l8/runs/l8-allobs-20260728T230945/chern10/pair_0391_U_p6d500000_t_p1d400000_N10.npz,20,2.5240385179876763,1000,0.9,0.9445998307405387,1175,1.6120438317557273e-13,391,50.0,/public/home/student090/quantum-pump-l8/runs/l8-allobs-20260728T230945/static/static_0391_U_p6d500000_t_p1d400000.npz,1.4,0.003432021532236096,1,2000
2.0,3.0,0.7230332827771306,8,2.0000000000000004,0.7391128397041441,6.75,0.005,/public/home/student090/quantum-pump-l8/runs/l8-allobs-20260728T230945/chern10/pair_0392_U_p6d750000_t_p1d400000_N10.npz,20,0.7401200622239518,40,0.9,0.0769980202822543,1176,6.217248937900877e-15,392,2.0,/public/home/student090/quantum-pump-l8/runs/l8-allobs-20260728T230945/static/static_0392_U_p6d750000_t_p1d400000.npz,1.4,0.0010072225198076712,1,80
2.0,3.0,0.7230332827771306,8,2.0000000000000004,0.857008864960447,6.75,0.005,/public/home/student090/quantum-pump-l8/runs/l8-allobs-20260728T230945/chern10/pair_0392_U_p6d750000_t_p1d400000_N10.npz,20,0.8593237718499681,200,0.9,0.6044766868511153,1177,3.352873534367973e-14,392,10.0,/public/home/student090/quantum-pump-l8/runs/l8-allobs-20260728T230945/static/static_0392_U_p6d750000_t_p1d400000.npz,1.4,0.0023149068895210734,1,400
2.0,3.0,0.7230332827771306,8,2.0000000000000004,2.0925246164936047,6.75,0.005,/public/home/student090/quantum-pump-l8/runs/l8-allobs-20260728T230945/chern10/pair_0392_U_p6d750000_t_p1d400000_N10.npz,20,2.095623690732963,1000,0.9,0.6924415301799522,1178,1.6853185513809876e-13,392,50.0,/public/home/student090/quantum-pump-l8/runs/l8-allobs-20260728T230945/static/static_0392_U_p6d750000_t_p1d400000.npz,1.4,0.0030990742393584014,1,2000
2.0,3.0,0.5560763974313208,8,2.0000000000000004,0.7012702590772204,7.0,0.005,/public/home/student090/quantum-pump-l8/runs/l8-allobs-20260728T230945/chern10/pair_0393_U_p7d000000_t_p1d400000_N10.npz,20,0.7020567105346591,40,0.9,0.08118436137862627,1179,4.773959005888173e-15,393,2.0,/public/home/student090/quantum-pump-l8/runs/l8-allobs-20260728T230945/static/static_0393_U_p7d000000_t_p1d400000.npz,1.4,0.0007864514574387194,1,80
2.0,3.0,0.5560763974313208,8,2.0000000000000004,0.8303214319366247,7.0,0.005,/public/home/student090/quantum-pump-l8/runs/l8-allobs-20260728T230945/chern10/pair_0393_U_p7d000000_t_p1d400000_N10.npz,20,0.8325390354091429,200,0.9,0.7853182822148324,1180,2.653433028854124e-14,393,10.0,/public/home/student090/quantum-pump-l8/runs/l8-allobs-20260728T230945/static/static_0393_U_p7d000000_t_p1d400000.npz,1.4,0.0022176034725182037,1,400
2.0,3.0,0.5560763974313208,8,2.0000000000000004,1.0615847418113633,7.0,0.005,/public/home/student090/quantum-pump-l8/runs/l8-allobs-20260728T230945/chern10/pair_0393_U_p7d000000_t_p1d400000_N10.npz,20,1.0641570523603072,1000,0.9,0.4696999386065197,1181,1.1723955140041653e-13,393,50.0,/public/home/student090/quantum-pump-l8/runs/l8-allobs-20260728T230945/static/static_0393_U_p7d000000_t_p1d400000.npz,1.4,0.0025723105489439124,1,2000
2.0,3.0,0.39478292696717876,8,2.0,0.6653418568663882,7.25,0.005,/public/home/student090/quantum-pump-l8/runs/l8-allobs-20260728T230945/chern10/pair_0394_U_p7d250000_t_p1d400000_N10.npz,20,0.6659083253856488,40,0.9,0.08205835529089839,1182,7.882583474838611e-15,394,2.0,/public/home/student090/quantum-pump-l8/runs/l8-allobs-20260728T230945/static/static_0394_U_p7d250000_t_p1d400000.npz,1.4,0.0005664685192605656,1,80
2.0,3.0,0.39478292696717876,8,2.0,0.7500693218347472,7.25,0.005,/public/home/student090/quantum-pump-l8/runs/l8-allobs-20260728T230945/chern10/pair_0394_U_p7d250000_t_p1d400000_N10.npz,20,0.7521934919506259,200,0.9,0.7657173058411075,1183,3.8413716652030416e-14,394,10.0,/public/home/student090/quantum-pump-l8/runs/l8-allobs-20260728T230945/static/static_0394_U_p7d250000_t_p1d400000.npz,1.4,0.002124170115878732,1,400
2.0,3.0,0.39478292696717876,8,2.0,-0.07777476314864576,7.25,0.005,/public/home/student090/quantum-pump-l8/runs/l8-allobs-20260728T230945/chern10/pair_0394_U_p7d250000_t_p1d400000_N10.npz,20,-0.075610150469795,1000,0.9,0.0931595454872707,1184,1.8618440122963875e-13,394,50.0,/public/home/student090/quantum-pump-l8/runs/l8-allobs-20260728T230945/static/static_0394_U_p7d250000_t_p1d400000.npz,1.4,0.0021646126788507636,1,2000
2.0,3.0,0.24052811276970054,8,2.0,0.6307808493841507,7.5,0.005,/public/home/student090/quantum-pump-l8/runs/l8-allobs-20260728T230945/chern10/pair_0395_U_p7d500000_t_p1d400000_N10.npz,20,0.6311336246979777,40,0.9,0.07989247555590928,1185,5.773159728050814e-15,395,2.0,/public/home/student090/quantum-pump-l8/runs/l8-allobs-20260728T230945/static/static_0395_U_p7d500000_t_p1d400000.npz,1.4,0.0003527753138270473,1,80
2.0,3.0,0.24052811276970054,8,2.0,0.5947558447006539,7.5,0.005,/public/home/student090/quantum-pump-l8/runs/l8-allobs-20260728T230945/chern10/pair_0395_U_p7d500000_t_p1d400000_N10.npz,20,0.5967243314345135,200,0.9,0.5249806647585593,1186,2.886579864025407e-14,395,10.0,/public/home/student090/quantum-pump-l8/runs/l8-allobs-20260728T230945/static/static_0395_U_p7d500000_t_p1d400000.npz,1.4,0.0019684867338596312,1,400
2.0,3.0,0.24052811276970054,8,2.0,-0.3298242309930061,7.5,0.005,/public/home/student090/quantum-pump-l8/runs/l8-allobs-20260728T230945/chern10/pair_0395_U_p7d500000_t_p1d400000_N10.npz,20,-0.32778126877926733,1000,0.9,0.5388905255998863,1187,1.6053824936079764e-13,395,50.0,/public/home/student090/quantum-pump-l8/runs/l8-allobs-20260728T230945/static/static_0395_U_p7d500000_t_p1d400000.npz,1.4,0.002042962213738786,1,2000
2.0000000000000004,3.0,0.09492700863519588,8,2.0,0.5970707446457957,7.75,0.005,/public/home/student090/quantum-pump-l8/runs/l8-allobs-20260728T230945/chern10/pair_0396_U_p7d750000_t_p1d400000_N10.npz,20,0.5972225452996172,40,0.9,0.07513742758616197,1188,5.10702591327572e-15,396,2.0,/public/home/student090/quantum-pump-l8/runs/l8-allobs-20260728T230945/static/static_0396_U_p7d750000_t_p1d400000.npz,1.4,0.00015180065382147667,1,80
2.0000000000000004,3.0,0.09492700863519588,8,2.0,0.39926910352743306,7.75,0.005,/public/home/student090/quantum-pump-l8/runs/l8-allobs-20260728T230945/chern10/pair_0396_U_p7d750000_t_p1d400000_N10.npz,20,0.40107697553093397,200,0.9,0.20465314528649242,1189,2.1094237467877974e-14,396,10.0,/public/home/student090/quantum-pump-l8/runs/l8-allobs-20260728T230945/static/static_0396_U_p7d750000_t_p1d400000.npz,1.4,0.00180787200350091,1,400
2.0000000000000004,3.0,0.09492700863519588,8,2.0,0.032690847118720306,7.75,0.005,/public/home/student090/quantum-pump-l8/runs/l8-allobs-20260728T230945/chern10/pair_0396_U_p7d750000_t_p1d400000_N10.npz,20,0.03455401970185616,1000,0.9,0.8453822206480279,1190,9.126033262418787e-14,396,50.0,/public/home/student090/quantum-pump-l8/runs/l8-allobs-20260728T230945/static/static_0396_U_p7d750000_t_p1d400000.npz,1.4,0.0018631725831358553,1,2000
7.067899292141149e-17,3.0,0.04023360693757905,8,0.0,0.5637590209739616,8.0,0.005,/public/home/student090/quantum-pump-l8/runs/l8-allobs-20260728T230945/chern10/pair_0397_U_p8d000000_t_p1d400000_N10.npz,20,0.5637290489344842,40,0.9,0.06834593006866396,1191,1.4432899320127035e-15,397,2.0,/public/home/student090/quantum-pump-l8/runs/l8-allobs-20260728T230945/static/static_0397_U_p8d000000_t_p1d400000.npz,1.4,2.997203947741056e-05,1,80
7.067899292141149e-17,3.0,0.04023360693757905,8,0.0,0.2561706788124404,8.0,0.005,/public/home/student090/quantum-pump-l8/runs/l8-allobs-20260728T230945/chern10/pair_0397_U_p8d000000_t_p1d400000_N10.npz,20,0.2578987095864545,200,0.9,0.03961472127626879,1192,5.329070518200751e-15,397,10.0,/public/home/student090/quantum-pump-l8/runs/l8-allobs-20260728T230945/static/static_0397_U_p8d000000_t_p1d400000.npz,1.4,0.001728030774014122,1,400
7.067899292141149e-17,3.0,0.04023360693757905,8,0.0,-0.05132402084911173,8.0,0.005,/public/home/student090/quantum-pump-l8/runs/l8-allobs-20260728T230945/chern10/pair_0397_U_p8d000000_t_p1d400000_N10.npz,20,-0.04960730697052849,1000,0.9,0.9258505998024227,1193,2.653433028854124e-14,397,50.0,/public/home/student090/quantum-pump-l8/runs/l8-allobs-20260728T230945/static/static_0397_U_p8d000000_t_p1d400000.npz,1.4,0.0017167138785832425,1,2000
2.8271597168564594e-16,3.0,0.16313982993643616,8,-5.551115123125783e-17,0.5304871739298149,8.25,0.005,/public/home/student090/quantum-pump-l8/runs/l8-allobs-20260728T230945/chern10/pair_0398_U_p8d250000_t_p1d400000_N10.npz,20,0.530300256995966,40,0.9,0.06013026255821176,1194,4.218847493575595e-15,398,2.0,/public/home/student090/quantum-pump-l8/runs/l8-allobs-20260728T230945/static/static_0398_U_p8d250000_t_p1d400000.npz,1.4,0.00018691693384897956,1,80
2.8271597168564594e-16,3.0,0.16313982993643616,8,-5.551115123125783e-17,0.23387735834885048,8.25,0.005,/public/home/student090/quantum-pump-l8/runs/l8-allobs-20260728T230945/chern10/pair_0398_U_p8d250000_t_p1d400000_N10.npz,20,0.23559831249755242,200,0.9,0.16412460363091924,1195,1.865174681370263e-14,398,10.0,/public/home/student090/quantum-pump-l8/runs/l8-allobs-20260728T230945/static/static_0398_U_p8d250000_t_p1d400000.npz,1.4,0.0017209541487019364,1,400
2.8271597168564594e-16,3.0,0.16313982993643616,8,-5.551115123125783e-17,-0.0997772121214627,8.25,0.005,/public/home/student090/quantum-pump-l8/runs/l8-allobs-20260728T230945/chern10/pair_0398_U_p8d250000_t_p1d400000_N10.npz,20,-0.09800995328673838,1000,0.9,0.9285784043751469,1196,8.415490526658687e-14,398,50.0,/public/home/student090/quantum-pump-l8/runs/l8-allobs-20260728T230945/static/static_0398_U_p8d250000_t_p1d400000.npz,1.4,0.001767258834724325,1,2000
2.1203697876423444e-16,3.0,0.2721770139416746,8,-5.551115123125783e-17,0.49701050946837483,8.5,0.005,/public/home/student090/quantum-pump-l8/runs/l8-allobs-20260728T230945/chern10/pair_0399_U_p8d500000_t_p1d400000_N10.npz,20,0.49669549843805594,40,0.9,0.05115507244638252,1197,1.7763568394002505e-15,399,2.0,/public/home/student090/quantum-pump-l8/runs/l8-allobs-20260728T230945/static/static_0399_U_p8d500000_t_p1d400000.npz,1.4,0.0003150110303188902,1,80
2.1203697876423444e-16,3.0,0.2721770139416746,8,-5.551115123125783e-17,0.28603056664288884,8.5,0.005,/public/home/student090/quantum-pump-l8/runs/l8-allobs-20260728T230945/chern10/pair_0399_U_p8d500000_t_p1d400000_N10.npz,20,0.2877474556777746,200,0.9,0.4732646228627369,1198,1.176836406102666e-14,399,10.0,/public/home/student090/quantum-pump-l8/runs/l8-allobs-20260728T230945/static/static_0399_U_p8d500000_t_p1d400000.npz,1.4,0.0017168890348857602,1,400
2.1203697876423444e-16,3.0,0.2721770139416746,8,-5.551115123125783e-17,0.20393220915750787,8.5,0.005,/public/home/student090/quantum-pump-l8/runs/l8-allobs-20260728T230945/chern10/pair_0399_U_p8d500000_t_p1d400000_N10.npz,20,0.20576091063665275,1000,0.9,0.597937581733842,1199,4.873879078104437e-14,399,50.0,/public/home/student090/quantum-pump-l8/runs/l8-allobs-20260728T230945/static/static_0399_U_p8d500000_t_p1d400000.npz,1.4,0.0018287014791448786,1,2000
-2.1203697876423444e-16,3.0,0.36620330252677125,8,0.0,0.46320449328793967,8.75,0.005,/public/home/student090/quantum-pump-l8/runs/l8-allobs-20260728T230945/chern10/pair_0400_U_p8d750000_t_p1d400000_N10.npz,20,0.46279224591714296,40,0.9,0.042145742858285505,1200,1.4432899320127035e-15,400,2.0,/public/home/student090/quantum-pump-l8/runs/l8-allobs-20260728T230945/static/static_0400_U_p8d750000_t_p1d400000.npz,1.4,0.00041224737079670337,1,80
-2.1203697876423444e-16,3.0,0.36620330252677125,8,0.0,0.3023082590292073,8.75,0.005,/public/home/student090/quantum-pump-l8/runs/l8-allobs-20260728T230945/chern10/pair_0400_U_p8d750000_t_p1d400000_N10.npz,20,0.303969239345606,200,0.9,0.7189342219738911,1201,3.4416913763379853e-15,400,10.0,/public/home/student090/quantum-pump-l8/runs/l8-allobs-20260728T230945/static/static_0400_U_p8d750000_t_p1d400000.npz,1.4,0.0016609803163986636,1,400
-2.1203697876423444e-16,3.0,0.36620330252677125,8,0.0,0.29480809860875073,8.75,0.005,/public/home/student090/quantum-pump-l8/runs/l8-allobs-20260728T230945/chern10/pair_0400_U_p8d750000_t_p1d400000_N10.npz,20,0.29665154623265566,1000,0.9,0.26347161652845835,1202,3.219646771412954e-15,400,50.0,/public/home/student090/quantum-pump-l8/runs/l8-allobs-20260728T230945/static/static_0400_U_p8d750000_t_p1d400000.npz,1.4,0.0018434476239049258,1,2000
-1.766974823035287e-17,3.0,0.44478790671985546,8,0.0,0.4290590391666874,9.0,0.005,/public/home/student090/quantum-pump-l8/runs/l8-allobs-20260728T230945/chern10/pair_0401_U_p9d000000_t_p1d400000_N10.npz,20,0.4285803868264745,40,0.9,0.033883662024784975,1203,5.329070518200751e-15,401,2.0,/public/home/student090/quantum-pump-l8/runs/l8-allobs-20260728T230945/static/static_0401_U_p9d000000_t_p1d400000.npz,1.4,0.00047865234021293723,1,80
-1.766974823035287e-17,3.0,0.44478790671985546,8,0.0,0.24178289265922767,9.0,0.005,/public/home/student090/quantum-pump-l8/runs/l8-allobs-20260728T230945/chern10/pair_0401_U_p9d000000_t_p1d400000_N10.npz,20,0.243353134470021,200,0.9,0.752027908793609,1204,2.2870594307278225e-14,401,10.0,/public/home/student090/quantum-pump-l8/runs/l8-allobs-20260728T230945/static/static_0401_U_p9d000000_t_p1d400000.npz,1.4,0.0015702418107933214,1,400
-1.766974823035287e-17,3.0,0.44478790671985546,8,0.0,-0.05143027202994876,9.0,0.005,/public/home/student090/quantum-pump-l8/runs/l8-allobs-20260728T230945/chern10/pair_0401_U_p9d000000_t_p1d400000_N10.npz,20,-0.04950225062170063,1000,0.9,0.49462884389037665,1205,1.0724754417879012e-13,401,50.0,/public/home/student090/quantum-pump-l8/runs/l8-allobs-20260728T230945/static/static_0401_U_p9d000000_t_p1d400000.npz,1.4,0.0019280214082481248,1,2000
0.0,3.0,0.45342592503856594,8,0.0,0.3946652819235448,9.25,0.005,/public/home/student090/quantum-pump-l8/runs/l8-allobs-20260728T230945/chern10/pair_0402_U_p9d250000_t_p1d400000_N10.npz,20,0.39414932410386205,40,0.9,0.02716855927522095,1206,6.439293542825908e-15,402,2.0,/public/home/student090/quantum-pump-l8/runs/l8-allobs-20260728T230945/static/static_0402_U_p9d250000_t_p1d400000.npz,1.4,0.0005159578196827219,1,80
0.0,3.0,0.45342592503856594,8,0.0,0.15730683457579353,9.25,0.005,/public/home/student090/quantum-pump-l8/runs/l8-allobs-20260728T230945/chern10/pair_0402_U_p9d250000_t_p1d400000_N10.npz,20,0.15877378415801602,200,0.9,0.6393901427924896,1207,2.4868995751603507e-14,402,10.0,/public/home/student090/quantum-pump-l8/runs/l8-allobs-20260728T230945/static/static_0402_U_p9d250000_t_p1d400000.npz,1.4,0.0014669495822224876,1,400
0.0,3.0,0.45342592503856594,8,0.0,-0.3374441760558744,9.25,0.005,/public/home/student090/quantum-pump-l8/runs/l8-allobs-20260728T230945/chern10/pair_0402_U_p9d250000_t_p1d400000_N10.npz,20,-0.3353741715996279,1000,0.9,0.9542836642545005,1208,1.1546319456101628e-13,402,50.0,/public/home/student090/quantum-pump-l8/runs/l8-allobs-20260728T230945/static/static_0402_U_p9d250000_t_p1d400000.npz,1.4,0.002070004456246499,1,2000
2.738810975704695e-16,3.0,0.44993769128700123,8,0.0,0.36019990672224333,9.5,0.005,/public/home/student090/quantum-pump-l8/runs/l8-allobs-20260728T230945/chern10/pair_0403_U_p9d500000_t_p1d400000_N10.npz,20,0.3596728446590963,40,0.9,0.022748607277436064,1209,6.8833827526759706e-15,403,2.0,/public/home/student090/quantum-pump-l8/runs/l8-allobs-20260728T230945/static/static_0403_U_p9d500000_t_p1d400000.npz,1.4,0.0005270620631470102,1,80
2.738810975704695e-16,3.0,0.44993769128700123,8,0.0,0.10151418257670751,9.5,0.005,/public/home/student090/quantum-pump-l8/runs/l8-allobs-20260728T230945/chern10/pair_0403_U_p9d500000_t_p1d400000_N10.npz,20,0.1028910124889641,200,0.9,0.5506923902248223,1210,3.241851231905457e-14,403,10.0,/public/home/student090/quantum-pump-l8/runs/l8-allobs-20260728T230945/static/static_0403_U_p9d500000_t_p1d400000.npz,1.4,0.0013768299122565858,1,400
2.738810975704695e-16,3.0,0.44993769128700123,8,0.0,-0.26309481111196414,9.5,0.005,/public/home/student090/quantum-pump-l8/runs/l8-allobs-20260728T230945/chern10/pair_0403_U_p9d500000_t_p1d400000_N10.npz,20,-0.2609465500510627,1000,0.9,0.8340112187560581,1211,1.4654943925052066e-13,403,50.0,/public/home/student090/quantum-pump-l8/runs/l8-allobs-20260728T230945/static/static_0403_U_p9d500000_t_p1d400000.npz,1.4,0.002148261060901435,1,2000
1.501928599579994e-16,3.0,0.44531623174118895,8,0.0,0.3259103655521493,9.75,0.005,/public/home/student090/quantum-pump-l8/runs/l8-allobs-20260728T230945/chern10/pair_0404_U_p9d750000_t_p1d400000_N10.npz,20,0.32539492366815564,40,0.9,0.021238374717620793,1212,3.774758283725532e-15,404,2.0,/public/home/student090/quantum-pump-l8/runs/l8-allobs-20260728T230945/static/static_0404_U_p9d750000_t_p1d400000.npz,1.4,0.0005154418839936614,1,80
1.501928599579994e-16,3.0,0.44531623174118895,8,0.0,0.07300778506546933,9.75,0.005,/public/home/student090/quantum-pump-l8/runs/l8-allobs-20260728T230945/chern10/pair_0404_U_p9d750000_t_p1d400000_N10.npz,20,0.07437144896377335,200,0.9,0.5785868466311795,1213,1.3766765505351941e-14,404,10.0,/public/home/student090/quantum-pump-l8/runs/l8-allobs-20260728T230945/static/static_0404_U_p9d750000_t_p1d400000.npz,1.4,0.0013636638983040156,1,400
1.501928599579994e-16,3.0,0.44531623174118895,8,0.0,-0.069844084584162,9.75,0.005,/public/home/student090/quantum-pump-l8/runs/l8-allobs-20260728T230945/chern10/pair_0404_U_p9d750000_t_p1d400000_N10.npz,20,-0.06771600740494262,1000,0.9,0.24972056432292672,1214,6.639133687258436e-14,404,50.0,/public/home/student090/quantum-pump-l8/runs/l8-allobs-20260728T230945/static/static_0404_U_p9d750000_t_p1d400000.npz,1.4,0.0021280771792193814,1,2000
1.5902773407317583e-16,3.0,0.43977644281859973,8,0.0,0.2921016309364329,10.0,0.005,/public/home/student090/quantum-pump-l8/runs/l8-allobs-20260728T230945/chern10/pair_0405_U_p10d000000_t_p1d400000_N10.npz,20,0.2916169751803598,40,0.9,0.023051896817941845,1215,8.326672684688674e-15,405,2.0,/public/home/student090/quantum-pump-l8/runs/l8-allobs-20260728T230945/static/static_0405_U_p10d000000_t_p1d400000.npz,1.4,0.0004846557560730935,1,80
1.5902773407317583e-16,3.0,0.43977644281859973,8,0.0,0.04810698925964577,10.0,0.005,/public/home/student090/quantum-pump-l8/runs/l8-allobs-20260728T230945/chern10/pair_0405_U_p10d000000_t_p1d400000_N10.npz,20,0.049523416314581785,200,0.9,0.6877450718759838,1216,4.207745263329343e-14,405,10.0,/public/home/student090/quantum-pump-l8/runs/l8-allobs-20260728T230945/static/static_0405_U_p10d000000_t_p1d400000.npz,1.4,0.001416427054936012,1,400
1.5902773407317583e-16,3.0,0.43977644281859973,8,0.0,-0.02525708695770763,10.0,0.005,/public/home/student090/quantum-pump-l8/runs/l8-allobs-20260728T230945/chern10/pair_0405_U_p10d000000_t_p1d400000_N10.npz,20,-0.023154409054957296,1000,0.9,0.045370591678668214,1217,2.0750068330244176e-13,405,50.0,/public/home/student090/quantum-pump-l8/runs/l8-allobs-20260728T230945/static/static_0405_U_p10d000000_t_p1d400000.npz,1.4,0.0021026779027503335,1,2000
5.3621818970528854e-17,3.0,0.7462416958952938,8,0.0,0.08092190340285002,12.0,0.005,/public/home/student090/quantum-pump-l8/runs/l8-allobs-20260728T230945/chern10/pair_0406_U_p12d000000_t_p1d400000_N10.npz,10,0.08103576867993902,40,0.9,0.14022750073754847,1218,6.439293542825908e-15,406,2.0,/public/home/student090/quantum-pump-l8/runs/l8-allobs-20260728T230945/static/static_0406_U_p12d000000_t_p1d400000.npz,1.4,0.0001138652770889953,1,80
5.3621818970528854e-17,3.0,0.7462416958952938,8,0.0,-0.011491931067357158,12.0,0.005,/public/home/student090/quantum-pump-l8/runs/l8-allobs-20260728T230945/chern10/pair_0406_U_p12d000000_t_p1d400000_N10.npz,10,-0.010222059075795868,200,0.9,0.9603359165118681,1219,3.1308289294429414e-14,406,10.0,/public/home/student090/quantum-pump-l8/runs/l8-allobs-20260728T230945/static/static_0406_U_p12d000000_t_p1d400000.npz,1.4,0.0012698719915612902,1,400
5.3621818970528854e-17,3.0,0.7462416958952938,8,0.0,-0.053513425321029116,12.0,0.005,/public/home/student090/quantum-pump-l8/runs/l8-allobs-20260728T230945/chern10/pair_0406_U_p12d000000_t_p1d400000_N10.npz,10,-0.0514890154057996,1000,0.9,0.9968736063475488,1220,1.3700152123874432e-13,406,50.0,/public/home/student090/quantum-pump-l8/runs/l8-allobs-20260728T230945/static/static_0406_U_p12d000000_t_p1d400000.npz,1.4,0.002024409915229515,1,2000
7.532075295458035e-17,3.0,0.5400535790913601,8,0.0,0.0018524120963081213,16.0,0.005,/public/home/student090/quantum-pump-l8/runs/l8-allobs-20260728T230945/chern10/pair_0407_U_p16d000000_t_p1d400000_N10.npz,10,0.0024022101379317005,40,0.9,0.3806408513075828,1221,9.325873406851315e-15,407,2.0,/public/home/student090/quantum-pump-l8/runs/l8-allobs-20260728T230945/static/static_0407_U_p16d000000_t_p1d400000.npz,1.4,0.0005497980416235791,1,80
7.532075295458035e-17,3.0,0.5400535790913601,8,0.0,0.00034665665410184575,16.0,0.005,/public/home/student090/quantum-pump-l8/runs/l8-allobs-20260728T230945/chern10/pair_0407_U_p16d000000_t_p1d400000_N10.npz,10,0.0012475283619441768,200,0.9,0.26774574582564303,1222,3.9745984281580604e-14,407,10.0,/public/home/student090/quantum-pump-l8/runs/l8-allobs-20260728T230945/static/static_0407_U_p16d000000_t_p1d400000.npz,1.4,0.0009008717078423311,1,400
7.532075295458035e-17,3.0,0.5400535790913601,8,0.0,-0.004182967109981214,16.0,0.005,/public/home/student090/quantum-pump-l8/runs/l8-allobs-20260728T230945/chern10/pair_0407_U_p16d000000_t_p1d400000_N10.npz,10,-0.002633189115713317,1000,0.9,0.9476891957409641,1223,1.4521717162097048e-13,407,50.0,/public/home/student090/quantum-pump-l8/runs/l8-allobs-20260728T230945/static/static_0407_U_p16d000000_t_p1d400000.npz,1.4,0.0015497779942678972,1,2000
2.1300329312058187e-16,3.0,0.17856459015230053,8,0.0,0.000143418726275176,24.0,0.005,/public/home/student090/quantum-pump-l8/runs/l8-allobs-20260728T230945/chern10/pair_0408_U_p24d000000_t_p1d400000_N10.npz,20,0.0004976495544493582,40,0.9,0.6498195431781887,1224,1.7763568394002505e-15,408,2.0,/public/home/student090/quantum-pump-l8/runs/l8-allobs-20260728T230945/static/static_0408_U_p24d000000_t_p1d400000.npz,1.4,0.00035423082817418226,1,80
2.1300329312058187e-16,3.0,0.17856459015230053,8,0.0,0.00014901632067885852,24.0,0.005,/public/home/student090/quantum-pump-l8/runs/l8-allobs-20260728T230945/chern10/pair_0408_U_p24d000000_t_p1d400000_N10.npz,20,0.0006832502794628657,200,0.9,0.1288515330355154,1225,1.0436096431476471e-14,408,10.0,/public/home/student090/quantum-pump-l8/runs/l8-allobs-20260728T230945/static/static_0408_U_p24d000000_t_p1d400000.npz,1.4,0.0005342339587840071,1,400
2.1300329312058187e-16,3.0,0.17856459015230053,8,0.0,0.00023416418690064327,24.0,0.005,/public/home/student090/quantum-pump-l8/runs/l8-allobs-20260728T230945/chern10/pair_0408_U_p24d000000_t_p1d400000_N10.npz,20,0.0012350866118609972,1000,0.9,0.4634246568029116,1226,2.0650148258027912e-14,408,50.0,/public/home/student090/quantum-pump-l8/runs/l8-allobs-20260728T230945/static/static_0408_U_p24d000000_t_p1d400000.npz,1.4,0.001000922424960354,1,2000
-3.5097917871618887e-17,3.0,0.13143101830864068,8,0.0,8.299843939884829e-05,32.0,0.005,/public/home/student090/quantum-pump-l8/runs/l8-allobs-20260728T230945/chern10/pair_0409_U_p32d000000_t_p1d400000_N10.npz,20,0.0003735385055532163,40,0.9,0.7842304142162811,1227,1.5543122344752192e-15,409,2.0,/public/home/student090/quantum-pump-l8/runs/l8-allobs-20260728T230945/static/static_0409_U_p32d000000_t_p1d400000.npz,1.4,0.000290540066154368,1,80
-3.5097917871618887e-17,3.0,0.13143101830864068,8,0.0,0.00010960322510331979,32.0,0.005,/public/home/student090/quantum-pump-l8/runs/l8-allobs-20260728T230945/chern10/pair_0409_U_p32d000000_t_p1d400000_N10.npz,20,0.0004996519867471844,200,0.9,0.06890869265676432,1228,7.327471962526033e-15,409,10.0,/public/home/student090/quantum-pump-l8/runs/l8-allobs-20260728T230945/static/static_0409_U_p32d000000_t_p1d400000.npz,1.4,0.00039004876164386467,1,400
-3.5097917871618887e-17,3.0,0.13143101830864068,8,0.0,0.00021766887145256489,32.0,0.005,/public/home/student090/quantum-pump-l8/runs/l8-allobs-20260728T230945/chern10/pair_0409_U_p32d000000_t_p1d400000_N10.npz,20,0.0009621820486464585,1000,0.9,0.19452900107727344,1229,1.5210055437364645e-14,409,50.0,/public/home/student090/quantum-pump-l8/runs/l8-allobs-20260728T230945/static/static_0409_U_p32d000000_t_p1d400000.npz,1.4,0.0007445131771938936,1,2000
2.0,3.0,0.6811471990834832,8,1.9999999999999996,0.001843538506640939,-32.0,0.005,/public/home/student090/quantum-pump-l8/runs/l8-allobs-20260728T230945/chern10/pair_0410_U_neg32d000000_t_p1d500000_N10.npz,20,0.0021704134768603892,40,0.9,0.8328613191772625,1230,1.2212453270876722e-15,410,2.0,/public/home/student090/quantum-pump-l8/runs/l8-allobs-20260728T230945/static/static_0410_U_neg32d000000_t_p1d500000.npz,1.5,0.00032687497021945014,1,80
2.0,3.0,0.6811471990834832,8,1.9999999999999996,0.03539717528035625,-32.0,0.005,/public/home/student090/quantum-pump-l8/runs/l8-allobs-20260728T230945/chern10/pair_0410_U_neg32d000000_t_p1d500000_N10.npz,20,0.03580587348313803,200,0.9,0.1799827676945063,1231,2.4424906541753444e-15,410,10.0,/public/home/student090/quantum-pump-l8/runs/l8-allobs-20260728T230945/static/static_0410_U_neg32d000000_t_p1d500000.npz,1.5,0.0004086982027817834,1,400
2.0,3.0,0.6811471990834832,8,1.9999999999999996,0.3999014571809556,-32.0,0.005,/public/home/student090/quantum-pump-l8/runs/l8-allobs-20260728T230945/chern10/pair_0410_U_neg32d000000_t_p1d500000_N10.npz,20,0.40069328623162215,1000,0.9,0.06319232405313861,1232,3.042011087472929e-14,410,50.0,/public/home/student090/quantum-pump-l8/runs/l8-allobs-20260728T230945/static/static_0410_U_neg32d000000_t_p1d500000.npz,1.5,0.0007918290506665482,1,2000
2.0,3.0,0.8934120666341414,8,2.0,0.006910416533382819,-24.0,0.005,/public/home/student090/quantum-pump-l8/runs/l8-allobs-20260728T230945/chern10/pair_0411_U_neg24d000000_t_p1d500000_N10.npz,20,0.00733491181186452,40,0.9,0.7241807581737952,1233,3.3306690738754696e-15,411,2.0,/public/home/student090/quantum-pump-l8/runs/l8-allobs-20260728T230945/static/static_0411_U_neg24d000000_t_p1d500000.npz,1.5,0.0004244952784817008,1,80
2.0,3.0,0.8934120666341414,8,2.0,0.07704331517405208,-24.0,0.005,/public/home/student090/quantum-pump-l8/runs/l8-allobs-20260728T230945/chern10/pair_0411_U_neg24d000000_t_p1d500000_N10.npz,20,0.07761838004703632,200,0.9,0.23985312982613963,1234,1.6653345369377348e-14,411,10.0,/public/home/student090/quantum-pump-l8/runs/l8-allobs-20260728T230945/static/static_0411_U_neg24d000000_t_p1d500000.npz,1.5,0.0005750648729842406,1,400
2.0,3.0,0.8934120666341414,8,2.0,0.7112496039978043,-24.0,0.005,/public/home/student090/quantum-pump-l8/runs/l8-allobs-20260728T230945/chern10/pair_0411_U_neg24d000000_t_p1d500000_N10.npz,20,0.7125142029155892,1000,0.9,0.03451289664157994,1235,8.060219158778636e-14,411,50.0,/public/home/student090/quantum-pump-l8/runs/l8-allobs-20260728T230945/static/static_0411_U_neg24d000000_t_p1d500000.npz,1.5,0.0012645989177848538,1,2000
2.0,3.0,1.283180746583497,8,2.000000000000001,0.03857792654818588,-16.0,0.005,/public/home/student090/quantum-pump-l8/runs/l8-allobs-20260728T230945/chern10/pair_0412_U_neg16d000000_t_p1d500000_N10.npz,20,0.03928587202626194,40,0.9,0.44684142237061675,1236,6.439293542825908e-15,412,2.0,/public/home/student090/quantum-pump-l8/runs/l8-allobs-20260728T230945/static/static_0412_U_neg16d000000_t_p1d500000.npz,1.5,0.0007079454780760663,1,80
2.0,3.0,1.283180746583497,8,2.000000000000001,0.3422253313632767,-16.0,0.005,/public/home/student090/quantum-pump-l8/runs/l8-allobs-20260728T230945/chern10/pair_0412_U_neg16d000000_t_p1d500000_N10.npz,20,0.3433337783816343,200,0.9,0.1451732746014031,1237,3.441691376337985e-14,412,10.0,/public/home/student090/quantum-pump-l8/runs/l8-allobs-20260728T230945/static/static_0412_U_neg16d000000_t_p1d500000.npz,1.5,0.0011084470183576056,1,400
2.0,3.0,1.283180746583497,8,2.000000000000001,1.3000271057029393,-16.0,0.005,/public/home/student090/quantum-pump-l8/runs/l8-allobs-20260728T230945/chern10/pair_0412_U_neg16d000000_t_p1d500000_N10.npz,20,1.3022372989103974,1000,0.9,0.15626885700707005,1238,1.3522516439934407e-13,412,50.0,/public/home/student090/quantum-pump-l8/runs/l8-allobs-20260728T230945/static/static_0412_U_neg16d000000_t_p1d500000.npz,1.5,0.0022101932074580777,1,2000
2.0000000000000004,3.0,1.621200622647251,8,1.9999999999999996,0.13124910249597752,-12.0,0.005,/public/home/student090/quantum-pump-l8/runs/l8-allobs-20260728T230945/chern10/pair_0413_U_neg12d000000_t_p1d500000_N10.npz,10,0.13264258002061344,40,0.9,0.24146450232198258,1239,6.328271240363392e-15,413,2.0,/public/home/student090/quantum-pump-l8/runs/l8-allobs-20260728T230945/static/static_0413_U_neg12d000000_t_p1d500000.npz,1.5,0.0013934775246359221,1,80
2.0000000000000004,3.0,1.621200622647251,8,1.9999999999999996,0.5379116987436723,-12.0,0.005,/public/home/student090/quantum-pump-l8/runs/l8-allobs-20260728T230945/chern10/pair_0413_U_neg12d000000_t_p1d500000_N10.npz,10,0.5396001413694818,200,0.9,0.02698179320226561,1240,3.008704396734174e-14,413,10.0,/public/home/student090/quantum-pump-l8/runs/l8-allobs-20260728T230945/static/static_0413_U_neg12d000000_t_p1d500000.npz,1.5,0.001688442625809472,1,400
2.0000000000000004,3.0,1.621200622647251,8,1.9999999999999996,1.6461981502273753,-12.0,0.005,/public/home/student090/quantum-pump-l8/runs/l8-allobs-20260728T230945/chern10/pair_0413_U_neg12d000000_t_p1d500000_N10.npz,10,1.6489565551586491,1000,0.9,0.5021937496764202,1241,1.5520917884259688e-13,413,50.0,/public/home/student090/quantum-pump-l8/runs/l8-allobs-20260728T230945/static/static_0413_U_neg12d000000_t_p1d500000.npz,1.5,0.0027584049312738834,1,2000
2.0000000000000004,3.0,2.1476080516989526,8,2.0000000000000004,0.29806535747088536,-8.0,0.005,/public/home/student090/quantum-pump-l8/runs/l8-allobs-20260728T230945/chern10/pair_0414_U_neg8d000000_t_p1d500000_N10.npz,10,0.299835211482704,40,0.9,0.02225822943430389,1242,1.1102230246251565e-15,414,2.0,/public/home/student090/quantum-pump-l8/runs/l8-allobs-20260728T230945/static/static_0414_U_neg8d000000_t_p1d500000.npz,1.5,0.0017698540118186168,1,80
2.0000000000000004,3.0,2.1476080516989526,8,2.0000000000000004,0.9845696463061283,-8.0,0.005,/public/home/student090/quantum-pump-l8/runs/l8-allobs-20260728T230945/chern10/pair_0414_U_neg8d000000_t_p1d500000_N10.npz,10,0.9872067257629825,200,0.9,0.05579738608272935,1243,3.774758283725532e-15,414,10.0,/public/home/student090/quantum-pump-l8/runs/l8-allobs-20260728T230945/static/static_0414_U_neg8d000000_t_p1d500000.npz,1.5,0.0026370794568542077,1,400
2.0000000000000004,3.0,2.1476080516989526,8,2.0000000000000004,1.8739991981588846,-8.0,0.005,/public/home/student090/quantum-pump-l8/runs/l8-allobs-20260728T230945/chern10/pair_0414_U_neg8d000000_t_p1d500000_N10.npz,10,1.8773912460239637,1000,0.9,0.816678518756312,1244,3.064215547965432e-14,414,50.0,/public/home/student090/quantum-pump-l8/runs/l8-allobs-20260728T230945/static/static_0414_U_neg8d000000_t_p1d500000.npz,1.5,0.003392047865079073,1,2000
2.0000000000000004,3.0,2.5130059157802265,8,2.0,0.5724748201147556,-6.0,0.005,/public/home/student090/quantum-pump-l8/runs/l8-allobs-20260728T230945/chern10/pair_0415_U_neg6d000000_t_p1d500000_N10.npz,10,0.5748942932462874,40,0.9,0.0203190231799694,1245,7.66053886991358e-15,415,2.0,/public/home/student090/quantum-pump-l8/runs/l8-allobs-20260728T230945/static/static_0415_U_neg6d000000_t_p1d500000.npz,1.5,0.0024194731315317908,1,80
2.0000000000000004,3.0,2.5130059157802265,8,2.0,1.4465666923904414,-6.0,0.005,/public/home/student090/quantum-pump-l8/runs/l8-allobs-20260728T230945/chern10/pair_0415_U_neg6d000000_t_p1d500000_N10.npz,10,1.4499912312916006,200,0.9,0.33787818380309875,1246,3.3084646133829665e-14,415,10.0,/public/home/student090/quantum-pump-l8/runs/l8-allobs-20260728T230945/static/static_0415_U_neg6d000000_t_p1d500000.npz,1.5,0.0034245389011591243,1,400
2.0000000000000004,3.0,2.5130059157802265,8,2.0,1.9608395245772814,-6.0,0.005,/public/home/student090/quantum-pump-l8/runs/l8-allobs-20260728T230945/chern10/pair_0415_U_neg6d000000_t_p1d500000_N10.npz,10,1.9644778698085876,1000,0.9,0.9302551923702769,1247,1.6420198534206065e-13,415,50.0,/public/home/student090/quantum-pump-l8/runs/l8-allobs-20260728T230945/static/static_0415_U_neg6d000000_t_p1d500000.npz,1.5,0.003638345231306239,1,2000
2.0000000000000004,3.0,2.94244523638017,8,2.0000000000000004,0.9324203077514931,-4.0,0.005,/public/home/student090/quantum-pump-l8/runs/l8-allobs-20260728T230945/chern10/pair_0416_U_neg4d000000_t_p1d500000_N10.npz,10,0.9355320913505546,40,0.9,0.038861750825124886,1248,2.220446049250313e-15,416,2.0,/public/home/student090/quantum-pump-l8/runs/l8-allobs-20260728T230945/static/static_0416_U_neg4d000000_t_p1d500000.npz,1.5,0.0031117835990615017,1,80
2.0000000000000004,3.0,2.94244523638017,8,2.0000000000000004,1.6018126000631856,-4.0,0.005,/public/home/student090/quantum-pump-l8/runs/l8-allobs-20260728T230945/chern10/pair_0416_U_neg4d000000_t_p1d500000_N10.npz,10,1.6053905054506736,200,0.9,0.32085702178949543,1249,1.3766765505351941e-14,416,10.0,/public/home/student090/quantum-pump-l8/runs/l8-allobs-20260728T230945/static/static_0416_U_neg4d000000_t_p1d500000.npz,1.5,0.003577905387488034,1,400
2.0000000000000004,3.0,2.94244523638017,8,2.0000000000000004,1.9947891600252892,-4.0,0.005,/public/home/student090/quantum-pump-l8/runs/l8-allobs-20260728T230945/chern10/pair_0416_U_neg4d000000_t_p1d500000_N10.npz,10,1.9986978392740906,1000,0.9,0.9980236670192072,1250,5.218048215738236e-14,416,50.0,/public/home/student090/quantum-pump-l8/runs/l8-allobs-20260728T230945/static/static_0416_U_neg4d000000_t_p1d500000.npz,1.5,0.00390867924880145,1,2000
2.0,3.0,3.3433562923736098,8,2.0,0.995091077997379,-2.0,0.005,/public/home/student090/quantum-pump-l8/runs/l8-allobs-20260728T230945/chern10/pair_0417_U_neg2d000000_t_p1d500000_N10.npz,10,0.9989401366272966,40,0.9,0.09864162497962753,1251,5.995204332975845e-15,417,2.0,/public/home/student090/quantum-pump-l8/runs/l8-allobs-20260728T230945/static/static_0417_U_neg2d000000_t_p1d500000.npz,1.5,0.00384905862991769,1,80
2.0,3.0,3.3433562923736098,8,2.0,1.9104861183182915,-2.0,0.005,/public/home/student090/quantum-pump-l8/runs/l8-allobs-20260728T230945/chern10/pair_0417_U_neg2d000000_t_p1d500000_N10.npz,10,1.914731255718096,200,0.9,0.6317403514288773,1252,3.441691376337985e-14,417,10.0,/public/home/student090/quantum-pump-l8/runs/l8-allobs-20260728T230945/static/static_0417_U_neg2d000000_t_p1d500000.npz,1.5,0.004245137399804477,1,400
2.0,3.0,3.3433562923736098,8,2.0,2.013208275834367,-2.0,0.005,/public/home/student090/quantum-pump-l8/runs/l8-allobs-20260728T230945/chern10/pair_0417_U_neg2d000000_t_p1d500000_N10.npz,10,2.017363065892483,1000,0.9,0.9694958179151633,1253,1.7963408538435033e-13,417,50.0,/public/home/student090/quantum-pump-l8/runs/l8-allobs-20260728T230945/static/static_0417_U_neg2d000000_t_p1d500000.npz,1.5,0.004154790058116031,1,2000
2.0,3.0,3.5999999999999197,8,2.0,1.2255465056806143,0.0,0.005,/public/home/student090/quantum-pump-l8/runs/l8-allobs-20260728T230945/chern10/pair_0418_U_p0d000000_t_p1d500000_N10.npz,10,1.22697582233134,80,0.9,0.466506394992976,1254,2.55351295663786e-15,418,2.0,/public/home/student090/quantum-pump-l8/runs/l8-allobs-20260728T230945/static/static_0418_U_p0d000000_t_p1d500000.npz,1.5,0.0014293166507257649,2,160
2.0,3.0,3.5999999999999197,8,2.0,1.9710612208327123,0.0,0.005,/public/home/student090/quantum-pump-l8/runs/l8-allobs-20260728T230945/chern10/pair_0418_U_p0d000000_t_p1d500000_N10.npz,10,1.975516233752626,200,0.9,0.9199999879449795,1255,3.3306690738754696e-15,418,10.0,/public/home/student090/quantum-pump-l8/runs/l8-allobs-20260728T230945/static/static_0418_U_p0d000000_t_p1d500000.npz,1.5,0.004455012919913681,1,400
2.0,3.0,3.5999999999999197,8,2.0,2.033590734401686,0.0,0.005,/public/home/student090/quantum-pump-l8/runs/l8-allobs-20260728T230945/chern10/pair_0418_U_p0d000000_t_p1d500000_N10.npz,10,2.0379085870588627,1000,0.9,0.9959063219409653,1256,1.554312234475219e-14,418,50.0,/public/home/student090/quantum-pump-l8/runs/l8-allobs-20260728T230945/static/static_0418_U_p0d000000_t_p1d500000.npz,1.5,0.004317852657176768,1,2000
2.0000000000000004,3.0,3.3433562923737714,8,2.0000000000000004,1.6425796413063236,2.0,0.005,/public/home/student090/quantum-pump-l8/runs/l8-allobs-20260728T230945/chern10/pair_0419_U_p2d000000_t_p1d500000_N10.npz,10,1.6440683231915465,80,0.9,0.4349155077848766,1257,1.3988810110276972e-14,419,2.0,/public/home/student090/quantum-pump-l8/runs/l8-allobs-20260728T230945/static/static_0419_U_p2d000000_t_p1d500000.npz,1.5,0.0014886818852228867,2,160
2.0000000000000004,3.0,3.3433562923737714,8,2.0000000000000004,2.059331149082465,2.0,0.005,/public/home/student090/quantum-pump-l8/runs/l8-allobs-20260728T230945/chern10/pair_0419_U_p2d000000_t_p1d500000_N10.npz,10,2.0635681178734844,200,0.9,0.933279511480924,1258,2.930988785010413e-14,419,10.0,/public/home/student090/quantum-pump-l8/runs/l8-allobs-20260728T230945/static/static_0419_U_p2d000000_t_p1d500000.npz,1.5,0.004236968791019535,1,400
2.0000000000000004,3.0,3.3433562923737714,8,2.0000000000000004,2.0542969174465484,2.0,0.005,/public/home/student090/quantum-pump-l8/runs/l8-allobs-20260728T230945/chern10/pair_0419_U_p2d000000_t_p1d500000_N10.npz,10,2.058667311086419,1000,0.9,0.9968536378593634,1259,1.376676550535194e-13,419,50.0,/public/home/student090/quantum-pump-l8/runs/l8-allobs-20260728T230945/static/static_0419_U_p2d000000_t_p1d500000.npz,1.5,0.004370393639870684,1,2000
1.9999999999999998,3.0,2.902900466702585,8,2.0000000000000004,1.4107615292370408,4.0,0.005,/public/home/student090/quantum-pump-l8/runs/l8-allobs-20260728T230945/chern10/pair_0420_U_p4d000000_t_p1d500000_N10.npz,10,1.4145905204268199,40,0.9,0.06326916848601977,1260,2.886579864025407e-15,420,2.0,/public/home/student090/quantum-pump-l8/runs/l8-allobs-20260728T230945/static/static_0420_U_p4d000000_t_p1d500000.npz,1.5,0.003828991189779085,1,80
1.9999999999999998,3.0,2.902900466702585,8,2.0000000000000004,2.125452405469566,4.0,0.005,/public/home/student090/quantum-pump-l8/runs/l8-allobs-20260728T230945/chern10/pair_0420_U_p4d000000_t_p1d500000_N10.npz,10,2.129711603384242,200,0.9,0.9819342744685943,1261,4.218847493575595e-15,420,10.0,/public/home/student090/quantum-pump-l8/runs/l8-allobs-20260728T230945/static/static_0420_U_p4d000000_t_p1d500000.npz,1.5,0.004259197914675994,1,400
1.9999999999999998,3.0,2.902900466702585,8,2.0000000000000004,2.150971822910666,4.0,0.005,/public/home/student090/quantum-pump-l8/runs/l8-allobs-20260728T230945/chern10/pair_0420_U_p4d000000_t_p1d500000_N10.npz,10,2.155225620568389,1000,0.9,0.9989786530801158,1262,1.0880185641326534e-14,420,50.0,/public/home/student090/quantum-pump-l8/runs/l8-allobs-20260728T230945/static/static_0420_U_p4d000000_t_p1d500000.npz,1.5,0.004253797657722824,1,2000
2.0000000000000004,3.0,2.7516609631789404,8,2.0,1.345021376049863,4.25,0.005,/public/home/student090/quantum-pump-l8/runs/l8-allobs-20260728T230945/chern10/pair_0421_U_p4d250000_t_p1d500000_N10.npz,10,1.3485472970875287,40,0.9,0.03233920482654544,1263,3.552713678800501e-15,421,2.0,/public/home/student090/quantum-pump-l8/runs/l8-allobs-20260728T230945/static/static_0421_U_p4d250000_t_p1d500000.npz,1.5,0.0035259210376656913,1,80
2.0000000000000004,3.0,2.7516609631789404,8,2.0,2.1431613842800985,4.25,0.005,/public/home/student090/quantum-pump-l8/runs/l8-allobs-20260728T230945/chern10/pair_0421_U_p4d250000_t_p1d500000_N10.npz,10,2.1474048461936186,200,0.9,0.9777946770515124,1264,2.2870594307278225e-14,421,10.0,/public/home/student090/quantum-pump-l8/runs/l8-allobs-20260728T230945/static/static_0421_U_p4d250000_t_p1d500000.npz,1.5,0.004243461913520097,1,400
2.0000000000000004,3.0,2.7516609631789404,8,2.0,2.174139493759102,4.25,0.005,/public/home/student090/quantum-pump-l8/runs/l8-allobs-20260728T230945/chern10/pair_0421_U_p4d250000_t_p1d500000_N10.npz,10,2.1783656604193142,1000,0.9,0.9991244434199484,1265,1.1524114995609125e-13,421,50.0,/public/home/student090/quantum-pump-l8/runs/l8-allobs-20260728T230945/static/static_0421_U_p4d250000_t_p1d500000.npz,1.5,0.00422616666021236,1,2000
1.9999999999999998,3.0,2.606744848392273,8,2.0,1.2773082084457774,4.5,0.005,/public/home/student090/quantum-pump-l8/runs/l8-allobs-20260728T230945/chern10/pair_0422_U_p4d500000_t_p1d500000_N10.npz,10,1.2805464054407638,40,0.9,0.011675297169140621,1266,7.549516567451064e-15,422,2.0,/public/home/student090/quantum-pump-l8/runs/l8-allobs-20260728T230945/static/static_0422_U_p4d500000_t_p1d500000.npz,1.5,0.0032381969949863976,1,80
1.9999999999999998,3.0,2.606744848392273,8,2.0,2.1524319355576282,4.5,0.005,/public/home/student090/quantum-pump-l8/runs/l8-allobs-20260728T230945/chern10/pair_0422_U_p4d500000_t_p1d500000_N10.npz,10,2.156641947992549,200,0.9,0.9560939571411955,1267,3.697042672001771e-14,422,10.0,/public/home/student090/quantum-pump-l8/runs/l8-allobs-20260728T230945/static/static_0422_U_p4d500000_t_p1d500000.npz,1.5,0.004210012434920696,1,400
1.9999999999999998,3.0,2.606744848392273,8,2.0,2.2029720266286,4.5,0.005,/public/home/student090/quantum-pump-l8/runs/l8-allobs-20260728T230945/chern10/pair_0422_U_p4d500000_t_p1d500000_N10.npz,10,2.2071661805820306,1000,0.9,0.9994173264132411,1268,1.9473311851925246e-13,422,50.0,/public/home/student090/quantum-pump-l8/runs/l8-allobs-20260728T230945/static/static_0422_U_p4d500000_t_p1d500000.npz,1.5,0.0041941539534304795,1,2000
2.0000000000000004,3.0,2.4690194155336194,8,2.0,1.2094405403333701,4.75,0.005,/public/home/student090/quantum-pump-l8/runs/l8-allobs-20260728T230945/chern10/pair_0423_U_p4d750000_t_p1d500000_N10.npz,10,1.2124087367875729,40,0.9,0.0015481737948214043,1269,5.10702591327572e-15,423,2.0,/public/home/student090/quantum-pump-l8/runs/l8-allobs-20260728T230945/static/static_0423_U_p4d750000_t_p1d500000.npz,1.5,0.002968196454202765,1,80
2.0000000000000004,3.0,2.4690194155336194,8,2.0,2.1425037138819003,4.75,0.005,/public/home/student090/quantum-pump-l8/runs/l8-allobs-20260728T230945/chern10/pair_0423_U_p4d750000_t_p1d500000_N10.npz,10,2.146652091007219,200,0.9,0.9023284362626527,1270,3.3306690738754696e-14,423,10.0,/public/home/student090/quantum-pump-l8/runs/l8-allobs-20260728T230945/static/static_0423_U_p4d750000_t_p1d500000.npz,1.5,0.004148377125318792,1,400
2.0000000000000004,3.0,2.4690194155336194,8,2.0,2.2387930858040526,4.75,0.005,/public/home/student090/quantum-pump-l8/runs/l8-allobs-20260728T230945/chern10/pair_0423_U_p4d750000_t_p1d500000_N10.npz,10,2.2429528566016668,1000,0.9,0.9996782900329292,1271,1.4699352846037073e-13,423,50.0,/public/home/student090/quantum-pump-l8/runs/l8-allobs-20260728T230945/static/static_0423_U_p4d750000_t_p1d500000.npz,1.5,0.004159770797614204,1,2000
2.0,3.0,2.3394948175663544,8,1.9999999999999996,1.142970853889739,5.0,0.005,/public/home/student090/quantum-pump-l8/runs/l8-allobs-20260728T230945/chern10/pair_0424_U_p5d000000_t_p1d500000_N10.npz,10,1.1456863954084087,40,0.9,0.001181864027241878,1272,7.993605777301127e-15,424,2.0,/public/home/student090/quantum-pump-l8/runs/l8-allobs-20260728T230945/static/static_0424_U_p5d000000_t_p1d500000.npz,1.5,0.0027155415186697063,1,80
2.0,3.0,2.3394948175663544,8,1.9999999999999996,2.100964813827592,5.0,0.005,/public/home/student090/quantum-pump-l8/runs/l8-allobs-20260728T230945/chern10/pair_0424_U_p5d000000_t_p1d500000_N10.npz,10,2.1050057593360956,200,0.9,0.8025393225606472,1273,4.0745185003743245e-14,424,10.0,/public/home/student090/quantum-pump-l8/runs/l8-allobs-20260728T230945/static/static_0424_U_p5d000000_t_p1d500000.npz,1.5,0.004040945508503757,1,400
2.0,3.0,2.3394948175663544,8,1.9999999999999996,2.2824432434109645,5.0,0.005,/public/home/student090/quantum-pump-l8/runs/l8-allobs-20260728T230945/chern10/pair_0424_U_p5d000000_t_p1d500000_N10.npz,10,2.286561198966191,1000,0.9,0.9997458584520623,1274,1.9884094371036554e-13,424,50.0,/public/home/student090/quantum-pump-l8/runs/l8-allobs-20260728T230945/static/static_0424_U_p5d000000_t_p1d500000.npz,1.5,0.004117955555226427,1,2000
2.0,3.0,2.219324807616136,8,2.0,1.079116062947405,5.25,0.005,/public/home/student090/quantum-pump-l8/runs/l8-allobs-20260728T230945/chern10/pair_0425_U_p5d250000_t_p1d500000_N10.npz,10,1.0815936426508623,40,0.9,0.008942297017605804,1275,8.992806499463768e-15,425,2.0,/public/home/student090/quantum-pump-l8/runs/l8-allobs-20260728T230945/static/static_0425_U_p5d250000_t_p1d500000.npz,1.5,0.0024775797034573,1,80
2.0,3.0,2.219324807616136,8,2.0,2.0127795313339383,5.25,0.005,/public/home/student090/quantum-pump-l8/runs/l8-allobs-20260728T230945/chern10/pair_0425_U_p5d250000_t_p1d500000_N10.npz,10,2.0166515870602373,200,0.9,0.651434830290467,1276,4.440892098500626e-14,425,10.0,/public/home/student090/quantum-pump-l8/runs/l8-allobs-20260728T230945/static/static_0425_U_p5d250000_t_p1d500000.npz,1.5,0.0038720557262990063,1,400
2.0,3.0,2.219324807616136,8,2.0,2.3349419034137218,5.25,0.005,/public/home/student090/quantum-pump-l8/runs/l8-allobs-20260728T230945/chern10/pair_0425_U_p5d250000_t_p1d500000_N10.npz,10,2.339019315135727,1000,0.9,0.9996039704254556,1277,2.2171153801764376e-13,425,50.0,/public/home/student090/quantum-pump-l8/runs/l8-allobs-20260728T230945/static/static_0425_U_p5d250000_t_p1d500000.npz,1.5,0.004077411722005042,1,2000
2.0000000000000004,3.0,2.1097886643554773,8,1.9999999999999996,1.0187297243241455,5.5,0.005,/public/home/student090/quantum-pump-l8/runs/l8-allobs-20260728T230945/chern10/pair_0426_U_p5d500000_t_p1d500000_N10.npz,10,1.0209799238799342,40,0.9,0.022636689003440385,1278,6.8833827526759706e-15,426,2.0,/public/home/student090/quantum-pump-l8/runs/l8-allobs-20260728T230945/static/static_0426_U_p5d500000_t_p1d500000.npz,1.5,0.0022501995557886456,1,80
2.0000000000000004,3.0,2.1097886643554773,8,1.9999999999999996,1.8595235661914986,5.5,0.005,/public/home/student090/quantum-pump-l8/runs/l8-allobs-20260728T230945/chern10/pair_0426_U_p5d500000_t_p1d500000_N10.npz,10,1.8631600146031393,200,0.9,0.46296159592294533,1279,3.419486915845482e-14,426,10.0,/public/home/student090/quantum-pump-l8/runs/l8-allobs-20260728T230945/static/static_0426_U_p5d500000_t_p1d500000.npz,1.5,0.0036364484116406803,1,400
2.0000000000000004,3.0,2.1097886643554773,8,1.9999999999999996,2.3981641906909457,5.5,0.005,/public/home/student090/quantum-pump-l8/runs/l8-allobs-20260728T230945/chern10/pair_0426_U_p5d500000_t_p1d500000_N10.npz,10,2.4021997679135265,1000,0.9,0.9990700551042305,1280,1.6142642778049776e-13,426,50.0,/public/home/student090/quantum-pump-l8/runs/l8-allobs-20260728T230945/static/static_0426_U_p5d500000_t_p1d500000.npz,1.5,0.004035577222580855,1,2000
2.0,3.0,2.0106574178956063,8,1.9999999999999996,0.962315836792685,5.75,0.005,/public/home/student090/quantum-pump-l8/runs/l8-allobs-20260728T230945/chern10/pair_0427_U_p5d750000_t_p1d500000_N10.npz,10,0.9643445758257738,40,0.9,0.03983287158935676,1281,1.9984014443252818e-15,427,2.0,/public/home/student090/quantum-pump-l8/runs/l8-allobs-20260728T230945/static/static_0427_U_p5d750000_t_p1d500000.npz,1.5,0.0020287390330888666,1,80
2.0,3.0,2.0106574178956063,8,1.9999999999999996,1.6304601152363833,5.75,0.005,/public/home/student090/quantum-pump-l8/runs/l8-allobs-20260728T230945/chern10/pair_0427_U_p5d750000_t_p1d500000_N10.npz,10,1.6338089471642985,200,0.9,0.27606367672078524,1282,3.9968028886505635e-15,427,10.0,/public/home/student090/quantum-pump-l8/runs/l8-allobs-20260728T230945/static/static_0427_U_p5d750000_t_p1d500000.npz,1.5,0.00334883192791513,1,400
2.0,3.0,2.0106574178956063,8,1.9999999999999996,2.471849118717563,5.75,0.005,/public/home/student090/quantum-pump-l8/runs/l8-allobs-20260728T230945/chern10/pair_0427_U_p5d750000_t_p1d500000_N10.npz,10,2.475831092771,1000,0.9,0.994706131819374,1283,6.8833827526759706e-15,427,50.0,/public/home/student090/quantum-pump-l8/runs/l8-allobs-20260728T230945/static/static_0427_U_p5d750000_t_p1d500000.npz,1.5,0.003981974053437032,1,2000
2.0000000000000004,3.0,1.9876054179877691,8,2.0000000000000004,0.9515319291359962,5.8,0.005,/public/home/student090/quantum-pump-l8/runs/l8-allobs-20260728T230945/chern10/pair_0428_U_p5d800000_t_p1d500000_N10.npz,10,0.9535166866555903,40,0.9,0.04347826046525722,1284,6.217248937900877e-15,428,2.0,/public/home/student090/quantum-pump-l8/runs/l8-allobs-20260728T230945/static/static_0428_U_p5d800000_t_p1d500000.npz,1.5,0.001984757519594149,1,80
2.0000000000000004,3.0,1.9876054179877691,8,2.0000000000000004,1.5768264684818716,5.8,0.005,/public/home/student090/quantum-pump-l8/runs/l8-allobs-20260728T230945/chern10/pair_0428_U_p5d800000_t_p1d500000_N10.npz,10,1.5801147726567035,200,0.9,0.24387743407282836,1285,3.452793606584237e-14,428,10.0,/public/home/student090/quantum-pump-l8/runs/l8-allobs-20260728T230945/static/static_0428_U_p5d800000_t_p1d500000.npz,1.5,0.0032883041748319464,1,400
2.0000000000000004,3.0,1.9876054179877691,8,2.0000000000000004,2.486529898548396,5.8,0.005,/public/home/student090/quantum-pump-l8/runs/l8-allobs-20260728T230945/chern10/pair_0428_U_p5d800000_t_p1d500000_N10.npz,10,2.490498631176759,1000,0.9,0.9927207804295932,1286,1.708633234898116e-13,428,50.0,/public/home/student090/quantum-pump-l8/runs/l8-allobs-20260728T230945/static/static_0428_U_p5d800000_t_p1d500000.npz,1.5,0.003968732628362837,1,2000
2.0000000000000004,3.0,1.898088080878427,8,2.0,0.9100720960904946,6.0,0.005,/public/home/student090/quantum-pump-l8/runs/l8-allobs-20260728T230945/chern10/pair_0429_U_p6d000000_t_p1d500000_N10.npz,10,0.9118808913535609,40,0.9,0.058134920929223156,1287,7.993605777301127e-15,429,2.0,/public/home/student090/quantum-pump-l8/runs/l8-allobs-20260728T230945/static/static_0429_U_p6d000000_t_p1d500000.npz,1.5,0.0018087952630663207,1,80
2.0000000000000004,3.0,1.898088080878427,8,2.0,1.3504965358953416,6.0,0.005,/public/home/student090/quantum-pump-l8/runs/l8-allobs-20260728T230945/chern10/pair_0429_U_p6d000000_t_p1d500000_N10.npz,10,1.3535448753917516,200,0.9,0.1494659338415916,1288,3.7969627442180354e-14,429,10.0,/public/home/student090/quantum-pump-l8/runs/l8-allobs-20260728T230945/static/static_0429_U_p6d000000_t_p1d500000.npz,1.5,0.003048339496410035,1,400
2.0000000000000004,3.0,1.898088080878427,8,2.0,2.5344590428506297,6.0,0.005,/public/home/student090/quantum-pump-l8/runs/l8-allobs-20260728T230945/chern10/pair_0429_U_p6d000000_t_p1d500000_N10.npz,10,2.5383743780070263,1000,0.9,0.9760119692288095,1289,1.9906298831529057e-13,429,50.0,/public/home/student090/quantum-pump-l8/runs/l8-allobs-20260728T230945/static/static_0429_U_p6d000000_t_p1d500000.npz,1.5,0.003915335156396527,1,2000
2.0,3.0,1.8130751335432969,8,2.0,0.8712503323813028,6.2,0.005,/public/home/student090/quantum-pump-l8/runs/l8-allobs-20260728T230945/chern10/pair_0430_U_p6d200000_t_p1d500000_N10.npz,10,0.8728818649862309,40,0.9,0.07211576723992803,1290,1.3322676295501878e-15,430,2.0,/public/home/student090/quantum-pump-l8/runs/l8-allobs-20260728T230945/static/static_0430_U_p6d200000_t_p1d500000.npz,1.5,0.0016315326049280987,1,80
2.0,3.0,1.8130751335432969,8,2.0,1.1365329425445991,6.2,0.005,/public/home/student090/quantum-pump-l8/runs/l8-allobs-20260728T230945/chern10/pair_0430_U_p6d200000_t_p1d500000_N10.npz,10,1.1393597556617392,200,0.9,0.1306684470945462,1291,8.43769498715119e-15,430,10.0,/public/home/student090/quantum-pump-l8/runs/l8-allobs-20260728T230945/static/static_0430_U_p6d200000_t_p1d500000.npz,1.5,0.002826813117140059,1,400
2.0,3.0,1.8130751335432969,8,2.0,2.5793750648532763,6.2,0.005,/public/home/student090/quantum-pump-l8/runs/l8-allobs-20260728T230945/chern10/pair_0430_U_p6d200000_t_p1d500000_N10.npz,10,2.5832109046043352,1000,0.9,0.9335917486314488,1292,4.085620730620576e-14,430,50.0,/public/home/student090/quantum-pump-l8/runs/l8-allobs-20260728T230945/static/static_0430_U_p6d200000_t_p1d500000.npz,1.5,0.003835839751058945,1,2000
2.0000000000000004,3.0,1.7925550617898462,8,2.0,0.8619443223366575,6.25,0.005,/public/home/student090/quantum-pump-l8/runs/l8-allobs-20260728T230945/chern10/pair_0431_U_p6d250000_t_p1d500000_N10.npz,10,0.8635311838329855,40,0.9,0.07539307669330411,1293,7.993605777301127e-15,431,2.0,/public/home/student090/quantum-pump-l8/runs/l8-allobs-20260728T230945/static/static_0431_U_p6d250000_t_p1d500000.npz,1.5,0.0015868614963280292,1,80
2.0000000000000004,3.0,1.7925550617898462,8,2.0,1.0899561319771758,6.25,0.005,/public/home/student090/quantum-pump-l8/runs/l8-allobs-20260728T230945/chern10/pair_0431_U_p6d250000_t_p1d500000_N10.npz,10,1.0927324978975057,200,0.9,0.1399392117435496,1294,4.296563105299356e-14,431,10.0,/public/home/student090/quantum-pump-l8/runs/l8-allobs-20260728T230945/static/static_0431_U_p6d250000_t_p1d500000.npz,1.5,0.0027763659203299262,1,400
2.0000000000000004,3.0,1.7925550617898462,8,2.0,2.5846129604178696,6.25,0.005,/public/home/student090/quantum-pump-l8/runs/l8-allobs-20260728T230945/chern10/pair_0431_U_p6d250000_t_p1d500000_N10.npz,10,2.5884264976941496,1000,0.9,0.9169412069214378,1295,2.1671553440683056e-13,431,50.0,/public/home/student090/quantum-pump-l8/runs/l8-allobs-20260728T230945/static/static_0431_U_p6d250000_t_p1d500000.npz,1.5,0.003813537276279977,1,2000
2.0000000000000004,3.0,1.6945202199526754,8,2.0,0.8176763745602785,6.5,0.005,/public/home/student090/quantum-pump-l8/runs/l8-allobs-20260728T230945/chern10/pair_0432_U_p6d500000_t_p1d500000_N10.npz,10,0.8190371913864449,40,0.9,0.08985473002027353,1296,6.328271240363392e-15,432,2.0,/public/home/student090/quantum-pump-l8/runs/l8-allobs-20260728T230945/static/static_0432_U_p6d500000_t_p1d500000.npz,1.5,0.0013608168261664,1,80
2.0000000000000004,3.0,1.6945202199526754,8,2.0,0.9204927650033518,6.5,0.005,/public/home/student090/quantum-pump-l8/runs/l8-allobs-20260728T230945/chern10/pair_0432_U_p6d500000_t_p1d500000_N10.npz,10,0.923055617840276,200,0.9,0.26975243511309915,1297,3.497202527569243e-14,432,10.0,/public/home/student090/quantum-pump-l8/runs/l8-allobs-20260728T230945/static/static_0432_U_p6d500000_t_p1d500000.npz,1.5,0.0025628528369242565,1,400
2.0000000000000004,3.0,1.6945202199526754,8,2.0,2.4363027106315185,6.5,0.005,/public/home/student090/quantum-pump-l8/runs/l8-allobs-20260728T230945/chern10/pair_0432_U_p6d500000_t_p1d500000_N10.npz,10,2.439963452803326,1000,0.9,0.7846856921562222,1298,1.7363888105137448e-13,432,50.0,/public/home/student090/quantum-pump-l8/runs/l8-allobs-20260728T230945/static/static_0432_U_p6d500000_t_p1d500000.npz,1.5,0.003660742171807563,1,2000
2.0000000000000004,3.0,0.8033616971236643,8,2.0000000000000004,0.7768491366437219,6.75,0.005,/public/home/student090/quantum-pump-l8/runs/l8-allobs-20260728T230945/chern10/pair_0433_U_p6d750000_t_p1d500000_N10.npz,20,0.7779794509159599,40,0.9,0.10026817540092897,1299,6.772360450213455e-15,433,2.0,/public/home/student090/quantum-pump-l8/runs/l8-allobs-20260728T230945/static/static_0433_U_p6d750000_t_p1d500000.npz,1.5,0.0011303142722379755,1,80
2.0000000000000004,3.0,0.8033616971236643,8,2.0000000000000004,0.8568394777522615,6.75,0.005,/public/home/student090/quantum-pump-l8/runs/l8-allobs-20260728T230945/chern10/pair_0433_U_p6d750000_t_p1d500000_N10.npz,20,0.8592518156573288,200,0.9,0.5037728841478869,1300,3.4861002973229915e-14,433,10.0,/public/home/student090/quantum-pump-l8/runs/l8-allobs-20260728T230945/static/static_0433_U_p6d750000_t_p1d500000.npz,1.5,0.00241233790506723,1,400
2.0000000000000004,3.0,0.8033616971236643,8,2.0000000000000004,2.0238388071561912,6.75,0.005,/public/home/student090/quantum-pump-l8/runs/l8-allobs-20260728T230945/chern10/pair_0433_U_p6d750000_t_p1d500000_N10.npz,20,2.0272813094185786,1000,0.9,0.630847708502893,1301,1.7774670624248756e-13,433,50.0,/public/home/student090/quantum-pump-l8/runs/l8-allobs-20260728T230945/static/static_0433_U_p6d750000_t_p1d500000.npz,1.5,0.0034425022623874035,1,2000
2.0,3.0,0.636843784578236,8,1.9999999999999998,0.7389124828205904,7.0,0.005,/public/home/student090/quantum-pump-l8/runs/l8-allobs-20260728T230945/chern10/pair_0434_U_p7d000000_t_p1d500000_N10.npz,20,0.739809535605142,40,0.9,0.1059397910364881,1302,4.9960036108132044e-15,434,2.0,/public/home/student090/quantum-pump-l8/runs/l8-allobs-20260728T230945/static/static_0434_U_p7d000000_t_p1d500000.npz,1.5,0.0008970527845515441,1,80
2.0,3.0,0.636843784578236,8,1.9999999999999998,0.8478818530875526,7.0,0.005,/public/home/student090/quantum-pump-l8/runs/l8-allobs-20260728T230945/chern10/pair_0434_U_p7d000000_t_p1d500000_N10.npz,20,0.8501904037260041,200,0.9,0.7493821910389108,1303,2.3314683517128287e-14,434,10.0,/public/home/student090/quantum-pump-l8/runs/l8-allobs-20260728T230945/static/static_0434_U_p7d000000_t_p1d500000.npz,1.5,0.0023085506384514787,1,400
2.0,3.0,0.636843784578236,8,1.9999999999999998,1.9162773824398092,7.0,0.005,/public/home/student090/quantum-pump-l8/runs/l8-allobs-20260728T230945/chern10/pair_0434_U_p7d000000_t_p1d500000_N10.npz,20,1.9193526025381025,1000,0.9,0.6920208633179029,1304,1.1357581541915351e-13,434,50.0,/public/home/student090/quantum-pump-l8/runs/l8-allobs-20260728T230945/static/static_0434_U_p7d000000_t_p1d500000.npz,1.5,0.0030752200982933076,1,2000
2.0000000000000004,3.0,0.4751420942908613,8,2.0000000000000004,0.7032198177756628,7.25,0.005,/public/home/student090/quantum-pump-l8/runs/l8-allobs-20260728T230945/chern10/pair_0435_U_p7d250000_t_p1d500000_N10.npz,20,0.7038846556209842,40,0.9,0.1067351248604108,1305,7.771561172376096e-15,435,2.0,/public/home/student090/quantum-pump-l8/runs/l8-allobs-20260728T230945/static/static_0435_U_p7d250000_t_p1d500000.npz,1.5,0.0006648378453214532,1,80
2.0000000000000004,3.0,0.4751420942908613,8,2.0000000000000004,0.8187142826049779,7.25,0.005,/public/home/student090/quantum-pump-l8/runs/l8-allobs-20260728T230945/chern10/pair_0435_U_p7d250000_t_p1d500000_N10.npz,20,0.820950981966073,200,0.9,0.8849077993951193,1306,3.852473895449293e-14,435,10.0,/public/home/student090/quantum-pump-l8/runs/l8-allobs-20260728T230945/static/static_0435_U_p7d250000_t_p1d500000.npz,1.5,0.0022366993610950514,1,400
2.0000000000000004,3.0,0.4751420942908613,8,2.0000000000000004,1.8033946608658589,7.25,0.005,/public/home/student090/quantum-pump-l8/runs/l8-allobs-20260728T230945/chern10/pair_0435_U_p7d250000_t_p1d500000_N10.npz,20,1.8060551097747262,1000,0.9,0.9827523963627566,1307,1.915134717478395e-13,435,50.0,/public/home/student090/quantum-pump-l8/runs/l8-allobs-20260728T230945/static/static_0435_U_p7d250000_t_p1d500000.npz,1.5,0.0026604489088672967,1,2000
2.0000000000000004,3.0,0.31935188724263774,8,2.0,0.6690732884691939,7.5,0.005,/public/home/student090/quantum-pump-l8/runs/l8-allobs-20260728T230945/chern10/pair_0436_U_p7d500000_t_p1d500000_N10.npz,20,0.6695125975447788,40,0.9,0.10301703077426144,1308,5.10702591327572e-15,436,2.0,/public/home/student090/quantum-pump-l8/runs/l8-allobs-20260728T230945/static/static_0436_U_p7d500000_t_p1d500000.npz,1.5,0.00043930907558487053,1,80
2.0000000000000004,3.0,0.31935188724263774,8,2.0,0.7177229226000289,7.5,0.005,/public/home/student090/quantum-pump-l8/runs/l8-allobs-20260728T230945/chern10/pair_0436_U_p7d500000_t_p1d500000_N10.npz,20,0.7198914799032664,200,0.9,0.8186935252663073,1309,2.6867397195928788e-14,436,10.0,/public/home/student090/quantum-pump-l8/runs/l8-allobs-20260728T230945/static/static_0436_U_p7d500000_t_p1d500000.npz,1.5,0.002168557303237506,1,400
2.0000000000000004,3.0,0.31935188724263774,8,2.0,0.7422462411847506,7.5,0.005,/public/home/student090/quantum-pump-l8/runs/l8-allobs-20260728T230945/chern10/pair_0436_U_p7d500000_t_p1d500000_N10.npz,20,0.7444999937699109,1000,0.9,0.7037730381539113,1310,1.41886502547095e-13,436,50.0,/public/home/student090/quantum-pump-l8/runs/l8-allobs-20260728T230945/static/static_0436_U_p7d500000_t_p1d500000.npz,1.5,0.0022537525851603624,1,2000
2.0000000000000004,3.0,0.17077002977782563,8,2.0000000000000004,0.6357807673766347,7.75,0.005,/public/home/student090/quantum-pump-l8/runs/l8-allobs-20260728T230945/chern10/pair_0437_U_p7d750000_t_p1d500000_N10.npz,20,0.636008047215114,40,0.9,0.09552911062681796,1311,4.3298697960381105e-15,437,2.0,/public/home/student090/quantum-pump-l8/runs/l8-allobs-20260728T230945/static/static_0437_U_p7d750000_t_p1d500000.npz,1.5,0.00022727983847925515,1,80
2.0000000000000004,3.0,0.17077002977782563,8,2.0000000000000004,0.5429874278621215,7.75,0.005,/public/home/student090/quantum-pump-l8/runs/l8-allobs-20260728T230945/chern10/pair_0437_U_p7d750000_t_p1d500000_N10.npz,20,0.5450476372806399,200,0.9,0.5605304937579514,1312,2.298161660974074e-14,437,10.0,/public/home/student090/quantum-pump-l8/runs/l8-allobs-20260728T230945/static/static_0437_U_p7d750000_t_p1d500000.npz,1.5,0.002060209418518366,1,400
2.0000000000000004,3.0,0.17077002977782563,8,2.0000000000000004,0.0013558601175025706,7.75,0.005,/public/home/student090/quantum-pump-l8/runs/l8-allobs-20260728T230945/chern10/pair_0437_U_p7d750000_t_p1d500000_N10.npz,20,0.0033308895156266183,1000,0.9,0.8594007703754316,1313,1.1035616864774056e-13,437,50.0,/public/home/student090/quantum-pump-l8/runs/l8-allobs-20260728T230945/static/static_0437_U_p7d750000_t_p1d500000.npz,1.5,0.0019750293981240477,1,2000
2.0,3.0,0.03086532289909183,8,2.0,0.6027176808665027,8.0,0.005,/public/home/student090/quantum-pump-l8/runs/l8-allobs-20260728T230945/chern10/pair_0438_U_p8d000000_t_p1d500000_N10.npz,20,0.6027534488474438,40,0.9,0.08524981848657609,1314,1.4432899320127035e-15,438,2.0,/public/home/student090/quantum-pump-l8/runs/l8-allobs-20260728T230945/static/static_0438_U_p8d000000_t_p1d500000.npz,1.5,3.5767980941070476e-05,1,80
2.0,3.0,0.03086532289909183,8,2.0,0.34847536999876794,8.0,0.005,/public/home/student090/quantum-pump-l8/runs/l8-allobs-20260728T230945/chern10/pair_0438_U_p8d000000_t_p1d500000_N10.npz,20,0.35040965310969513,200,0.9,0.2531876542323253,1315,5.218048215738236e-15,438,10.0,/public/home/student090/quantum-pump-l8/runs/l8-allobs-20260728T230945/static/static_0438_U_p8d000000_t_p1d500000.npz,1.5,0.001934283110927193,1,400
2.0,3.0,0.03086532289909183,8,2.0,-0.02504438257841478,8.0,0.005,/public/home/student090/quantum-pump-l8/runs/l8-allobs-20260728T230945/chern10/pair_0438_U_p8d000000_t_p1d500000_N10.npz,20,-0.023169168494700625,1000,0.9,0.9284217956727017,1316,3.6637359812630166e-14,438,50.0,/public/home/student090/quantum-pump-l8/runs/l8-allobs-20260728T230945/static/static_0438_U_p8d000000_t_p1d500000.npz,1.5,0.0018752140837141537,1,2000
-2.8271597168564594e-16,3.0,0.09879735577622561,8,0.0,0.5693821317259669,8.25,0.005,/public/home/student090/quantum-pump-l8/runs/l8-allobs-20260728T230945/chern10/pair_0439_U_p8d250000_t_p1d500000_N10.npz,20,0.5692530589408512,40,0.9,0.07325019675386898,1317,3.9968028886505635e-15,439,2.0,/public/home/student090/quantum-pump-l8/runs/l8-allobs-20260728T230945/static/static_0439_U_p8d250000_t_p1d500000.npz,1.5,0.00012907278511564702,1,80
-2.8271597168564594e-16,3.0,0.09879735577622561,8,0.0,0.21960134489931063,8.25,0.005,/public/home/student090/quantum-pump-l8/runs/l8-allobs-20260728T230945/chern10/pair_0439_U_p8d250000_t_p1d500000_N10.npz,20,0.2214667339960896,200,0.9,0.09775182680786014,1318,1.7541523789077473e-14,439,10.0,/public/home/student090/quantum-pump-l8/runs/l8-allobs-20260728T230945/static/static_0439_U_p8d250000_t_p1d500000.npz,1.5,0.0018653890967789688,1,400
-2.8271597168564594e-16,3.0,0.09879735577622561,8,0.0,0.15740609731908006,8.25,0.005,/public/home/student090/quantum-pump-l8/runs/l8-allobs-20260728T230945/chern10/pair_0439_U_p8d250000_t_p1d500000_N10.npz,20,0.15922489443200713,1000,0.9,0.9315535217864016,1319,9.50350909079134e-14,439,50.0,/public/home/student090/quantum-pump-l8/runs/l8-allobs-20260728T230945/static/static_0439_U_p8d250000_t_p1d500000.npz,1.5,0.0018187971129270675,1,2000
1.4135798584282297e-16,3.0,0.21669061363919173,8,0.0,0.5354325577112505,8.5,0.005,/public/home/student090/quantum-pump-l8/runs/l8-allobs-20260728T230945/chern10/pair_0440_U_p8d500000_t_p1d500000_N10.npz,20,0.5351697019596988,40,0.9,0.06058196548836411,1320,3.9968028886505635e-15,440,2.0,/public/home/student090/quantum-pump-l8/runs/l8-allobs-20260728T230945/static/static_0440_U_p8d500000_t_p1d500000.npz,1.5,0.00026285575155171603,1,80
1.4135798584282297e-16,3.0,0.21669061363919173,8,0.0,0.20623900607346446,8.5,0.005,/public/home/student090/quantum-pump-l8/runs/l8-allobs-20260728T230945/chern10/pair_0440_U_p8d500000_t_p1d500000_N10.npz,20,0.20807587306928363,200,0.9,0.1936047609456623,1321,1.1546319456101628e-14,440,10.0,/public/home/student090/quantum-pump-l8/runs/l8-allobs-20260728T230945/static/static_0440_U_p8d500000_t_p1d500000.npz,1.5,0.0018368669958191697,1,400
1.4135798584282297e-16,3.0,0.21669061363919173,8,0.0,-0.16322554012205326,8.5,0.005,/public/home/student090/quantum-pump-l8/runs/l8-allobs-20260728T230945/chern10/pair_0440_U_p8d500000_t_p1d500000_N10.npz,20,-0.16140885477273273,1000,0.9,0.925218674664288,1322,5.5289106626332796e-14,440,50.0,/public/home/student090/quantum-pump-l8/runs/l8-allobs-20260728T230945/static/static_0440_U_p8d500000_t_p1d500000.npz,1.5,0.0018166853493205293,1,2000
-1.0601848938211722e-16,3.0,0.32151082082320137,8,0.0,0.5007023506629921,8.75,0.005,/public/home/student090/quantum-pump-l8/runs/l8-allobs-20260728T230945/chern10/pair_0441_U_p8d750000_t_p1d500000_N10.npz,20,0.5003388698818859,40,0.9,0.04820708064104543,1323,8.881784197001252e-16,441,2.0,/public/home/student090/quantum-pump-l8/runs/l8-allobs-20260728T230945/static/static_0441_U_p8d750000_t_p1d500000.npz,1.5,0.00036348078110615134,1,80
-1.0601848938211722e-16,3.0,0.32151082082320137,8,0.0,0.2615948424495564,8.75,0.005,/public/home/student090/quantum-pump-l8/runs/l8-allobs-20260728T230945/chern10/pair_0441_U_p8d750000_t_p1d500000_N10.npz,20,0.26339179254644257,200,0.9,0.4433958873167804,1324,2.55351295663786e-15,441,10.0,/public/home/student090/quantum-pump-l8/runs/l8-allobs-20260728T230945/static/static_0441_U_p8d750000_t_p1d500000.npz,1.5,0.0017969500968861851,1,400
-1.0601848938211722e-16,3.0,0.32151082082320137,8,0.0,-0.4724611398584795,8.75,0.005,/public/home/student090/quantum-pump-l8/runs/l8-allobs-20260728T230945/chern10/pair_0441_U_p8d750000_t_p1d500000_N10.npz,20,-0.47049675955726533,1000,0.9,0.9955056624191595,1325,1.021405182655144e-14,441,50.0,/public/home/student090/quantum-pump-l8/runs/l8-allobs-20260728T230945/static/static_0441_U_p8d750000_t_p1d500000.npz,1.5,0.0019643803012141525,1,2000
-5.300924469105861e-17,3.0,0.412383692241737,8,0.0,0.4651924969821806,9.0,0.005,/public/home/student090/quantum-pump-l8/runs/l8-allobs-20260728T230945/chern10/pair_0442_U_p9d000000_t_p1d500000_N10.npz,20,0.4647613187943577,40,0.9,0.03696392836403385,1326,4.440892098500626e-15,442,2.0,/public/home/student090/quantum-pump-l8/runs/l8-allobs-20260728T230945/static/static_0442_U_p9d000000_t_p1d500000.npz,1.5,0.0004311781878229004,1,80
-5.300924469105861e-17,3.0,0.412383692241737,8,0.0,0.2863184663006481,9.0,0.005,/public/home/student090/quantum-pump-l8/runs/l8-allobs-20260728T230945/chern10/pair_0442_U_p9d000000_t_p1d500000_N10.npz,20,0.2880657539859769,200,0.9,0.6426499893486973,1327,2.2648549702353193e-14,442,10.0,/public/home/student090/quantum-pump-l8/runs/l8-allobs-20260728T230945/static/static_0442_U_p9d000000_t_p1d500000.npz,1.5,0.00174728768532878,1,400
-5.300924469105861e-17,3.0,0.412383692241737,8,0.0,-0.28381505709584487,9.0,0.005,/public/home/student090/quantum-pump-l8/runs/l8-allobs-20260728T230945/chern10/pair_0442_U_p9d000000_t_p1d500000_N10.npz,20,-0.28171523715676494,1000,0.9,0.7431788677454516,1328,1.1146639167236572e-13,442,50.0,/public/home/student090/quantum-pump-l8/runs/l8-allobs-20260728T230945/static/static_0442_U_p9d000000_t_p1d500000.npz,1.5,0.0020998199390799277,1,2000
5.300924469105861e-17,3.0,0.48632464876126313,8,0.0,0.4290484198324307,9.25,0.005,/public/home/student090/quantum-pump-l8/runs/l8-allobs-20260728T230945/chern10/pair_0443_U_p9d250000_t_p1d500000_N10.npz,20,0.4285802908282801,40,0.9,0.027556358343324594,1329,6.8833827526759706e-15,443,2.0,/public/home/student090/quantum-pump-l8/runs/l8-allobs-20260728T230945/static/static_0443_U_p9d250000_t_p1d500000.npz,1.5,0.0004681290041506081,1,80
5.300924469105861e-17,3.0,0.48632464876126313,8,0.0,0.24409249881111622,9.25,0.005,/public/home/student090/quantum-pump-l8/runs/l8-allobs-20260728T230945/chern10/pair_0443_U_p9d250000_t_p1d500000_N10.npz,20,0.24577652630909538,200,0.9,0.6692254014219706,1330,2.5979218776228663e-14,443,10.0,/public/home/student090/quantum-pump-l8/runs/l8-allobs-20260728T230945/static/static_0443_U_p9d250000_t_p1d500000.npz,1.5,0.0016840274979791625,1,400
5.300924469105861e-17,3.0,0.48632464876126313,8,0.0,0.036626157507139594,9.25,0.005,/public/home/student090/quantum-pump-l8/runs/l8-allobs-20260728T230945/chern10/pair_0443_U_p9d250000_t_p1d500000_N10.npz,20,0.03875223048650889,1000,0.9,0.1920291488904144,1331,1.270095140171179e-13,443,50.0,/public/home/student090/quantum-pump-l8/runs/l8-allobs-20260728T230945/static/static_0443_U_p9d250000_t_p1d500000.npz,1.5,0.0021260729793692937,1,2000
1.9436723053388158e-16,3.0,0.4848446384571661,8,0.0,0.392529196487937,9.5,0.005,/public/home/student090/quantum-pump-l8/runs/l8-allobs-20260728T230945/chern10/pair_0444_U_p9d500000_t_p1d500000_N10.npz,20,0.39205137557903896,40,0.9,0.020551671616137857,1332,6.439293542825908e-15,444,2.0,/public/home/student090/quantum-pump-l8/runs/l8-allobs-20260728T230945/static/static_0444_U_p9d500000_t_p1d500000.npz,1.5,0.0004778209088980301,1,80
1.9436723053388158e-16,3.0,0.4848446384571661,8,0.0,0.18553855968398078,9.5,0.005,/public/home/student090/quantum-pump-l8/runs/l8-allobs-20260728T230945/chern10/pair_0444_U_p9d500000_t_p1d500000_N10.npz,20,0.18713240393316694,200,0.9,0.5695853246791567,1333,3.1530333899354446e-14,444,10.0,/public/home/student090/quantum-pump-l8/runs/l8-allobs-20260728T230945/static/static_0444_U_p9d500000_t_p1d500000.npz,1.5,0.0015938442491861549,1,400
1.9436723053388158e-16,3.0,0.4848446384571661,8,0.0,0.04201710052525267,9.5,0.005,/public/home/student090/quantum-pump-l8/runs/l8-allobs-20260728T230945/chern10/pair_0444_U_p9d500000_t_p1d500000_N10.npz,20,0.04415820396310862,1000,0.9,0.03510590418851367,1334,1.5698553568199713e-13,444,50.0,/public/home/student090/quantum-pump-l8/runs/l8-allobs-20260728T230945/static/static_0444_U_p9d500000_t_p1d500000.npz,1.5,0.0021411034378559513,1,2000
6.184411880623505e-17,3.0,0.48202566396327917,8,1.1102230246251565e-16,0.35597625378676917,9.75,0.005,/public/home/student090/quantum-pump-l8/runs/l8-allobs-20260728T230945/chern10/pair_0445_U_p9d750000_t_p1d500000_N10.npz,20,0.35551191470114474,40,0.9,0.016379240276311484,1335,3.3306690738754696e-15,445,2.0,/public/home/student090/quantum-pump-l8/runs/l8-allobs-20260728T230945/static/static_0445_U_p9d750000_t_p1d500000.npz,1.5,0.00046433908562443227,1,80
6.184411880623505e-17,3.0,0.48202566396327917,8,1.1102230246251565e-16,0.15440040732881097,9.75,0.005,/public/home/student090/quantum-pump-l8/runs/l8-allobs-20260728T230945/chern10/pair_0445_U_p9d750000_t_p1d500000_N10.npz,20,0.1559188063406777,200,0.9,0.4746969354128053,1336,1.3988810110276972e-14,445,10.0,/public/home/student090/quantum-pump-l8/runs/l8-allobs-20260728T230945/static/static_0445_U_p9d750000_t_p1d500000.npz,1.5,0.0015183990118667334,1,400
6.184411880623505e-17,3.0,0.48202566396327917,8,1.1102230246251565e-16,-0.17779573598442872,9.75,0.005,/public/home/student090/quantum-pump-l8/runs/l8-allobs-20260728T230945/chern10/pair_0445_U_p9d750000_t_p1d500000_N10.npz,20,-0.17556087433531167,1000,0.9,0.5092450149028995,1337,7.704947790898586e-14,445,50.0,/public/home/student090/quantum-pump-l8/runs/l8-allobs-20260728T230945/static/static_0445_U_p9d750000_t_p1d500000.npz,1.5,0.0022348616491170425,1,2000
-1.4135798584282297e-16,3.0,0.4780684870786889,8,0.0,0.3197856898334587,10.0,0.005,/public/home/student090/quantum-pump-l8/runs/l8-allobs-20260728T230945/chern10/pair_0446_U_p10d000000_t_p1d500000_N10.npz,20,0.3193539243297111,40,0.9,0.015327529407927804,1338,8.659739592076221e-15,446,2.0,/public/home/student090/quantum-pump-l8/runs/l8-allobs-20260728T230945/static/static_0446_U_p10d000000_t_p1d500000.npz,1.5,0.00043176550374757205,1,80
-1.4135798584282297e-16,3.0,0.4780684870786889,8,0.0,0.13341407652284665,10.0,0.005,/public/home/student090/quantum-pump-l8/runs/l8-allobs-20260728T230945/chern10/pair_0446_U_p10d000000_t_p1d500000_N10.npz,20,0.1349278830926736,200,0.9,0.4662566229062743,1339,4.141131881851834e-14,446,10.0,/public/home/student090/quantum-pump-l8/runs/l8-allobs-20260728T230945/static/static_0446_U_p10d000000_t_p1d500000.npz,1.5,0.001513806569826942,1,400
-1.4135798584282297e-16,3.0,0.4780684870786889,8,0.0,-0.29935587506269273,10.0,0.005,/public/home/student090/quantum-pump-l8/runs/l8-allobs-20260728T230945/chern10/pair_0446_U_p10d000000_t_p1d500000_N10.npz,20,-0.2970159010539801,1000,0.9,0.9717921545178042,1340,1.8629542353210127e-13,446,50.0,/public/home/student090/quantum-pump-l8/runs/l8-allobs-20260728T230945/static/static_0446_U_p10d000000_t_p1d500000.npz,1.5,0.0023399740087126086,1,2000
3.528772962018713e-18,3.0,0.8017614140155587,8,0.0,0.09144751819147039,12.0,0.005,/public/home/student090/quantum-pump-l8/runs/l8-allobs-20260728T230945/chern10/pair_0447_U_p12d000000_t_p1d500000_N10.npz,10,0.09161287191723555,40,0.9,0.10658893565919689,1341,7.105427357601002e-15,447,2.0,/public/home/student090/quantum-pump-l8/runs/l8-allobs-20260728T230945/static/static_0447_U_p12d000000_t_p1d500000.npz,1.5,0.00016535372576516327,1,80
3.528772962018713e-18,3.0,0.8017614140155587,8,0.0,-0.019756160982393776,12.0,0.005,/public/home/student090/quantum-pump-l8/runs/l8-allobs-20260728T230945/chern10/pair_0447_U_p12d000000_t_p1d500000_N10.npz,10,-0.018337878232200275,200,0.9,0.9695303727050176,1342,2.7644553313166398e-14,447,10.0,/public/home/student090/quantum-pump-l8/runs/l8-allobs-20260728T230945/static/static_0447_U_p12d000000_t_p1d500000.npz,1.5,0.001418282750193501,1,400
3.528772962018713e-18,3.0,0.8017614140155587,8,0.0,-0.03830421638886568,12.0,0.005,/public/home/student090/quantum-pump-l8/runs/l8-allobs-20260728T230945/chern10/pair_0447_U_p12d000000_t_p1d500000_N10.npz,10,-0.0361199058527437,1000,0.9,0.28341634045548875,1343,1.3533618670180658e-13,447,50.0,/public/home/student090/quantum-pump-l8/runs/l8-allobs-20260728T230945/static/static_0447_U_p12d000000_t_p1d500000.npz,1.5,0.002184310536121975,1,2000
-1.0402546602215067e-16,3.0,0.5863184999846727,8,0.0,0.002114026278444564,16.0,0.005,/public/home/student090/quantum-pump-l8/runs/l8-allobs-20260728T230945/chern10/pair_0448_U_p16d000000_t_p1d500000_N10.npz,10,0.002713692218692212,40,0.9,0.3158793503303859,1344,7.105427357601002e-15,448,2.0,/public/home/student090/quantum-pump-l8/runs/l8-allobs-20260728T230945/static/static_0448_U_p16d000000_t_p1d500000.npz,1.5,0.0005996659402476481,1,80
-1.0402546602215067e-16,3.0,0.5863184999846727,8,0.0,0.0007779319760243933,16.0,0.005,/public/home/student090/quantum-pump-l8/runs/l8-allobs-20260728T230945/chern10/pair_0448_U_p16d000000_t_p1d500000_N10.npz,10,0.0018233764222488997,200,0.9,0.3546384850904117,1345,3.2862601528904634e-14,448,10.0,/public/home/student090/quantum-pump-l8/runs/l8-allobs-20260728T230945/static/static_0448_U_p16d000000_t_p1d500000.npz,1.5,0.0010454444462245065,1,400
-1.0402546602215067e-16,3.0,0.5863184999846727,8,0.0,-0.0022800176569264517,16.0,0.005,/public/home/student090/quantum-pump-l8/runs/l8-allobs-20260728T230945/chern10/pair_0448_U_p16d000000_t_p1d500000_N10.npz,10,-0.0005807516753440434,1000,0.9,0.16932498606571814,1346,1.2989609388114332e-13,448,50.0,/public/home/student090/quantum-pump-l8/runs/l8-allobs-20260728T230945/static/static_0448_U_p16d000000_t_p1d500000.npz,1.5,0.0016992659815824084,1,2000
3.335941481086884e-17,3.0,0.37998806366387194,8,0.0,0.00016289775274063828,24.0,0.005,/public/home/student090/quantum-pump-l8/runs/l8-allobs-20260728T230945/chern10/pair_0449_U_p24d000000_t_p1d500000_N10.npz,10,0.0005467208350953022,40,0.9,0.5919192434966251,1347,2.220446049250313e-15,449,2.0,/public/home/student090/quantum-pump-l8/runs/l8-allobs-20260728T230945/static/static_0449_U_p24d000000_t_p1d500000.npz,1.5,0.0003838230823546639,1,80
3.335941481086884e-17,3.0,0.37998806366387194,8,0.0,0.00016315435034316265,24.0,0.005,/public/home/student090/quantum-pump-l8/runs/l8-allobs-20260728T230945/chern10/pair_0449_U_p24d000000_t_p1d500000_N10.npz,10,0.0007908003426798863,200,0.9,0.17790621843412102,1348,7.327471962526033e-15,449,10.0,/public/home/student090/quantum-pump-l8/runs/l8-allobs-20260728T230945/static/static_0449_U_p24d000000_t_p1d500000.npz,1.5,0.0006276459923367237,1,400
3.335941481086884e-17,3.0,0.37998806366387194,8,0.0,0.0001096448953489208,24.0,0.005,/public/home/student090/quantum-pump-l8/runs/l8-allobs-20260728T230945/chern10/pair_0449_U_p24d000000_t_p1d500000_N10.npz,10,0.001254816156365109,1000,0.9,0.8683811091906779,1349,3.197442310920451e-14,449,50.0,/public/home/student090/quantum-pump-l8/runs/l8-allobs-20260728T230945/static/static_0449_U_p24d000000_t_p1d500000.npz,1.5,0.0011451712610161882,1,2000
1.5937284634329993e-16,3.0,0.15065825511255837,8,0.0,9.153858518836112e-05,32.0,0.005,/public/home/student090/quantum-pump-l8/runs/l8-allobs-20260728T230945/chern10/pair_0450_U_p32d000000_t_p1d500000_N10.npz,20,0.0004064076157023816,40,0.9,0.7428665929130197,1350,1.887379141862766e-15,450,2.0,/public/home/student090/quantum-pump-l8/runs/l8-allobs-20260728T230945/static/static_0450_U_p32d000000_t_p1d500000.npz,1.5,0.0003148690305140205,1,80
1.5937284634329993e-16,3.0,0.15065825511255837,8,0.0,0.00013102710611235616,32.0,0.005,/public/home/student090/quantum-pump-l8/runs/l8-allobs-20260728T230945/chern10/pair_0450_U_p32d000000_t_p1d500000_N10.npz,20,0.0005881245071678037,200,0.9,0.11580435995133606,1351,7.66053886991358e-15,450,10.0,/public/home/student090/quantum-pump-l8/runs/l8-allobs-20260728T230945/static/static_0450_U_p32d000000_t_p1d500000.npz,1.5,0.0004570974010554476,1,400
1.5937284634329993e-16,3.0,0.15065825511255837,8,0.0,0.0002293129020654292,32.0,0.005,/public/home/student090/quantum-pump-l8/runs/l8-allobs-20260728T230945/chern10/pair_0450_U_p32d000000_t_p1d500000_N10.npz,20,0.0010950521532787955,1000,0.9,0.8878122343486059,1352,2.7755575615628914e-15,450,50.0,/public/home/student090/quantum-pump-l8/runs/l8-allobs-20260728T230945/static/static_0450_U_p32d000000_t_p1d500000.npz,1.5,0.0008657392512133662,1,2000
