C_MB,C_MB_integer,Delta0,Delta_min,L,Q_adiabatic,U,adiabatic_convergence_error,adiabatic_refinements,chern_checkpoint,chern_checkpoint_reused,chern_grid,delta0,index,maximum_abs_berry_flux,maximum_solver_residual,minimum_link_overlap,minimum_resta_modulus,polarization_points_used,refined,t
2.0000000000000004,2,3.0,0.23257735249282518,8,2.0000000000000004,-32.0,6.661338147750939e-16,1,/public/home/student090/quantum-pump-l8/runs/l8-allobs-20260728T230945/chern20/pair_0000_U_neg32d000000_t_p0d500000_N20.npz,False,20,0.9,0,0.3126282056070457,1.348668910923331e-08,0.2920503358944433,0.23091614764604249,20,True,0.5
2.0000000000000004,2,3.0,0.3082708032234365,8,2.000000000000001,-24.0,1.1102230246251565e-15,1,/public/home/student090/quantum-pump-l8/runs/l8-allobs-20260728T230945/chern20/pair_0001_U_neg24d000000_t_p0d500000_N20.npz,False,20,0.9,1,0.3115251324796211,7.2274170454843265e-09,0.3026104592429432,0.2330473793952865,20,True,0.5
2.0,2,3.0,0.4548629269718276,8,2.0,-16.0,0.0,1,/public/home/student090/quantum-pump-l8/runs/l8-allobs-20260728T230945/chern20/pair_0002_U_neg16d000000_t_p0d500000_N20.npz,False,20,0.9,2,0.30863982454942657,1.3237641538041353e-09,0.32343395503100286,0.23880640434852016,20,True,0.5
2.0,2,3.0,0.5933254344706711,8,2.0000000000000004,-12.0,4.440892098500626e-16,1,/public/home/student090/quantum-pump-l8/runs/l8-allobs-20260728T230945/chern20/pair_0003_U_neg12d000000_t_p0d500000_N20.npz,True,20,0.9,3,0.30507573865314214,5.778846563650754e-10,0.34352409650498633,0.246145651673728,20,True,0.5
2.0,2,3.0,0.8406887322276049,8,1.9999999999999998,-8.0,0.0,1,/public/home/student090/quantum-pump-l8/runs/l8-allobs-20260728T230945/chern20/pair_0004_U_neg8d000000_t_p0d500000_N20.npz,True,20,0.9,4,0.2968477254772961,4.4019896199310777e-10,0.3804558102289593,0.2635517573640171,20,True,0.5
2.0,2,3.0,1.0462066622489772,8,2.0,-6.0,4.440892098500626e-16,1,/public/home/student090/quantum-pump-l8/runs/l8-allobs-20260728T230945/chern20/pair_0005_U_neg6d000000_t_p0d500000_N20.npz,True,20,0.9,5,0.28824950607925043,5.748294363128032e-10,0.4124108559843656,0.2819436956716013,20,True,0.5
2.0,2,3.0,1.3454642443979417,8,1.9999999999999998,-4.0,0.0,1,/public/home/student090/quantum-pump-l8/runs/l8-allobs-20260728T230945/chern20/pair_0006_U_neg4d000000_t_p0d500000_N20.npz,True,20,0.9,6,0.2725216237932797,2.7390408346054234e-10,0.46260195276193916,0.3152397565359356,20,True,0.5
2.0000000000000004,2,3.0,1.7314738111594483,8,2.000000000000001,-2.0,1.1102230246251565e-15,1,/public/home/student090/quantum-pump-l8/runs/l8-allobs-20260728T230945/chern20/pair_0007_U_neg2d000000_t_p0d500000_N20.npz,True,20,0.9,7,0.24191548650273367,2.1769443541048283e-10,0.5464267053837195,0.37709047781088767,20,True,0.5
2.0000000000000004,2,3.0,1.9999999999999751,8,2.0,0.0,0.0,1,/public/home/student090/quantum-pump-l8/runs/l8-ut-20260728T195000/stage10/pair_0008_U_p0d000000_t_p0d500000_N10.npz,True,10,0.9,8,0.525462641414131,7.83281359683659e-11,0.37897801295552314,0.48453032794195294,20,False,0.5
2.0,2,3.0,1.7314738111594101,8,1.9999999999999998,2.0,0.0,1,/public/home/student090/quantum-pump-l8/runs/l8-ut-20260728T195000/stage10/pair_0009_U_p2d000000_t_p0d500000_N10.npz,True,10,0.9,9,0.40915824857671834,1.2525476292621655e-10,0.5200668305848172,0.628314170651109,20,False,0.5
2.0000000000000004,2,3.0,1.3454642443980793,8,2.0,4.0,4.440892098500626e-16,1,/public/home/student090/quantum-pump-l8/runs/l8-ut-20260728T195000/stage10/pair_0010_U_p4d000000_t_p0d500000_N10.npz,True,10,0.9,10,0.2795965538524516,5.891760966960833e-11,0.6190784508264693,0.6975500319452251,20,False,0.5
2.0000000000000004,2,3.0,1.301995739847511,8,2.0,4.25,0.0,1,/public/home/student090/quantum-pump-l8/runs/l8-ut-20260728T195000/stage10/pair_0011_U_p4d250000_t_p0d500000_N10.npz,True,10,0.9,11,0.2811419872932227,5.264498900278127e-11,0.5646861504549471,0.7071086303338889,20,False,0.5
1.9999999999999998,2,3.0,1.2602868616614948,8,2.0,4.5,0.0,1,/public/home/student090/quantum-pump-l8/runs/l8-ut-20260728T195000/stage10/pair_0012_U_p4d500000_t_p0d500000_N10.npz,True,10,0.9,12,0.27789685567081507,5.118592638325185e-11,0.5029417413908988,0.7149031233828681,20,False,0.5
2.0,2,3.0,1.2203541119685788,8,2.0,4.75,0.0,1,/public/home/student090/quantum-pump-l8/runs/l8-ut-20260728T195000/stage10/pair_0013_U_p4d750000_t_p0d500000_N10.npz,True,10,0.9,13,0.26941246418676573,4.596997310252173e-11,0.4342820259410054,0.7142940295161283,20,False,0.5
1.9999999999999998,2,3.0,1.1821833049287251,8,1.9999999999999998,5.0,2.220446049250313e-16,1,/public/home/student090/quantum-pump-l8/runs/l8-ut-20260728T195000/stage10/pair_0014_U_p5d000000_t_p0d500000_N10.npz,True,10,0.9,14,0.2555431676279805,4.651847685589208e-11,0.3601532046650025,0.7035336670321855,20,False,0.5
2.0000000000000004,2,3.0,1.0887433678614773,8,2.0,5.25,0.0,1,/public/home/student090/quantum-pump-l8/runs/l8-allobs-20260728T230945/chern20/pair_0015_U_p5d250000_t_p0d500000_N20.npz,True,20,0.9,15,0.0882281664902035,4.028476341694039e-11,0.7603430310388339,0.6520142583617606,20,True,0.5
2.0,2,3.0,0.8776266220109221,8,1.9999999999999996,5.5,4.440892098500626e-16,1,/public/home/student090/quantum-pump-l8/runs/l8-allobs-20260728T230945/chern20/pair_0016_U_p5d500000_t_p0d500000_N20.npz,True,20,0.9,16,0.10317297417886448,3.5099120656119077e-11,0.7255119411579353,0.58968554372723,20,True,0.5
2.0,2,3.0,0.6702837360096332,8,2.0,5.75,0.0,2,/public/home/student090/quantum-pump-l8/runs/l8-allobs-20260728T230945/chern20/pair_0017_U_p5d750000_t_p0d500000_N20.npz,True,20,0.9,17,0.12161929336323599,3.582278521581378e-11,0.6916952778370552,0.5130474506011007,40,True,0.5
1.9999999999999998,2,3.0,0.629372548852579,8,2.0,5.8,2.220446049250313e-16,2,/public/home/student090/quantum-pump-l8/runs/l8-allobs-20260728T230945/chern20/pair_0018_U_p5d800000_t_p0d500000_N20.npz,True,20,0.9,18,0.1259802885342844,3.356950507256795e-11,0.6853882379354386,0.4955208216808377,40,True,0.5
2.0,2,3.0,0.4682538965490175,8,2.0,6.0,0.0,2,/public/home/student090/quantum-pump-l8/runs/l8-allobs-20260728T230945/chern20/pair_0019_U_p6d000000_t_p0d500000_N20.npz,True,20,0.9,19,0.1474845240747386,3.2894812850569637e-11,0.6629010798337099,0.4157490744055082,40,True,0.5
2.0,2,3.0,0.3129875949692762,8,1.9999999999999996,6.2,8.881784197001252e-16,2,/public/home/student090/quantum-pump-l8/runs/l8-allobs-20260728T230945/chern20/pair_0020_U_p6d200000_t_p0d500000_N20.npz,True,20,0.9,20,0.18234917320038346,3.122464549104321e-11,0.646642584464,0.3153122861151135,40,True,0.5
2.0,2,3.0,0.2755077241301569,8,2.0000000000000004,6.25,4.440892098500626e-16,2,/public/home/student090/quantum-pump-l8/runs/l8-allobs-20260728T230945/chern20/pair_0021_U_p6d250000_t_p0d500000_N20.npz,True,20,0.9,21,0.19548964718374265,2.9425156629912174e-11,0.6438138216892454,0.2859152299167776,40,True,0.5
2.0,2,3.0,0.10066680634959457,8,1.9999999999999996,6.5,4.440892098500626e-16,2,/public/home/student090/quantum-pump-l8/runs/l8-allobs-20260728T230945/chern20/pair_0022_U_p6d500000_t_p0d500000_N20.npz,True,20,0.9,22,0.35440251207584167,2.6924097490155148e-11,0.6379221657267322,0.10484367259354326,40,True,0.5
0.0,0,3.0,0.04165517288815401,8,0.0,6.75,0.0,1,/public/home/student090/quantum-pump-l8/runs/l8-allobs-20260728T230945/chern20/pair_0023_U_p6d750000_t_p0d500000_N20.npz,True,20,0.9,23,0.42497848832425283,3.0397243219067584e-11,0.6666958266928099,0.6473647476609411,20,True,0.5
-1.9436723053388158e-16,0,3.0,0.13713339503999,8,5.551115123125783e-17,7.0,5.551115123125783e-17,1,/public/home/student090/quantum-pump-l8/runs/l8-allobs-20260728T230945/chern20/pair_0024_U_p7d000000_t_p0d500000_N20.npz,True,20,0.9,24,0.13420753008377542,2.6824894115994618e-11,0.6771839835180656,0.7089662318478653,20,True,0.5
-6.184411880623505e-17,0,3.0,0.15467826072380242,8,0.0,7.25,0.0,1,/public/home/student090/quantum-pump-l8/runs/l8-allobs-20260728T230945/chern20/pair_0025_U_p7d250000_t_p0d500000_N20.npz,True,20,0.9,25,0.07371964922465643,2.4427067230162634e-11,0.6849573127915852,0.7599485315241435,20,True,0.5
-8.834874115176436e-18,0,3.0,0.1441844988606471,8,0.0,7.5,0.0,1,/public/home/student090/quantum-pump-l8/runs/l8-allobs-20260728T230945/chern20/pair_0026_U_p7d500000_t_p0d500000_N20.npz,True,20,0.9,26,0.049723936671556286,2.3349212298071037e-11,0.6910554027554783,0.8011099283813105,20,True,0.5
-1.4577542290041119e-16,0,3.0,0.13402235093291948,8,0.0,7.75,0.0,1,/public/home/student090/quantum-pump-l8/runs/l8-allobs-20260728T230945/chern20/pair_0027_U_p7d750000_t_p0d500000_N20.npz,True,20,0.9,27,0.03722573953323781,2.259676642299431e-11,0.6959434455172412,0.8339492945927576,20,True,0.5
-3.975693351829396e-17,0,3.0,0.12463316843938399,8,0.0,8.0,0.0,1,/public/home/student090/quantum-pump-l8/runs/l8-allobs-20260728T230945/chern20/pair_0028_U_p8d000000_t_p0d500000_N20.npz,True,20,0.9,28,0.02962819938431949,1.966602714030243e-11,0.6999416372383687,0.8576274539143744,20,True,0.5
1.115402857041025e-16,0,3.0,0.11616295095686846,8,0.0,8.25,0.0,1,/public/home/student090/quantum-pump-l8/runs/l8-allobs-20260728T230945/chern20/pair_0029_U_p8d250000_t_p0d500000_N20.npz,True,20,0.9,29,0.02450745416182974,2.3405618152616507e-11,0.7032674284755246,0.8721124038288863,20,True,0.5
-1.0436195048552164e-16,0,3.0,0.1086059053881323,8,0.0,8.5,0.0,1,/public/home/student090/quantum-pump-l8/runs/l8-allobs-20260728T230945/chern20/pair_0030_U_p8d500000_t_p0d500000_N20.npz,True,20,0.9,30,0.020794450324869155,1.9221611488559442e-11,0.7060707545155059,0.8833326133853442,20,True,0.5
-4.086129278269101e-17,0,3.0,0.10188960058808938,8,0.0,8.75,0.0,1,/public/home/student090/quantum-pump-l8/runs/l8-allobs-20260728T230945/chern20/pair_0031_U_p8d750000_t_p0d500000_N20.npz,True,20,0.9,31,0.017957336082136732,2.1001742208220404e-11,0.7084582475602483,0.8916321025066134,20,True,0.5
-1.6951914708494786e-16,0,3.0,0.09591948251609339,8,0.0,9.0,0.0,1,/public/home/student090/quantum-pump-l8/runs/l8-allobs-20260728T230945/chern20/pair_0032_U_p9d000000_t_p0d500000_N20.npz,True,20,0.9,32,0.01570617974754193,2.2262915996095112e-11,0.7105084670823479,0.8991970597496852,20,True,0.5
3.660950961476235e-16,0,3.0,0.09059996867375286,8,0.0,9.25,0.0,1,/public/home/student090/quantum-pump-l8/runs/l8-allobs-20260728T230945/chern20/pair_0033_U_p9d250000_t_p0d500000_N20.npz,True,20,0.9,33,0.013870439577200308,1.948229707465572e-11,0.7122811847084002,0.9060886263267032,20,True,0.5
-4.969616689786745e-18,0,3.0,0.0858433102792523,8,0.0,9.5,0.0,1,/public/home/student090/quantum-pump-l8/runs/l8-allobs-20260728T230945/chern20/pair_0034_U_p9d500000_t_p0d500000_N20.npz,True,20,0.9,34,0.012342984821906312,1.7285483825430954e-11,0.7138230772945017,0.9123670103949256,20,True,0.5
9.387053747374963e-17,0,3.0,0.0815724846714142,8,0.0,9.75,0.0,1,/public/home/student090/quantum-pump-l8/runs/l8-allobs-20260728T230945/chern20/pair_0035_U_p9d750000_t_p0d500000_N20.npz,True,20,0.9,35,0.011052579341437992,1.668284101832843e-11,0.7151713233009678,0.9172210198409034,20,True,0.5
-7.620078924339676e-17,0,3.0,0.07772136698498466,8,0.0,10.0,0.0,1,/public/home/student090/quantum-pump-l8/runs/l8-allobs-20260728T230945/chern20/pair_0036_U_p10d000000_t_p0d500000_N20.npz,True,20,0.9,36,0.009949507908337077,1.7858693031132828e-11,0.7163559734816717,0.9214251798052256,20,True,0.5
-3.451122701240795e-17,0,3.0,0.05679754767196521,8,0.0,12.0,0.0,1,/public/home/student090/quantum-pump-l8/runs/l8-allobs-20260728T230945/chern20/pair_0037_U_p12d000000_t_p0d500000_N20.npz,True,20,0.9,37,0.004893659334157779,1.637873006557786e-11,0.7221674445841334,0.9441940394326885,20,True,0.5
0.0,0,3.0,0.03770957627647992,8,0.0,16.0,0.0,1,/public/home/student090/quantum-pump-l8/runs/l8-allobs-20260728T230945/chern20/pair_0038_U_p16d000000_t_p0d500000_N20.npz,True,20,0.9,38,0.0018905888007512107,1.3629955907653808e-11,0.7262208781170331,0.9665362360550243,20,True,0.5
8.42073939102754e-18,0,3.0,0.02317135146061261,8,0.0,24.0,0.0,1,/public/home/student090/quantum-pump-l8/runs/l8-allobs-20260728T230945/chern20/pair_0039_U_p24d000000_t_p0d500000_N20.npz,True,20,0.9,39,0.0005866355139743158,6.783321697489235e-12,0.7282557454320093,0.9843802725024386,20,True,0.5
-6.527798589396964e-17,0,3.0,0.016907557968668357,8,0.0,32.0,0.0,1,/public/home/student090/quantum-pump-l8/runs/l8-allobs-20260728T230945/chern20/pair_0040_U_p32d000000_t_p0d500000_N20.npz,True,20,0.9,40,0.000251603176889549,7.10112865193067e-12,0.7288259549895683,0.9910552541510483,20,True,0.5
1.9999999999999998,2,3.0,0.2730501446383471,8,2.0,-32.0,0.0,1,/public/home/student090/quantum-pump-l8/runs/l8-allobs-20260728T230945/chern20/pair_0041_U_neg32d000000_t_p0d600000_N20.npz,False,20,0.9,41,0.3122951923212716,1.373754621985859e-08,0.2916039042106611,0.24305488574903528,20,True,0.6
2.0,2,3.0,0.3616434830782538,8,2.0,-24.0,0.0,1,/public/home/student090/quantum-pump-l8/runs/l8-allobs-20260728T230945/chern20/pair_0042_U_neg24d000000_t_p0d600000_N20.npz,False,20,0.9,42,0.31095394369083834,7.443045709338364e-09,0.30389909725449077,0.2456096398915027,20,True,0.6
2.0,2,3.0,0.5325601547175012,8,2.000000000000001,-16.0,4.440892098500626e-16,1,/public/home/student090/quantum-pump-l8/runs/l8-allobs-20260728T230945/chern20/pair_0043_U_neg16d000000_t_p0d600000_N20.npz,False,20,0.9,43,0.30745323200789787,2.2298068870747223e-09,0.3281738440854617,0.25247742155550124,20,True,0.6
1.9999999999999993,2,3.0,0.6930062950666525,8,2.0,-12.0,0.0,1,/public/home/student090/quantum-pump-l8/runs/l8-allobs-20260728T230945/chern20/pair_0044_U_neg12d000000_t_p0d600000_N20.npz,True,20,0.9,44,0.3031454502583453,2.0124276240457404e-09,0.35158840816378145,0.2611553399670807,20,True,0.6
2.0000000000000004,2,3.0,0.9770504683748769,8,2.0000000000000004,-8.0,4.440892098500626e-16,1,/public/home/student090/quantum-pump-l8/runs/l8-allobs-20260728T230945/chern20/pair_0045_U_neg8d000000_t_p0d600000_N20.npz,True,20,0.9,45,0.2932652642428791,7.031531479685008e-10,0.3944975757557331,0.2814126244582432,20,True,0.6
2.0,2,3.0,1.2110667686745096,8,2.0,-6.0,0.0,1,/public/home/student090/quantum-pump-l8/runs/l8-allobs-20260728T230945/chern20/pair_0046_U_neg6d000000_t_p0d600000_N20.npz,True,20,0.9,46,0.2830503546002271,3.6793780728441153e-10,0.43138056732808383,0.3023398237684808,20,True,0.6
2.0,2,3.0,1.5528803284455854,8,2.000000000000001,-4.0,8.881784197001252e-16,1,/public/home/student090/quantum-pump-l8/runs/l8-allobs-20260728T230945/chern20/pair_0047_U_neg4d000000_t_p0d600000_N20.npz,True,20,0.9,47,0.26469796651692473,2.186030838742971e-10,0.4885525730704877,0.33904329406660694,20,True,0.6
1.9999999999999998,2,3.0,2.026782116912912,8,2.0000000000000004,-2.0,0.0,1,/public/home/student090/quantum-pump-l8/runs/l8-ut-20260728T195000/stage10/pair_0048_U_neg2d000000_t_p0d600000_N10.npz,True,10,0.9,48,0.5645715188455747,1.462599475899902e-10,0.35157924502621507,0.4035738855215455,20,False,0.6
2.0,2,3.0,2.399999999999901,8,2.0,0.0,0.0,1,/public/home/student090/quantum-pump-l8/runs/l8-ut-20260728T195000/stage10/pair_0049_U_p0d000000_t_p0d600000_N10.npz,True,10,0.9,49,0.5089212881556769,5.58230403074762e-11,0.409197378325608,0.5070468721664754,20,False,0.6
2.0,2,3.0,2.0267821169128792,8,2.0,2.0,0.0,1,/public/home/student090/quantum-pump-l8/runs/l8-ut-20260728T195000/stage10/pair_0050_U_p2d000000_t_p0d600000_N10.npz,True,10,0.9,50,0.39159678090273226,1.0321922639748474e-10,0.5546802765953968,0.6368580919815937,20,False,0.6
2.0000000000000004,2,3.0,1.5528803284456574,8,2.0000000000000004,4.0,0.0,1,/public/home/student090/quantum-pump-l8/runs/l8-ut-20260728T195000/stage10/pair_0051_U_p4d000000_t_p0d600000_N10.npz,True,10,0.9,51,0.2706224058520856,5.601432204618457e-11,0.6471958390596759,0.7032483347618188,20,False,0.6
2.0,2,3.0,1.5027837756659501,8,2.0,4.25,0.0,1,/public/home/student090/quantum-pump-l8/runs/l8-ut-20260728T195000/stage10/pair_0052_U_p4d250000_t_p0d600000_N10.npz,True,10,0.9,52,0.2710106992747169,6.574888597019736e-11,0.5987530218500345,0.7115273368930751,20,False,0.6
2.0,2,3.0,1.4549362649076558,8,2.0,4.5,0.0,1,/public/home/student090/quantum-pump-l8/runs/l8-ut-20260728T195000/stage10/pair_0053_U_p4d500000_t_p0d600000_N10.npz,True,10,0.9,53,0.2674143131184963,5.977587847564166e-11,0.5434013953567176,0.7109036955991083,20,False,0.6
2.0000000000000004,2,3.0,1.409280071678623,8,1.9999999999999996,4.75,8.881784197001252e-16,1,/public/home/student090/quantum-pump-l8/runs/l8-ut-20260728T195000/stage10/pair_0054_U_p4d750000_t_p0d600000_N10.npz,True,10,0.9,54,0.259515902111514,2.8153928006135965e-11,0.4810184455022029,0.7074111952113592,20,False,0.6
2.0000000000000004,2,3.0,1.3657424835614949,8,1.9999999999999998,5.0,2.220446049250313e-16,1,/public/home/student090/quantum-pump-l8/runs/l8-ut-20260728T195000/stage10/pair_0055_U_p5d000000_t_p0d600000_N10.npz,True,10,0.9,55,0.24720582631753504,3.8889092576013585e-11,0.4121561476926936,0.6662314014863717,20,False,0.6
2.0,2,3.0,1.1723785946206826,8,2.0,5.25,0.0,1,/public/home/student090/quantum-pump-l8/runs/l8-allobs-20260728T230945/chern20/pair_0056_U_p5d250000_t_p0d600000_N20.npz,True,20,0.9,56,0.08712094076595946,3.507092251573922e-11,0.7876423500656335,0.6182900029904194,20,True,0.6
2.0000000000000004,2,3.0,0.9649708476259216,8,2.0,5.5,0.0,1,/public/home/student090/quantum-pump-l8/runs/l8-allobs-20260728T230945/chern20/pair_0057_U_p5d500000_t_p0d600000_N20.npz,True,20,0.9,57,0.10158780369448892,4.504328584503731e-11,0.7563797669995811,0.562077757268612,20,True,0.6
2.0,2,3.0,0.7610295574587571,8,2.0,5.75,0.0,2,/public/home/student090/quantum-pump-l8/runs/l8-allobs-20260728T230945/chern20/pair_0058_U_p5d750000_t_p0d600000_N20.npz,True,20,0.9,58,0.11948055922517198,3.8917690110512284e-11,0.7244714365436081,0.49521977671487244,40,True,0.6
2.0,2,3.0,0.7207457324473543,8,1.9999999999999996,5.8,4.440892098500626e-16,2,/public/home/student090/quantum-pump-l8/runs/l8-allobs-20260728T230945/chern20/pair_0059_U_p5d800000_t_p0d600000_N20.npz,True,20,0.9,59,0.1236592981616411,3.9304660750703834e-11,0.7182373727774012,0.48025878812452855,40,True,0.6
2.0,2,3.0,0.5617868123928087,8,2.0000000000000004,6.0,4.440892098500626e-16,2,/public/home/student090/quantum-pump-l8/runs/l8-allobs-20260728T230945/chern20/pair_0060_U_p6d000000_t_p0d600000_N20.npz,True,20,0.9,60,0.14358949529696957,3.4770255983158634e-11,0.6946468189977798,0.4137068058816073,40,True,0.6
2.0000000000000004,2,3.0,0.4075144030398681,8,1.9999999999999996,6.2,0.0,2,/public/home/student090/quantum-pump-l8/runs/l8-allobs-20260728T230945/chern20/pair_0061_U_p6d200000_t_p0d600000_N20.npz,True,20,0.9,61,0.17262022783620135,3.506239446012431e-11,0.674556132176409,0.33349768741765284,40,True,0.6
2.0000000000000004,2,3.0,0.3699425721563516,8,2.0,6.25,4.440892098500626e-16,2,/public/home/student090/quantum-pump-l8/runs/l8-allobs-20260728T230945/chern20/pair_0062_U_p6d250000_t_p0d600000_N20.npz,True,20,0.9,62,0.1824763708619326,3.70357861221897e-11,0.6702860998546254,0.31073728045378374,40,True,0.6
2.0,2,3.0,0.19073821256127754,8,2.0,6.5,0.0,2,/public/home/student090/quantum-pump-l8/runs/l8-allobs-20260728T230945/chern20/pair_0063_U_p6d500000_t_p0d600000_N20.npz,True,20,0.9,63,0.2710401006819985,3.1421014041615615e-11,0.6545069818765661,0.17597152426990811,40,True,0.6
2.0,2,3.0,0.03292788609059816,8,0.0,6.75,0.0,1,/public/home/student090/quantum-pump-l8/runs/l8-allobs-20260728T230945/chern20/pair_0064_U_p6d750000_t_p0d600000_N20.npz,True,20,0.9,64,0.6505603718505535,3.152683719440974e-11,0.6483087328197651,0.0008628305036862647,20,True,0.6
1.0601848938211722e-16,0,3.0,0.09232899392652394,8,0.0,7.0,0.0,1,/public/home/student090/quantum-pump-l8/runs/l8-allobs-20260728T230945/chern20/pair_0065_U_p7d000000_t_p0d600000_N20.npz,True,20,0.9,65,0.26912234251901995,2.951564016768729e-11,0.6844701003151611,0.6677806205283898,20,True,0.6
1.0601848938211722e-16,0,3.0,0.17749946578624476,8,0.0,7.25,0.0,1,/public/home/student090/quantum-pump-l8/runs/l8-allobs-20260728T230945/chern20/pair_0066_U_p7d250000_t_p0d600000_N20.npz,True,20,0.9,66,0.12071325079570974,1.9021256113508422e-11,0.6943127860274667,0.7164004729949678,20,True,0.6
-1.1485336349729365e-16,0,3.0,0.18734343982498336,8,-1.1102230246251565e-16,7.5,1.6653345369377348e-16,1,/public/home/student090/quantum-pump-l8/runs/l8-allobs-20260728T230945/chern20/pair_0067_U_p7d500000_t_p0d600000_N20.npz,True,20,0.9,67,0.07355073735496179,2.6706237264442937e-11,0.7018871782944729,0.7578959629227469,20,True,0.6
-7.951386703658792e-17,0,3.0,0.17741600636930044,8,0.0,7.75,0.0,1,/public/home/student090/quantum-pump-l8/runs/l8-allobs-20260728T230945/chern20/pair_0068_U_p7d750000_t_p0d600000_N20.npz,True,20,0.9,68,0.051482342172864924,2.353532450074427e-11,0.707778974711343,0.792726535964918,20,True,0.6
-2.297067269945873e-16,0,3.0,0.16747670086199928,8,0.0,8.0,0.0,1,/public/home/student090/quantum-pump-l8/runs/l8-allobs-20260728T230945/chern20/pair_0069_U_p8d000000_t_p0d600000_N20.npz,True,20,0.9,69,0.03901054402659834,2.3535624725690276e-11,0.7124338508909897,0.8216926490854677,20,True,0.6
-2.208718528794109e-17,0,3.0,0.1579555922713991,8,0.0,8.25,0.0,1,/public/home/student090/quantum-pump-l8/runs/l8-allobs-20260728T230945/chern20/pair_0070_U_p8d250000_t_p0d600000_N20.npz,True,20,0.9,70,0.03111064263769092,2.7250738750509173e-11,0.716175717905738,0.8456973156344839,20,True,0.6
7.288771145020559e-17,0,3.0,0.14906538513464995,8,0.0,8.5,0.0,1,/public/home/student090/quantum-pump-l8/runs/l8-allobs-20260728T230945/chern20/pair_0071_U_p8d500000_t_p0d600000_N20.npz,True,20,0.9,71,0.025695621217546843,2.1863490208693808e-11,0.7192349711237964,0.8638288807887681,20,True,0.6
3.754821498949985e-17,0,3.0,0.14088361206110034,8,0.0,8.75,0.0,1,/public/home/student090/quantum-pump-l8/runs/l8-allobs-20260728T230945/chern20/pair_0072_U_p8d750000_t_p0d600000_N20.npz,True,20,0.9,72,0.02175958267619614,2.651546155409353e-11,0.7217748340826311,0.876124333706381,20,True,0.6
-1.31970932095448e-16,0,3.0,0.1334113775989827,8,0.0,9.0,0.0,1,/public/home/student090/quantum-pump-l8/runs/l8-allobs-20260728T230945/chern20/pair_0073_U_p9d000000_t_p0d600000_N20.npz,True,20,0.9,73,0.018766890647975935,2.0260757252583827e-11,0.7239118777480931,0.8865319569540345,20,True,0.6
8.614002262297024e-17,0,3.0,0.12661064243496467,8,0.0,9.25,0.0,1,/public/home/student090/quantum-pump-l8/runs/l8-allobs-20260728T230945/chern20/pair_0074_U_p9d250000_t_p0d600000_N20.npz,True,20,0.9,74,0.016410549168234367,2.04971512293767e-11,0.725730655656758,0.89379947133394,20,True,0.6
3.103249532955723e-16,0,3.0,0.12042615693647263,8,0.0,9.5,0.0,1,/public/home/student090/quantum-pump-l8/runs/l8-allobs-20260728T230945/chern20/pair_0075_U_p9d500000_t_p0d600000_N20.npz,True,20,0.9,75,0.014503945292188063,1.9624493351940718e-11,0.7272936890684539,0.9004786734408786,20,True,0.6
1.8829325457969777e-16,0,3.0,0.11479760849095011,8,0.0,9.75,0.0,1,/public/home/student090/quantum-pump-l8/runs/l8-allobs-20260728T230945/chern20/pair_0076_U_p9d750000_t_p0d600000_N20.npz,True,20,0.9,76,0.012927854301596485,1.7329543947527273e-11,0.7286481527851885,0.9066159546500495,20,True,0.6
-6.626155586382327e-17,0,3.0,0.10966593098460353,8,0.0,10.0,0.0,1,/public/home/student090/quantum-pump-l8/runs/l8-allobs-20260728T230945/chern20/pair_0077_U_p10d000000_t_p0d600000_N20.npz,True,20,0.9,77,0.011602721398687682,1.750064100014072e-11,0.7298303412712434,0.9122564272387036,20,True,0.6
2.5400263081132252e-17,0,3.0,0.08102716168111201,8,0.0,12.0,0.0,1,/public/home/student090/quantum-pump-l8/runs/l8-allobs-20260728T230945/chern20/pair_0078_U_p12d000000_t_p0d600000_N20.npz,True,20,0.9,78,0.005700954678638956,1.9880700628401686e-11,0.7355644157598902,0.9384415127804439,20,True,0.6
-8.779656151956583e-17,0,3.0,0.05411458140544445,8,0.0,16.0,0.0,1,/public/home/student090/quantum-pump-l8/runs/l8-allobs-20260728T230945/chern20/pair_0079_U_p16d000000_t_p0d600000_N20.npz,True,20,0.9,79,0.0021451946724144405,1.2818928494143189e-11,0.7395460458482452,0.9626604237448111,20,True,0.6
9.842601943938747e-17,0,3.0,0.03332988377448409,8,0.0,24.0,0.0,1,/public/home/student090/quantum-pump-l8/runs/l8-allobs-20260728T230945/chern20/pair_0080_U_p24d000000_t_p0d600000_N20.npz,True,20,0.9,80,0.0006715392087973757,9.345204546026499e-12,0.7415457160155764,0.9824073594857556,20,True,0.6
-2.1855960066957956e-16,0,3.0,0.02433351783727658,8,0.0,32.0,0.0,1,/public/home/student090/quantum-pump-l8/runs/l8-allobs-20260728T230945/chern20/pair_0081_U_p32d000000_t_p0d600000_N20.npz,True,20,0.9,81,0.0002889511495675613,7.796277918553026e-12,0.7421047156887794,0.9898897383421028,20,True,0.6
2.0000000000000004,2,3.0,0.3143446057948438,8,1.9999999999999996,-32.0,8.881784197001252e-16,1,/public/home/student090/quantum-pump-l8/runs/l8-allobs-20260728T230945/chern20/pair_0082_U_neg32d000000_t_p0d700000_N20.npz,False,20,0.9,82,0.3119133935916894,1.3914736028296717e-08,0.29388415001548757,0.25001774314779923,20,True,0.7
2.0000000000000004,2,3.0,0.4159926002608785,8,2.0,-24.0,0.0,1,/public/home/student090/quantum-pump-l8/runs/l8-allobs-20260728T230945/chern20/pair_0083_U_neg24d000000_t_p0d700000_N20.npz,False,20,0.9,83,0.31029867456055593,7.361534609742709e-09,0.30804601842834456,0.2529850779073612,20,True,0.7
2.0,2,3.0,0.6112734709463865,8,2.0,-16.0,0.0,1,/public/home/student090/quantum-pump-l8/runs/l8-allobs-20260728T230945/chern20/pair_0084_U_neg16d000000_t_p0d700000_N20.npz,True,20,0.9,84,0.30609680506419173,7.320391565377097e-10,0.33600490823400986,0.26091334189224535,20,True,0.7
2.0,2,3.0,0.7933701913509807,8,2.0000000000000004,-12.0,6.661338147750939e-16,1,/public/home/student090/quantum-pump-l8/runs/l8-allobs-20260728T230945/chern20/pair_0085_U_neg12d000000_t_p0d700000_N20.npz,False,20,0.9,85,0.3009569276357091,2.245568297933939e-09,0.3629077510417264,0.2708337269016472,20,True,0.7
2.0000000000000004,2,3.0,1.112454140271936,8,2.0,-8.0,4.440892098500626e-16,1,/public/home/student090/quantum-pump-l8/runs/l8-allobs-20260728T230945/chern20/pair_0086_U_neg8d000000_t_p0d700000_N20.npz,True,20,0.9,86,0.2893128704242897,4.2468207147810387e-10,0.41185273266846845,0.293597958083418,20,True,0.7
2.0,2,3.0,1.3724594881807697,8,2.0,-6.0,4.440892098500626e-16,1,/public/home/student090/quantum-pump-l8/runs/l8-allobs-20260728T230945/chern20/pair_0087_U_neg6d000000_t_p0d700000_N20.npz,True,20,0.9,87,0.2774954067544481,3.5054256403255025e-10,0.45337767604801577,0.3165901939852359,20,True,0.7
2.0,2,3.0,1.75035473853967,8,2.000000000000001,-4.0,1.1102230246251565e-15,1,/public/home/student090/quantum-pump-l8/runs/l8-allobs-20260728T230945/chern20/pair_0088_U_neg4d000000_t_p0d700000_N20.npz,True,20,0.9,88,0.2568354466844878,2.755445066968589e-10,0.5163578239364747,0.3557867364712558,20,True,0.7
2.0,2,3.0,2.292989251870427,8,2.0000000000000004,-2.0,6.661338147750939e-16,1,/public/home/student090/quantum-pump-l8/runs/l8-ut-20260728T195000/stage10/pair_0089_U_neg2d000000_t_p0d700000_N10.npz,True,10,0.9,89,0.5547447985465894,2.360628160556151e-10,0.37124090910270774,0.4217224902193141,20,False,0.7
2.0,2,3.0,2.799999999999983,8,2.0,0.0,8.881784197001252e-16,1,/public/home/student090/quantum-pump-l8/runs/l8-ut-20260728T195000/stage10/pair_0090_U_p0d000000_t_p0d700000_N10.npz,True,10,0.9,90,0.49474666682948926,1.539722584828842e-10,0.43857015744223016,0.5212508663244151,20,False,0.7
2.0,2,3.0,2.292989251870453,8,2.0,2.0,0.0,1,/public/home/student090/quantum-pump-l8/runs/l8-ut-20260728T195000/stage10/pair_0091_U_p2d000000_t_p0d700000_N10.npz,True,10,0.9,91,0.3778357047756961,1.0219512046345908e-10,0.584246699378666,0.6403521780001695,20,False,0.7
2.0,2,3.0,1.7503547385397447,8,2.0,4.0,0.0,1,/public/home/student090/quantum-pump-l8/runs/l8-ut-20260728T195000/stage10/pair_0092_U_p4d000000_t_p0d700000_N10.npz,True,10,0.9,92,0.2628646537693909,5.376661892881293e-11,0.6726965520746084,0.702880797572375,20,False,0.7
2.0000000000000004,2,3.0,1.6948730524218139,8,2.0,4.25,0.0,1,/public/home/student090/quantum-pump-l8/runs/l8-ut-20260728T195000/stage10/pair_0093_U_p4d250000_t_p0d700000_N10.npz,True,10,0.9,93,0.26276029999560985,5.52875809423317e-11,0.6292607499152371,0.7046688196297637,20,False,0.7
2.0,2,3.0,1.641962070188466,8,2.0,4.5,0.0,1,/public/home/student090/quantum-pump-l8/runs/l8-ut-20260728T195000/stage10/pair_0094_U_p4d500000_t_p0d700000_N10.npz,True,10,0.9,94,0.25929614620903885,5.418946176765559e-11,0.5793555998676652,0.7022453641471982,20,False,0.7
2.0,2,3.0,1.5915170022902014,8,2.0000000000000004,4.75,4.440892098500626e-16,1,/public/home/student090/quantum-pump-l8/runs/l8-ut-20260728T195000/stage10/pair_0095_U_p4d750000_t_p0d700000_N10.npz,True,10,0.9,95,0.25221537041801484,5.7117334249043705e-11,0.522531510576553,0.6747065894014121,20,False,0.7
2.0,2,3.0,1.5434290342592423,8,2.0,5.0,0.0,1,/public/home/student090/quantum-pump-l8/runs/l8-ut-20260728T195000/stage10/pair_0096_U_p5d000000_t_p0d700000_N10.npz,True,10,0.9,96,0.2414027048186096,3.9435800156047856e-11,0.4587832451833651,0.6357260427406987,20,False,0.7
1.9999999999999998,2,3.0,1.4975879565186103,8,2.0000000000000004,5.25,0.0,1,/public/home/student090/quantum-pump-l8/runs/l8-ut-20260728T195000/stage10/pair_0097_U_p5d250000_t_p0d700000_N10.npz,True,10,0.9,97,0.28545637685752806,4.350978528055306e-11,0.3888585555515472,0.5913572846411328,20,False,0.7
2.0,2,3.0,1.0515439335441759,8,2.0000000000000004,5.5,4.440892098500626e-16,1,/public/home/student090/quantum-pump-l8/runs/l8-allobs-20260728T230945/chern20/pair_0098_U_p5d500000_t_p0d700000_N20.npz,True,20,0.9,98,0.10000504891769994,4.26358854418389e-11,0.7818683701772888,0.5405041675606458,20,True,0.7
2.0,2,3.0,0.8507452685644186,8,2.0,5.75,4.440892098500626e-16,1,/public/home/student090/quantum-pump-l8/runs/l8-allobs-20260728T230945/chern20/pair_0099_U_p5d750000_t_p0d700000_N20.npz,True,20,0.9,99,0.11729462566838929,4.540160215413578e-11,0.7520160410900679,0.4814903920169668,20,True,0.7
2.0,2,3.0,0.8110424355723325,8,2.0,5.8,0.0,2,/public/home/student090/quantum-pump-l8/runs/l8-allobs-20260728T230945/chern20/pair_0100_U_p5d800000_t_p0d700000_N20.npz,True,20,0.9,100,0.1212914071813358,3.861873386540753e-11,0.7460005854188223,0.4684971645209095,40,True,0.7
2.0,2,3.0,0.6541281413543611,8,2.0000000000000004,6.0,8.881784197001252e-16,2,/public/home/student090/quantum-pump-l8/runs/l8-allobs-20260728T230945/chern20/pair_0101_U_p6d000000_t_p0d700000_N20.npz,True,20,0.9,101,0.13992403676745752,3.701060014969539e-11,0.7223960208655824,0.41165002758171504,40,True,0.7
2.0000000000000004,2,3.0,0.5010934016003841,8,1.9999999999999998,6.2,2.220446049250313e-16,2,/public/home/student090/quantum-pump-l8/runs/l8-allobs-20260728T230945/chern20/pair_0102_U_p6d200000_t_p0d700000_N20.npz,True,20,0.9,102,0.16527649836115244,3.776136051926175e-11,0.7005337871797985,0.345218484630684,40,True,0.7
2.0,2,3.0,0.4636178904583783,8,2.0,6.25,0.0,2,/public/home/student090/quantum-pump-l8/runs/l8-allobs-20260728T230945/chern20/pair_0103_U_p6d250000_t_p0d700000_N20.npz,True,20,0.9,103,0.1733392093611938,3.7369817333411224e-11,0.6955033807581175,0.32677201155160157,40,True,0.7
2.0000000000000004,2,3.0,0.2826515346321661,8,2.0000000000000004,6.5,8.881784197001252e-16,2,/public/home/student090/quantum-pump-l8/runs/l8-allobs-20260728T230945/chern20/pair_0104_U_p6d500000_t_p0d700000_N20.npz,True,20,0.9,104,0.23507106937805505,3.3375631395090267e-11,0.6739516744960803,0.2206998188549887,40,True,0.7
2.0,2,3.0,0.11676615465232043,8,2.0000000000000004,6.75,4.440892098500626e-16,2,/public/home/student090/quantum-pump-l8/runs/l8-allobs-20260728T230945/chern20/pair_0105_U_p6d750000_t_p0d700000_N20.npz,True,20,0.9,105,0.4056037675637172,3.3919632830601714e-11,0.6595420093307416,0.08631712484704385,40,True,0.7
-1.7669748230352872e-16,0,3.0,0.026413688615997355,8,0.0,7.0,0.0,1,/public/home/student090/quantum-pump-l8/runs/l8-allobs-20260728T230945/chern20/pair_0106_U_p7d000000_t_p0d700000_N20.npz,True,20,0.9,106,0.5832253221443163,1.70627962549549e-11,0.6853987978495594,0.6358663235329904,20,True,0.7
3.533949646070574e-17,0,3.0,0.13910620396736295,8,0.0,7.25,0.0,1,/public/home/student090/quantum-pump-l8/runs/l8-allobs-20260728T230945/chern20/pair_0107_U_p7d250000_t_p0d700000_N20.npz,True,20,0.9,107,0.20875923703961324,2.2983173817127936e-11,0.6998284304994573,0.6808500142649463,20,True,0.7
-1.4135798584282297e-16,0,3.0,0.21761041224072653,8,0.0,7.5,5.551115123125783e-17,1,/public/home/student090/quantum-pump-l8/runs/l8-allobs-20260728T230945/chern20/pair_0108_U_p7d500000_t_p0d700000_N20.npz,True,20,0.9,108,0.11262076545586298,2.219257205389814e-11,0.7095025806417646,0.7208271922515915,20,True,0.7
1.4135798584282297e-16,0,3.0,0.22024323196879525,8,0.0,7.75,0.0,1,/public/home/student090/quantum-pump-l8/runs/l8-allobs-20260728T230945/chern20/pair_0109_U_p7d750000_t_p0d700000_N20.npz,True,20,0.9,109,0.07360270602244263,2.3244612550329803e-11,0.7170043366991781,0.7557514718290523,20,True,0.7
-1.6786260818835226e-16,0,3.0,0.21093018006238662,8,0.0,8.0,0.0,1,/public/home/student090/quantum-pump-l8/runs/l8-allobs-20260728T230945/chern20/pair_0110_U_p8d000000_t_p0d700000_N20.npz,True,20,0.9,110,0.05315437544221306,1.723568593445882e-11,0.7228587840853122,0.7858971419415085,20,True,0.7
-1.236882376124701e-16,0,3.0,0.20135887370843575,8,0.0,8.25,0.0,1,/public/home/student090/quantum-pump-l8/runs/l8-allobs-20260728T230945/chern20/pair_0111_U_p8d250000_t_p0d700000_N20.npz,True,20,0.9,111,0.04084064859352386,2.2013807685560982e-11,0.7274771690241209,0.8117249745374595,20,True,0.7
0.0,0,3.0,0.19192867973292715,8,0.0,8.5,0.0,1,/public/home/student090/quantum-pump-l8/runs/l8-allobs-20260728T230945/chern20/pair_0112_U_p8d500000_t_p0d700000_N20.npz,True,20,0.9,112,0.03274226971010351,2.5382523162688697e-11,0.7311690705056288,0.8337718569598048,20,True,0.7
1.3914926731402886e-16,0,3.0,0.18287909152428727,8,0.0,8.75,0.0,1,/public/home/student090/quantum-pump-l8/runs/l8-allobs-20260728T230945/chern20/pair_0113_U_p8d750000_t_p0d700000_N20.npz,True,20,0.9,113,0.027072701803625778,2.58000962747566e-11,0.7341625256578913,0.8525761524607559,20,True,0.7
3.014900791803959e-16,0,3.0,0.17433693126613425,8,0.0,9.0,0.0,1,/public/home/student090/quantum-pump-l8/runs/l8-allobs-20260728T230945/chern20/pair_0114_U_p9d000000_t_p0d700000_N20.npz,True,20,0.9,114,0.02291005327682272,2.306039681605739e-11,0.7366239844736052,0.8675764355161811,20,True,0.7
6.6261555863823264e-18,0,3.0,0.16635528345378292,8,0.0,9.25,0.0,1,/public/home/student090/quantum-pump-l8/runs/l8-allobs-20260728T230945/chern20/pair_0115_U_p9d250000_t_p0d700000_N20.npz,True,20,0.9,115,0.0197362208256035,2.1435919127108517e-11,0.7386749267641527,0.8782808972414314,20,True,0.7
-1.1485336349729365e-16,0,3.0,0.15894187383176672,8,0.0,9.5,0.0,1,/public/home/student090/quantum-pump-l8/runs/l8-allobs-20260728T230945/chern20/pair_0116_U_p9d500000_t_p0d700000_N20.npz,True,20,0.9,116,0.0172411553972425,2.6868147624299468e-11,0.7404045558163618,0.887878801118651,20,True,0.7
8.448348372637466e-17,0,3.0,0.15207827410380315,8,0.0,9.75,0.0,1,/public/home/student090/quantum-pump-l8/runs/l8-allobs-20260728T230945/chern20/pair_0117_U_p9d750000_t_p0d700000_N20.npz,True,20,0.9,117,0.015229959321998058,1.660912818587058e-11,0.7418790487521892,0.8946665108281143,20,True,0.7
-1.3528400988863916e-16,0,3.0,0.14573225224507103,8,0.0,10.0,0.0,1,/public/home/student090/quantum-pump-l8/runs/l8-allobs-20260728T230945/chern20/pair_0118_U_p10d000000_t_p0d700000_N20.npz,True,20,0.9,118,0.01357503961932627,2.6156335643909756e-11,0.7431481289144295,0.9007099674777945,20,True,0.7
-2.7608981609926363e-18,0,3.0,0.10908371430554809,8,0.0,12.0,0.0,1,/public/home/student090/quantum-pump-l8/runs/l8-allobs-20260728T230945/chern20/pair_0119_U_p12d000000_t_p0d700000_N20.npz,True,20,0.9,119,0.0065529689227459735,1.4324456002096937e-11,0.7490998500746238,0.9320759080523563,20,True,0.7
3.119814921921679e-17,0,3.0,0.0733579284607272,8,0.0,16.0,0.0,1,/public/home/student090/quantum-pump-l8/runs/l8-allobs-20260728T230945/chern20/pair_0120_U_p16d000000_t_p0d700000_N20.npz,True,20,0.9,120,0.0024083204603702535,1.2482243085367843e-11,0.7530893543550861,0.9585018233620431,20,True,0.7
-2.7795342235793363e-16,0,3.0,0.0453066072492645,8,0.0,24.0,0.0,1,/public/home/student090/quantum-pump-l8/runs/l8-allobs-20260728T230945/chern20/pair_0121_U_p24d000000_t_p0d700000_N20.npz,True,20,0.9,121,0.0007609063186424625,1.1853165613775517e-11,0.7550607192050716,0.9802697095847174,20,True,0.7
1.5864811057603934e-16,0,3.0,0.0330991622172766,8,0.0,32.0,0.0,1,/public/home/student090/quantum-pump-l8/runs/l8-allobs-20260728T230945/chern20/pair_0122_U_p32d000000_t_p0d700000_N20.npz,False,20,0.9,122,0.0003285289149031399,1.1664288976865205e-11,0.7556062851775874,0.9886217023716579,20,True,0.7
2.0000000000000004,2,3.0,0.35663794558973905,8,2.0,-32.0,4.440892098500626e-16,1,/public/home/student090/quantum-pump-l8/runs/l8-allobs-20260728T230945/chern20/pair_0123_U_neg32d000000_t_p0d800000_N20.npz,False,20,0.9,123,0.3114762463394234,1.2551424673066026e-08,0.29812002284353684,0.2536695159939396,20,True,0.8
2.0000000000000004,2,3.0,0.4715409137551916,8,1.9999999999999993,-24.0,1.1102230246251565e-15,1,/public/home/student090/quantum-pump-l8/runs/l8-allobs-20260728T230945/chern20/pair_0124_U_neg24d000000_t_p0d800000_N20.npz,False,20,0.9,124,0.30955029880161994,7.829920663231495e-09,0.3142700644058236,0.2570386312521751,20,True,0.8
2.0000000000000004,2,3.0,0.6912905638603348,8,1.9999999999999996,-16.0,8.881784197001252e-16,1,/public/home/student090/quantum-pump-l8/runs/l8-allobs-20260728T230945/chern20/pair_0125_U_neg16d000000_t_p0d800000_N20.npz,True,20,0.9,125,0.3045597032681301,1.6221611660444431e-09,0.3461102532453909,0.2659775180217638,20,True,0.8
2.0,2,3.0,0.8947340937209063,8,2.0,-12.0,0.0,1,/public/home/student090/quantum-pump-l8/runs/l8-allobs-20260728T230945/chern20/pair_0126_U_neg12d000000_t_p0d800000_N20.npz,True,20,0.9,126,0.29850345993748195,7.425871775882796e-10,0.3766083209646842,0.2770397598704984,20,True,0.8
2.0,2,3.0,1.247264034558043,8,2.0,-8.0,4.440892098500626e-16,1,/public/home/student090/quantum-pump-l8/runs/l8-allobs-20260728T230945/chern20/pair_0127_U_neg8d000000_t_p0d800000_N20.npz,True,20,0.9,127,0.2849977262866541,3.811374943849364e-10,0.4314910191868272,0.3019549659869353,20,True,0.8
2.0,2,3.0,1.530843357702409,8,2.0000000000000004,-6.0,0.0,1,/public/home/student090/quantum-pump-l8/runs/l8-allobs-20260728T230945/chern20/pair_0128_U_neg6d000000_t_p0d800000_N20.npz,True,20,0.9,128,0.2716002931668008,3.2507779360403566e-10,0.4772195953768975,0.32653440776452336,20,True,0.8
2.0000000000000004,2,3.0,1.9387829460602752,8,1.9999999999999996,-4.0,4.440892098500626e-16,1,/public/home/student090/quantum-pump-l8/runs/l8-ut-20260728T195000/stage10/pair_0129_U_neg4d000000_t_p0d800000_N10.npz,True,10,0.9,129,0.577361409787572,2.0985697713498633e-10,0.3549664687509372,0.367301128046187,20,False,0.8
2.0,2,3.0,2.5291935417100273,8,1.9999999999999998,-2.0,0.0,1,/public/home/student090/quantum-pump-l8/runs/l8-ut-20260728T195000/stage10/pair_0130_U_neg2d000000_t_p0d800000_N10.npz,True,10,0.9,130,0.5450897793322526,1.8405603869450083e-10,0.3919724673508133,0.4333131162668046,20,False,0.8
2.0,2,3.0,3.199999999999971,8,2.0,0.0,4.440892098500626e-16,1,/public/home/student090/quantum-pump-l8/runs/l8-ut-20260728T195000/stage10/pair_0131_U_p0d000000_t_p0d800000_N10.npz,True,10,0.9,131,0.481709670999104,1.5951682309319313e-10,0.46657952106795725,0.5286471010770759,20,False,0.8
1.9999999999999998,2,3.0,2.5291935417101072,8,1.9999999999999996,2.0,8.881784197001252e-16,1,/public/home/student090/quantum-pump-l8/runs/l8-ut-20260728T195000/stage10/pair_0132_U_p2d000000_t_p0d800000_N10.npz,True,10,0.9,132,0.3664675493259409,8.59260320062619e-11,0.6098293978707776,0.6395160332216983,20,False,0.8
2.0000000000000004,2,3.0,1.9387829460602406,8,2.0000000000000004,4.0,8.881784197001252e-16,1,/public/home/student090/quantum-pump-l8/runs/l8-ut-20260728T195000/stage10/pair_0133_U_p4d000000_t_p0d800000_N10.npz,True,10,0.9,133,0.25631801874818433,7.220047976669883e-11,0.6955436421552452,0.6971018316322103,20,False,0.8
1.9999999999999998,2,3.0,1.8790620854014417,8,1.9999999999999998,4.25,2.220446049250313e-16,1,/public/home/student090/quantum-pump-l8/runs/l8-ut-20260728T195000/stage10/pair_0134_U_p4d250000_t_p0d800000_N10.npz,True,10,0.9,134,0.25609306261384757,5.706806788044138e-11,0.6563550389303162,0.6927474699648272,20,False,0.8
1.9999999999999998,2,3.0,1.8220814426770282,8,2.0000000000000004,4.5,4.440892098500626e-16,1,/public/home/student090/quantum-pump-l8/runs/l8-ut-20260728T195000/stage10/pair_0135_U_p4d500000_t_p0d800000_N10.npz,True,10,0.9,135,0.25299549000473476,3.96989190263138e-11,0.6111409625160699,0.679857272075985,20,False,0.8
2.0000000000000004,2,3.0,1.7677148483464658,8,2.0,4.75,0.0,1,/public/home/student090/quantum-pump-l8/runs/l8-ut-20260728T195000/stage10/pair_0136_U_p4d750000_t_p0d800000_N10.npz,True,10,0.9,136,0.2467968145849038,4.688305211101028e-11,0.5592720670376526,0.6469781436341547,20,False,0.8
2.0000000000000004,2,3.0,1.7158378076541965,8,2.0,5.0,0.0,1,/public/home/student090/quantum-pump-l8/runs/l8-ut-20260728T195000/stage10/pair_0137_U_p5d000000_t_p0d800000_N10.npz,True,10,0.9,137,0.2430303240507528,5.310168075713518e-11,0.5004009833459422,0.610314965136136,20,False,0.8
1.9999999999999998,2,3.0,1.6663285074172647,8,2.0,5.25,4.440892098500626e-16,1,/public/home/student090/quantum-pump-l8/runs/l8-ut-20260728T195000/stage10/pair_0138_U_p5d250000_t_p0d800000_N10.npz,True,10,0.9,138,0.287222409110102,4.4691154922440894e-11,0.43472883597028456,0.5692873541422259,20,False,0.8
1.9999999999999998,2,3.0,1.5654169844274781,8,2.0,5.5,0.0,1,/public/home/student090/quantum-pump-l8/runs/l8-ut-20260728T195000/stage10/pair_0139_U_p5d500000_t_p0d800000_N10.npz,True,10,0.9,139,0.34400609661936044,4.75100660723784e-11,0.3633066911195332,0.5230731029863087,20,False,0.8
2.0,2,3.0,0.9390698607510384,8,2.0000000000000004,5.75,4.440892098500626e-16,1,/public/home/student090/quantum-pump-l8/runs/l8-allobs-20260728T230945/chern20/pair_0140_U_p5d750000_t_p0d800000_N20.npz,True,20,0.9,140,0.11512315834413753,2.99339523413792e-11,0.7755493636772294,0.4704519930847617,20,True,0.8
2.0000000000000004,2,3.0,0.899913854781424,8,2.0,5.8,0.0,1,/public/home/student090/quantum-pump-l8/runs/l8-allobs-20260728T230945/chern20/pair_0141_U_p5d800000_t_p0d800000_N20.npz,True,20,0.9,141,0.11894567595590541,4.4356536380186485e-11,0.7698360189610596,0.459010551611701,20,True,0.8
2.0000000000000004,2,3.0,0.7449600034523325,8,2.0,6.0,2.220446049250313e-16,2,/public/home/student090/quantum-pump-l8/runs/l8-allobs-20260728T230945/chern20/pair_0142_U_p6d000000_t_p0d800000_N20.npz,True,20,0.9,142,0.1364822025437361,4.840961738410893e-11,0.746861304112408,0.40957607468566914,40,True,0.8
2.0,2,3.0,0.5932942579330138,8,1.9999999999999996,6.2,0.0,2,/public/home/student090/quantum-pump-l8/runs/l8-allobs-20260728T230945/chern20/pair_0143_U_p6d200000_t_p0d800000_N20.npz,True,20,0.9,143,0.15927849157415244,1.3802829816973216e-10,0.7244511088658308,0.35311176988769294,40,True,0.8
2.0000000000000004,2,3.0,0.5560164187807697,8,2.0,6.25,0.0,2,/public/home/student090/quantum-pump-l8/runs/l8-allobs-20260728T230945/chern20/pair_0144_U_p6d250000_t_p0d800000_N20.npz,True,20,0.9,144,0.16622156382965486,1.2832130691719556e-10,0.7190651228074468,0.33768050761915575,40,True,0.8
2.0,2,3.0,0.3746215909339732,8,2.0,6.5,2.220446049250313e-16,2,/public/home/student090/quantum-pump-l8/runs/l8-allobs-20260728T230945/chern20/pair_0145_U_p6d500000_t_p0d800000_N20.npz,True,20,0.9,145,0.21445566375687916,2.0690292403689415e-10,0.6942961585861586,0.2508620081727352,40,True,0.8
2.0,2,3.0,0.20447266672653885,8,2.0,6.75,4.440892098500626e-16,2,/public/home/student090/quantum-pump-l8/runs/l8-allobs-20260728T230945/chern20/pair_0146_U_p6d750000_t_p0d800000_N20.npz,True,20,0.9,146,0.3162355281847009,1.6348217862353096e-10,0.6744417638283934,0.1443675001896593,40,True,0.8
2.0,2,3.0,0.05074883420007881,8,1.9999999999999998,7.0,0.0,2,/public/home/student090/quantum-pump-l8/runs/l8-allobs-20260728T230945/chern20/pair_0147_U_p7d000000_t_p0d800000_N20.npz,True,20,0.9,147,0.634096011932291,2.6852872785899237e-10,0.6604068314851446,0.01441611732434446,40,True,0.8
3.533949646070574e-17,0,3.0,0.08042999521579075,8,0.0,7.25,0.0,1,/public/home/student090/quantum-pump-l8/runs/l8-allobs-20260728T230945/chern20/pair_0148_U_p7d250000_t_p0d800000_N20.npz,True,20,0.9,148,0.3841728930408044,3.407621771095937e-11,0.7015418829473327,0.6520246004327619,20,True,0.8
-1.5902773407317583e-16,0,3.0,0.18385245589672428,8,0.0,7.5,0.0,1,/public/home/student090/quantum-pump-l8/runs/l8-allobs-20260728T230945/chern20/pair_0149_U_p7d500000_t_p0d800000_N20.npz,True,20,0.9,149,0.17768295332705178,3.395457670425426e-11,0.7136800410932389,0.6895972933370397,20,True,0.8
0.0,0,3.0,0.25785313162765267,8,0.0,7.75,0.0,1,/public/home/student090/quantum-pump-l8/runs/l8-allobs-20260728T230945/chern20/pair_0150_U_p7d750000_t_p0d800000_N20.npz,True,20,0.9,150,0.10722675233913599,3.634266164888314e-11,0.7232067935013132,0.7234408911812931,20,True,0.8
-2.297067269945873e-16,0,3.0,0.2532695461352876,8,0.0,8.0,0.0,1,/public/home/student090/quantum-pump-l8/runs/l8-allobs-20260728T230945/chern20/pair_0151_U_p8d000000_t_p0d800000_N20.npz,True,20,0.9,151,0.07375555545651695,3.616969095989015e-11,0.7306756217974065,0.7535484574382062,20,True,0.8
-2.3854160110976374e-16,0,3.0,0.24460092073990136,8,0.0,8.25,0.0,1,/public/home/student090/quantum-pump-l8/runs/l8-allobs-20260728T230945/chern20/pair_0152_U_p8d250000_t_p0d800000_N20.npz,True,20,0.9,152,0.054694221291239194,2.534260061434345e-11,0.736554079134345,0.7800891564901199,20,True,0.8
-2.2087185287941088e-16,0,3.0,0.23549168343213234,8,0.0,8.5,0.0,1,/public/home/student090/quantum-pump-l8/runs/l8-allobs-20260728T230945/chern20/pair_0153_U_p8d500000_t_p0d800000_N20.npz,True,20,0.9,153,0.042618354766295774,2.048032028482063e-11,0.7412158118650636,0.8033428911069271,20,True,0.8
-6.184411880623505e-17,0,3.0,0.22630546826728803,8,0.0,8.75,0.0,1,/public/home/student090/quantum-pump-l8/runs/l8-allobs-20260728T230945/chern20/pair_0154_U_p8d750000_t_p0d800000_N20.npz,True,20,0.9,154,0.03441013042316722,2.690352351935123e-11,0.7449493925616406,0.8236444327757746,20,True,0.8
-5.963540027744093e-17,0,3.0,0.21728747952094318,8,0.0,9.0,0.0,1,/public/home/student090/quantum-pump-l8/runs/l8-allobs-20260728T230945/chern20/pair_0155_U_p9d000000_t_p0d800000_N20.npz,True,20,0.9,155,0.028539319015881814,2.446246542113748e-11,0.7479732750835463,0.8413423227697832,20,True,0.8
-4.8591807633470396e-17,0,3.0,0.2085915722867595,8,0.0,9.25,0.0,1,/public/home/student090/quantum-pump-l8/runs/l8-allobs-20260728T230945/chern20/pair_0156_U_p9d250000_t_p0d800000_N20.npz,True,20,0.9,156,0.024171753635382258,2.7879538111662994e-11,0.7504511581341495,0.856772371491985,20,True,0.8
1.866367156831022e-16,0,3.0,0.20030554164417724,8,0.0,9.5,0.0,1,/public/home/student090/quantum-pump-l8/runs/l8-allobs-20260728T230945/chern20/pair_0157_U_p9d500000_t_p0d800000_N20.npz,True,20,0.9,157,0.020817622877463988,3.151522695885052e-11,0.7525053200801586,0.8697809616921037,20,True,0.8
1.1043592643970544e-16,0,3.0,0.19247171158662324,8,0.0,9.75,0.0,1,/public/home/student090/quantum-pump-l8/runs/l8-allobs-20260728T230945/chern20/pair_0158_U_p9d750000_t_p0d800000_N20.npz,True,20,0.9,158,0.018172991729635254,2.5230667462840437e-11,0.7542272663613788,0.8792831577819565,20,True,0.8
-9.93923337957349e-17,0,3.0,0.18510242114619113,8,0.0,10.0,0.0,1,/public/home/student090/quantum-pump-l8/runs/l8-allobs-20260728T230945/chern20/pair_0159_U_p10d000000_t_p0d800000_N20.npz,True,20,0.9,159,0.01604098099780827,1.5079594196390626e-11,0.7556858425273546,0.8878774377241576,20,True,0.8
-1.5902773407317583e-16,0,3.0,0.14067715603979014,8,0.0,12.0,0.0,1,/public/home/student090/quantum-pump-l8/runs/l8-allobs-20260728T230945/chern20/pair_0160_U_p12d000000_t_p0d800000_N20.npz,True,20,0.9,160,0.007484542447527727,1.596006491206607e-11,0.7622115169660438,0.9246975566096349,20,True,0.8
-2.1590223618962415e-16,0,3.0,0.09536843716635435,8,0.0,16.0,0.0,1,/public/home/student090/quantum-pump-l8/runs/l8-allobs-20260728T230945/chern20/pair_0161_U_p16d000000_t_p0d800000_N20.npz,True,20,0.9,161,0.0027358559989792658,2.0441955731087035e-11,0.7663090590323751,0.9540761723659844,20,True,0.8
1.7635237003340462e-16,0,3.0,0.05908726752694271,8,0.0,24.0,0.0,1,/public/home/student090/quantum-pump-l8/runs/l8-allobs-20260728T230945/chern20/pair_0162_U_p24d000000_t_p0d800000_N20.npz,True,20,0.9,162,0.0008546135206990063,1.361202822791623e-11,0.7682618067631785,0.9779735353601834,20,True,0.8
8.179160801940684e-18,0,3.0,0.04319927906898513,8,0.0,32.0,0.0,1,/public/home/student090/quantum-pump-l8/runs/l8-allobs-20260728T230945/chern20/pair_0163_U_p32d000000_t_p0d800000_N20.npz,True,20,0.9,163,0.00037032008117586236,1.0586143145921528e-11,0.7687920175883528,0.9872541122788443,20,True,0.8
2.0,2,3.0,0.3999999999992099,8,2.0000000000000004,-32.0,4.440892098500626e-16,1,/public/home/student090/quantum-pump-l8/runs/l8-allobs-20260728T230945/chern20/pair_0164_U_neg32d000000_t_p0d900000_N20.npz,False,20,0.9,164,0.3109790203236717,1.2348299380340016e-08,0.3038191495881392,0.2550897886975988,20,True,0.9
2.0000000000000004,2,3.0,0.5283678106920178,8,2.0,-24.0,4.440892098500626e-16,1,/public/home/student090/quantum-pump-l8/runs/l8-allobs-20260728T230945/chern20/pair_0165_U_neg24d000000_t_p0d900000_N20.npz,True,20,0.9,165,0.3087021293714169,7.543646204504383e-09,0.32206743326041865,0.2588495663809569,20,True,0.9
2.0,2,3.0,0.7726848797838812,8,2.0000000000000004,-16.0,4.440892098500626e-16,1,/public/home/student090/quantum-pump-l8/runs/l8-allobs-20260728T230945/chern20/pair_0166_U_neg16d000000_t_p0d900000_N20.npz,True,20,0.9,166,0.30283460521610794,3.2368278537867063e-09,0.35794552134191876,0.2687468881783019,20,True,0.9
2.0,2,3.0,0.9971422738137861,8,1.9999999999999998,-12.0,1.1102230246251565e-15,1,/public/home/student090/quantum-pump-l8/runs/l8-allobs-20260728T230945/chern20/pair_0167_U_neg12d000000_t_p0d900000_N20.npz,True,20,0.9,167,0.2957836760834136,4.616260416912896e-09,0.3920825786577576,0.2808467109165028,20,True,0.9
2.0,2,3.0,1.3814496188291656,8,2.0,-8.0,0.0,1,/public/home/student090/quantum-pump-l8/runs/l8-allobs-20260728T230945/chern20/pair_0168_U_neg8d000000_t_p0d900000_N20.npz,True,20,0.9,168,0.28034737952192335,4.0291756963726023e-10,0.4526469750245482,0.30755765595174767,20,True,0.9
2.0,2,3.0,1.6861498055436783,8,2.0,-6.0,0.0,1,/public/home/student090/quantum-pump-l8/runs/l8-allobs-20260728T230945/chern20/pair_0169_U_neg6d000000_t_p0d900000_N20.npz,True,20,0.9,169,0.26542374245262645,1.838624430263338e-10,0.5020132870019319,0.3332716930800578,20,True,0.9
2.0000000000000004,2,3.0,2.11825205639472,8,1.9999999999999998,-4.0,0.0,1,/public/home/student090/quantum-pump-l8/runs/l8-ut-20260728T195000/stage10/pair_0170_U_neg4d000000_t_p0d900000_N10.npz,True,10,0.9,170,0.5704890983761559,2.0703915725688664e-10,0.370692292874235,0.37478984449175,20,False,0.9
2.0,2,3.0,2.736308338453796,8,2.0,-2.0,0.0,1,/public/home/student090/quantum-pump-l8/runs/l8-ut-20260728T195000/stage10/pair_0171_U_neg2d000000_t_p0d900000_N10.npz,True,10,0.9,171,0.5353897908454437,1.6359616896818006e-10,0.4132107422035809,0.439806007656166,20,False,0.9
2.0,2,3.0,3.599999999999948,8,2.0,0.0,0.0,1,/public/home/student090/quantum-pump-l8/runs/l8-ut-20260728T195000/stage10/pair_0172_U_p0d000000_t_p0d900000_N10.npz,True,10,0.9,172,0.46948103980531886,4.494252163046841e-11,0.4929937286554118,0.5307900429449552,20,False,0.9
2.0,2,3.0,2.7363083384538136,8,2.0,2.0,0.0,1,/public/home/student090/quantum-pump-l8/runs/l8-ut-20260728T195000/stage10/pair_0173_U_p2d000000_t_p0d900000_N10.npz,True,10,0.9,173,0.3568181602237194,1.0447492983308957e-10,0.6321437771019055,0.6352100306998059,20,False,0.9
1.9999999999999998,2,3.0,2.11825205639476,8,1.9999999999999996,4.0,8.881784197001252e-16,1,/public/home/student090/quantum-pump-l8/runs/l8-ut-20260728T195000/stage10/pair_0174_U_p4d000000_t_p0d900000_N10.npz,True,10,0.9,174,0.25090065074770157,6.062326543654485e-11,0.715904247454077,0.6832771452622056,20,False,0.9
2.0,2,3.0,2.0553857477510187,8,2.0000000000000004,4.25,4.440892098500626e-16,1,/public/home/student090/quantum-pump-l8/runs/l8-ut-20260728T195000/stage10/pair_0175_U_p4d250000_t_p0d900000_N10.npz,True,10,0.9,175,0.25076427911471905,4.2985184428299746e-11,0.680351363151307,0.6792937521762777,20,False,0.9
2.0,2,3.0,1.995291509425436,8,2.0000000000000004,4.5,4.440892098500626e-16,1,/public/home/student090/quantum-pump-l8/runs/l8-ut-20260728T195000/stage10/pair_0176_U_p4d500000_t_p0d900000_N10.npz,True,10,0.9,176,0.24813994456698657,3.360622562130009e-11,0.6392135514629745,0.6544479070398422,20,False,0.9
2.0000000000000004,2,3.0,1.9378441891633136,8,2.0,4.75,4.440892098500626e-16,1,/public/home/student090/quantum-pump-l8/runs/l8-ut-20260728T195000/stage10/pair_0177_U_p4d750000_t_p0d900000_N10.npz,True,10,0.9,177,0.24281338934609875,6.727882679828935e-11,0.5917738767295844,0.6231869216103886,20,False,0.9
2.0,2,3.0,1.8829214001621741,8,2.0,5.0,0.0,1,/public/home/student090/quantum-pump-l8/runs/l8-ut-20260728T195000/stage10/pair_0178_U_p5d000000_t_p0d900000_N10.npz,True,10,0.9,178,0.24518320696268192,6.639510496972857e-11,0.5374823872328294,0.5887903663934024,20,False,0.9
2.0000000000000004,2,3.0,1.793370040125418,8,2.0,5.25,0.0,1,/public/home/student090/quantum-pump-l8/runs/l8-ut-20260728T195000/stage10/pair_0179_U_p5d250000_t_p0d900000_N10.npz,True,10,0.9,179,0.2879353728275226,4.963286934804839e-11,0.4761730018803289,0.5508070678322453,20,False,0.9
1.9999999999999998,2,3.0,1.6614008983255264,8,2.0,5.5,0.0,1,/public/home/student090/quantum-pump-l8/runs/l8-ut-20260728T195000/stage10/pair_0180_U_p5d500000_t_p0d900000_N10.npz,True,10,0.9,180,0.34210510383399817,6.351897357620905e-11,0.4083399568765978,0.5086050739543769,20,False,0.9
2.0000000000000004,2,3.0,1.025727626359557,8,2.0,5.75,0.0,1,/public/home/student090/quantum-pump-l8/runs/l8-allobs-20260728T230945/chern20/pair_0181_U_p5d750000_t_p0d900000_N20.npz,True,20,0.9,181,0.11300510293411144,4.9462674316845125e-11,0.7958793054674971,0.4612730747141692,20,True,0.9
2.0,2,3.0,0.9870919634113555,8,2.0,5.8,0.0,1,/public/home/student090/quantum-pump-l8/runs/l8-allobs-20260728T230945/chern20/pair_0182_U_p5d800000_t_p0d900000_N20.npz,True,20,0.9,182,0.11666298599977708,4.347803037150302e-11,0.7905113868330286,0.45108349642266615,20,True,0.9
2.0000000000000004,2,3.0,0.8340322639272051,8,2.0,6.0,4.440892098500626e-16,2,/public/home/student090/quantum-pump-l8/runs/l8-allobs-20260728T230945/chern20/pair_0183_U_p6d000000_t_p0d900000_N20.npz,True,20,0.9,183,0.13325151943030394,5.472169213958441e-11,0.7685428314024749,0.40748541204931743,40,True,0.9
2.0000000000000004,2,3.0,0.6838086977326441,8,1.9999999999999996,6.2,4.440892098500626e-16,2,/public/home/student090/quantum-pump-l8/runs/l8-allobs-20260728T230945/chern20/pair_0184_U_p6d200000_t_p0d900000_N20.npz,True,20,0.9,184,0.15414383120769656,4.8933849031723105e-11,0.7463395232841137,0.3585530173261715,40,True,0.9
2.0,2,3.0,0.6467874639829434,8,2.0,6.25,4.440892098500626e-16,2,/public/home/student090/quantum-pump-l8/runs/l8-allobs-20260728T230945/chern20/pair_0185_U_p6d250000_t_p0d900000_N20.npz,True,20,0.9,185,0.16032102828947373,4.8606375351842516e-11,0.7408514713124964,0.34534119098963684,40,True,0.9
2.0,2,3.0,0.4657160263289146,8,1.9999999999999996,6.5,8.881784197001252e-16,2,/public/home/student090/quantum-pump-l8/runs/l8-allobs-20260728T230945/chern20/pair_0186_U_p6d500000_t_p0d900000_N20.npz,True,20,0.9,186,0.2005994767303734,4.7441816883181833e-11,0.7145096881690217,0.2722359365696301,40,True,0.9
2.0,2,3.0,0.2934022354759822,8,1.9999999999999996,6.75,8.881784197001252e-16,2,/public/home/student090/quantum-pump-l8/runs/l8-allobs-20260728T230945/chern20/pair_0187_U_p6d750000_t_p0d900000_N20.npz,True,20,0.9,187,0.2724438854775097,4.659797726913172e-11,0.6912592930269802,0.18494417318983017,40,True,0.9
2.0,2,3.0,0.13345108731412747,8,2.0,7.0,4.440892098500626e-16,2,/public/home/student090/quantum-pump-l8/runs/l8-allobs-20260728T230945/chern20/pair_0188_U_p7d000000_t_p0d900000_N20.npz,True,20,0.9,188,0.44326189327048443,4.595444171099996e-11,0.672403260983112,0.08031512783702566,40,True,0.9
-1.7669748230352872e-16,0,3.0,0.009623588788784332,8,-5.551115123125783e-17,7.25,5.551115123125783e-17,1,/public/home/student090/quantum-pump-l8/runs/l8-allobs-20260728T230945/chern20/pair_0189_U_p7d250000_t_p0d900000_N20.npz,True,20,0.9,189,0.6876259989771105,4.075168593344353e-11,0.6974640082310215,0.6286142341778331,20,True,0.9
3.533949646070574e-17,0,3.0,0.13111407848771162,8,1.1102230246251565e-16,7.5,1.1102230246251565e-16,1,/public/home/student090/quantum-pump-l8/runs/l8-allobs-20260728T230945/chern20/pair_0190_U_p7d500000_t_p0d900000_N20.npz,False,20,0.9,190,0.29081243838555815,4.1652045174135016e-11,0.7145493111385818,0.6634701828180387,20,True,0.9
-3.533949646070574e-17,0,3.0,0.22758208895752396,8,0.0,7.75,0.0,1,/public/home/student090/quantum-pump-l8/runs/l8-allobs-20260728T230945/chern20/pair_0191_U_p7d750000_t_p0d900000_N20.npz,False,20,0.9,191,0.1588112386122419,4.091605818369933e-11,0.7263540258381915,0.695605572853438,20,True,0.9
7.067899292141149e-17,0,3.0,0.29333141606666135,8,0.0,8.0,0.0,1,/public/home/student090/quantum-pump-l8/runs/l8-allobs-20260728T230945/chern20/pair_0192_U_p8d000000_t_p0d900000_N20.npz,False,20,0.9,192,0.10335034887680782,3.534467392693789e-11,0.735730507558225,0.7248857905661331,20,True,0.9
9.718361526694079e-17,0,3.0,0.28633109631687015,8,0.0,8.25,0.0,1,/public/home/student090/quantum-pump-l8/runs/l8-allobs-20260728T230945/chern20/pair_0193_U_p8d250000_t_p0d900000_N20.npz,False,20,0.9,193,0.07393650455177728,3.6848600411820386e-11,0.7431681199764454,0.751313520837305,20,True,0.9
-7.951386703658792e-17,0,3.0,0.27832568617711617,8,0.0,8.5,0.0,1,/public/home/student090/quantum-pump-l8/runs/l8-allobs-20260728T230945/chern20/pair_0194_U_p8d500000_t_p0d900000_N20.npz,False,20,0.9,194,0.05608250593042744,3.933029150870595e-11,0.7490829473473866,0.7749957049269743,20,True,0.9
1.4135798584282297e-16,0,3.0,0.26974167112160874,8,0.0,8.75,0.0,1,/public/home/student090/quantum-pump-l8/runs/l8-allobs-20260728T230945/chern20/pair_0195_U_p8d750000_t_p0d900000_N20.npz,False,20,0.9,195,0.04429260278738868,3.5474178476894835e-11,0.7538125132590513,0.7961092066929901,20,True,0.9
-9.276617820935258e-17,0,3.0,0.26090744289870216,8,0.0,9.0,0.0,1,/public/home/student090/quantum-pump-l8/runs/l8-allobs-20260728T230945/chern20/pair_0196_U_p9d000000_t_p0d900000_N20.npz,False,20,0.9,196,0.03604564912112425,3.738475836375144e-11,0.7576226568408805,0.8148705098317192,20,True,0.9
-5.742668174864683e-17,0,3.0,0.25206288684294487,8,0.0,9.25,0.0,1,/public/home/student090/quantum-pump-l8/runs/l8-allobs-20260728T230945/chern20/pair_0197_U_p9d250000_t_p0d900000_N20.npz,False,20,0.9,197,0.03002683737502274,3.5189598852226863e-11,0.7607190454466456,0.8315119816941806,20,True,0.9
5.963540027744093e-17,0,3.0,0.24337471150867618,8,0.0,9.5,0.0,1,/public/home/student090/quantum-pump-l8/runs/l8-allobs-20260728T230945/chern20/pair_0198_U_p9d500000_t_p0d900000_N20.npz,False,20,0.9,198,0.025485997414205708,3.539199418467793e-11,0.763259229518976,0.8462650861610984,20,True,0.9
4.638308910467629e-17,0,3.0,0.23495262245541726,8,0.0,9.75,0.0,1,/public/home/student090/quantum-pump-l8/runs/l8-allobs-20260728T230945/chern20/pair_0199_U_p9d750000_t_p0d900000_N20.npz,False,20,0.9,199,0.021966213108397442,2.97810557401977e-11,0.7653633920462237,0.8593496776020082,20,True,0.9
1.0933156717530838e-16,0,3.0,0.22686383232778695,8,0.0,10.0,0.0,1,/public/home/student090/quantum-pump-l8/runs/l8-allobs-20260728T230945/chern20/pair_0200_U_p10d000000_t_p0d900000_N20.npz,False,20,0.9,200,0.01917513966857304,3.208266525401526e-11,0.7671231982302336,0.8709680156941139,20,True,0.9
5.742668174864683e-17,0,3.0,0.17545973029769768,8,0.0,12.0,0.0,1,/public/home/student090/quantum-pump-l8/runs/l8-allobs-20260728T230945/chern20/pair_0201_U_p12d000000_t_p0d900000_N20.npz,False,20,0.9,201,0.008538458019105789,2.9646380443057556e-11,0.7746382127601827,0.9167550276061537,20,True,0.9
-6.5985466047724e-17,0,3.0,0.12006251884487407,8,0.0,16.0,0.0,1,/public/home/student090/quantum-pump-l8/runs/l8-allobs-20260728T230945/chern20/pair_0202_U_p16d000000_t_p0d900000_N20.npz,False,20,0.9,202,0.003080822079961562,2.2644706579032236e-11,0.7789702412136981,0.9493945293864139,20,True,0.9
-1.7255613506203976e-16,0,3.0,0.07465542666349345,8,0.0,24.0,0.0,1,/public/home/student090/quantum-pump-l8/runs/l8-allobs-20260728T230945/chern20/pair_0203_U_p24d000000_t_p0d900000_N20.npz,False,20,0.9,203,0.0009524600669587944,1.62599138142389e-11,0.7809181144972983,0.9755231414347619,20,True,0.9
2.912747559847231e-17,0,3.0,0.054627866919226276,8,0.0,32.0,0.0,1,/public/home/student090/quantum-pump-l8/runs/l8-allobs-20260728T230945/chern20/pair_0204_U_p32d000000_t_p0d900000_N20.npz,False,20,0.9,204,0.00041427518430501746,1.252691704671921e-11,0.7814314859031508,0.9857888932596549,20,True,0.9
2.0,2,3.0,0.44443762304652523,8,1.9999999999999996,-32.0,4.440892098500626e-16,1,/public/home/student090/quantum-pump-l8/runs/l8-allobs-20260728T230945/chern20/pair_0205_U_neg32d000000_t_p1d000000_N20.npz,True,20,0.9,205,0.3104172911526345,8.123309080113753e-09,0.3106514503901444,0.2549410853533336,20,True,1.0
2.0,2,3.0,0.5864683891844322,8,2.0,-24.0,2.220446049250313e-16,1,/public/home/student090/quantum-pump-l8/runs/l8-allobs-20260728T230945/chern20/pair_0206_U_neg24d000000_t_p1d000000_N20.npz,False,20,0.9,206,0.3077483011956766,2.686043729102309e-09,0.3310947659042194,0.2590796619595681,20,True,1.0
2.0,2,3.0,0.8554036059098991,8,1.9999999999999998,-16.0,0.0,1,/public/home/student090/quantum-pump-l8/runs/l8-allobs-20260728T230945/chern20/pair_0207_U_neg16d000000_t_p1d000000_N20.npz,False,20,0.9,207,0.3009173722562322,7.657231682939637e-10,0.37112145543773745,0.2698802774573574,20,True,1.0
2.0000000000000004,2,3.0,1.100470371550422,8,1.9999999999999998,-12.0,2.220446049250313e-16,1,/public/home/student090/quantum-pump-l8/runs/l8-allobs-20260728T230945/chern20/pair_0208_U_neg12d000000_t_p1d000000_N20.npz,False,20,0.9,208,0.29280366777851446,6.071880917448002e-10,0.40887398648334855,0.28291056030830547,20,True,1.0
2.0,2,3.0,1.5147194017543555,8,1.9999999999999998,-8.0,0.0,1,/public/home/student090/quantum-pump-l8/runs/l8-allobs-20260728T230945/chern20/pair_0209_U_neg8d000000_t_p1d000000_N20.npz,False,20,0.9,209,0.275407363407815,4.4929880742134417e-10,0.4747167755813522,0.31107297276416895,20,True,1.0
2.0,2,3.0,1.8379311251859427,8,2.000000000000001,-6.0,8.881784197001252e-16,1,/public/home/student090/quantum-pump-l8/runs/l8-allobs-20260728T230945/chern10/pair_0210_U_neg6d000000_t_p1d000000_N10.npz,False,10,0.9,210,0.5846390536943548,3.50531338807728e-10,0.35868578807741,0.3375155488635454,20,False,1.0
2.0,2,3.0,2.2881230492188713,8,2.0,-4.0,0.0,1,/public/home/student090/quantum-pump-l8/runs/l8-allobs-20260728T230945/chern10/pair_0211_U_neg4d000000_t_p1d000000_N10.npz,False,10,0.9,211,0.5633480700106637,2.9962078340785524e-10,0.38737109269954045,0.37912235872748257,20,False,1.0
2.0000000000000004,2,3.0,2.9141050013937324,8,2.0000000000000004,-2.0,4.440892098500626e-16,1,/public/home/student090/quantum-pump-l8/runs/l8-allobs-20260728T230945/chern10/pair_0212_U_neg2d000000_t_p1d000000_N10.npz,False,10,0.9,212,0.525701441738429,2.4810444059395056e-10,0.43453131408769297,0.442413253227312,20,False,1.0
2.0,2,3.0,3.5999999999999712,8,2.0,0.0,0.0,1,/public/home/student090/quantum-pump-l8/runs/l8-allobs-20260728T230945/chern10/pair_0213_U_p0d000000_t_p1d000000_N10.npz,False,10,0.9,213,0.45805565255443953,1.869230898259384e-10,0.5177134259172614,0.5290730984187831,20,False,1.0
2.0000000000000004,2,3.0,2.914105001393711,8,2.0,2.0,4.440892098500626e-16,1,/public/home/student090/quantum-pump-l8/runs/l8-allobs-20260728T230945/chern10/pair_0214_U_p2d000000_t_p1d000000_N10.npz,False,10,0.9,214,0.3485488484423153,1.3593891821696462e-10,0.6517896541361182,0.6282780055616372,20,False,1.0
2.0000000000000004,2,3.0,2.2881230492189326,8,2.0,4.0,4.440892098500626e-16,1,/public/home/student090/quantum-pump-l8/runs/l8-allobs-20260728T230945/chern10/pair_0215_U_p4d000000_t_p1d000000_N10.npz,False,10,0.9,215,0.2465027800573343,8.975396653503309e-11,0.7340200160549943,0.6689087813142579,20,False,1.0
1.9999999999999998,2,3.0,2.2232240335333397,8,1.9999999999999996,4.25,4.440892098500626e-16,1,/public/home/student090/quantum-pump-l8/runs/l8-allobs-20260728T230945/chern10/pair_0216_U_p4d250000_t_p1d000000_N10.npz,False,10,0.9,216,0.24657157304931,8.155193029143577e-11,0.7016056656872923,0.6589075062516655,20,False,1.0
2.0000000000000004,2,3.0,2.1609947401741474,8,2.0000000000000004,4.5,4.440892098500626e-16,1,/public/home/student090/quantum-pump-l8/runs/l8-allobs-20260728T230945/chern10/pair_0217_U_p4d500000_t_p1d000000_N10.npz,False,10,0.9,217,0.24446079576264515,8.150148660977604e-11,0.6640335111071827,0.6321670858452462,20,False,1.0
2.0000000000000004,2,3.0,2.101331970994461,8,2.0,4.75,4.440892098500626e-16,1,/public/home/student090/quantum-pump-l8/runs/l8-allobs-20260728T230945/chern10/pair_0218_U_p4d750000_t_p1d000000_N10.npz,False,10,0.9,218,0.2399646019644549,8.142522904234891e-11,0.6205560980199016,0.6025400897808263,20,False,1.0
2.0,2,3.0,2.0196420201392105,8,1.9999999999999996,5.0,8.881784197001252e-16,1,/public/home/student090/quantum-pump-l8/runs/l8-allobs-20260728T230945/chern10/pair_0219_U_p5d000000_t_p1d000000_N10.npz,False,10,0.9,219,0.24661824454072107,7.635399345172369e-11,0.5705121793518653,0.5702865891696166,20,False,1.0
2.0,2,3.0,1.881380755209868,8,2.0000000000000004,5.25,4.440892098500626e-16,1,/public/home/student090/quantum-pump-l8/runs/l8-allobs-20260728T230945/chern10/pair_0220_U_p5d250000_t_p1d000000_N10.npz,False,10,0.9,220,0.2879515587057648,7.142325401714098e-11,0.5134968250624155,0.5350477774232911,20,False,1.0
2.0000000000000004,2,3.0,1.750933642463436,8,2.0000000000000004,5.5,8.881784197001252e-16,1,/public/home/student090/quantum-pump-l8/runs/l8-allobs-20260728T230945/chern10/pair_0221_U_p5d500000_t_p1d000000_N10.npz,False,10,0.9,221,0.33971284270676344,6.363953184968815e-11,0.44959758314010995,0.4963282282815193,20,False,1.0
2.0000000000000004,2,3.0,1.6289653987037909,8,2.0000000000000004,5.75,0.0,1,/public/home/student090/quantum-pump-l8/runs/l8-allobs-20260728T230945/chern10/pair_0222_U_p5d750000_t_p1d000000_N10.npz,False,10,0.9,222,0.40592420526878353,6.362785098827841e-11,0.37965133979615934,0.4534321174608113,20,False,1.0
2.0,2,3.0,1.6056443782417773,8,2.0,5.8,0.0,1,/public/home/student090/quantum-pump-l8/runs/l8-allobs-20260728T230945/chern10/pair_0223_U_p5d800000_t_p1d000000_N10.npz,False,10,0.9,223,0.42142716633178506,5.6507856760912935e-11,0.3650744721114523,0.4442716080938009,20,False,1.0
2.0,2,3.0,0.9211526367590803,8,2.0000000000000004,6.0,4.440892098500626e-16,2,/public/home/student090/quantum-pump-l8/runs/l8-allobs-20260728T230945/chern20/pair_0224_U_p6d000000_t_p1d000000_N20.npz,False,20,0.9,224,0.13022077999737008,5.5825737956097025e-11,0.787812999324465,0.40538057164443886,40,True,1.0
2.0,2,3.0,0.7724112292877372,8,2.0,6.2,0.0,2,/public/home/student090/quantum-pump-l8/runs/l8-allobs-20260728T230945/chern20/pair_0225_U_p6d200000_t_p1d000000_N20.npz,False,20,0.9,225,0.1496173996334163,5.7287028476212286e-11,0.7662846351017839,0.3623307980713976,40,True,1.0
2.0,2,3.0,0.7356824742011971,8,2.0,6.25,0.0,2,/public/home/student090/quantum-pump-l8/runs/l8-allobs-20260728T230945/chern20/pair_0226_U_p6d250000_t_p1d000000_N20.npz,False,20,0.9,226,0.1552337966426669,5.7427819007830315e-11,0.7608569944061603,0.3508170620982054,40,True,1.0
2.0,2,3.0,0.5553877837001107,8,2.0,6.5,0.0,2,/public/home/student090/quantum-pump-l8/runs/l8-allobs-20260728T230945/chern20/pair_0227_U_p6d500000_t_p1d000000_N20.npz,False,20,0.9,227,0.19030809297965154,5.3224881151326946e-11,0.7340308197444217,0.28792964853997827,40,True,1.0
2.0,2,3.0,0.3821442186242896,8,2.0000000000000004,6.75,4.440892098500626e-16,2,/public/home/student090/quantum-pump-l8/runs/l8-allobs-20260728T230945/chern20/pair_0228_U_p6d750000_t_p1d000000_N20.npz,False,20,0.9,228,0.24626551794319942,5.242320839849167e-11,0.7088483735914286,0.21446891240279217,40,True,1.0
2.0,2,3.0,0.21853740295128965,8,2.0,7.0,2.220446049250313e-16,2,/public/home/student090/quantum-pump-l8/runs/l8-allobs-20260728T230945/chern20/pair_0229_U_p7d000000_t_p1d000000_N20.npz,False,20,0.9,229,0.3557145945639918,4.9498941930255756e-11,0.686687803223142,0.12803241927072576,40,True,1.0
2.0,2,3.0,0.06787589050373644,8,2.0,7.25,0.0,2,/public/home/student090/quantum-pump-l8/runs/l8-allobs-20260728T230945/chern20/pair_0230_U_p7d250000_t_p1d000000_N20.npz,False,20,0.9,230,0.630580766693634,4.653582807884381e-11,0.6684260566274505,0.026888469191362424,40,True,1.0
1.0601848938211722e-16,0,3.0,0.06606514435801891,8,0.0,7.5,0.0,1,/public/home/student090/quantum-pump-l8/runs/l8-allobs-20260728T230945/chern20/pair_0231_U_p7d500000_t_p1d000000_N20.npz,False,20,0.9,231,0.4860998049994061,4.618847275775992e-11,0.7124056247003455,0.6416292541692162,20,True,1.0
1.7669748230352872e-16,0,3.0,0.179735499489607,8,0.0,7.75,0.0,1,/public/home/student090/quantum-pump-l8/runs/l8-allobs-20260728T230945/chern20/pair_0232_U_p7d750000_t_p1d000000_N20.npz,False,20,0.9,232,0.24018110259320843,4.609884448741118e-11,0.7266089365058507,0.6717834538069367,20,True,1.0
2.8271597168564594e-16,0,3.0,0.27087257639333107,8,0.0,8.0,0.0,1,/public/home/student090/quantum-pump-l8/runs/l8-allobs-20260728T230945/chern20/pair_0233_U_p8d000000_t_p1d000000_N20.npz,False,20,0.9,233,0.14608632775777347,4.329757875616725e-11,0.7380785138588605,0.6997810719983423,20,True,1.0
-1.0601848938211722e-16,0,3.0,0.32563254143506626,8,0.0,8.25,0.0,1,/public/home/student090/quantum-pump-l8/runs/l8-allobs-20260728T230945/chern20/pair_0234_U_p8d250000_t_p1d000000_N20.npz,False,20,0.9,234,0.10039191198397047,4.408798937963064e-11,0.7472917932965679,0.7255414023895956,20,True,1.0
-7.067899292141149e-17,0,3.0,0.319351720265443,8,0.0,8.5,0.0,1,/public/home/student090/quantum-pump-l8/runs/l8-allobs-20260728T230945/chern20/pair_0235_U_p8d500000_t_p1d000000_N20.npz,False,20,0.9,235,0.07409989800527222,4.354390708233028e-11,0.7546833229524103,0.7490677206473708,20,True,1.0
-1.766974823035287e-17,0,3.0,0.3120205493231718,8,0.0,8.75,0.0,1,/public/home/student090/quantum-pump-l8/runs/l8-allobs-20260728T230945/chern20/pair_0236_U_p8d750000_t_p1d000000_N20.npz,False,20,0.9,236,0.05731204322435218,4.1163781248450865e-11,0.7606242594695908,0.7704287546413494,20,True,1.0
0.0,0,3.0,0.3040047896787095,8,0.0,9.0,0.0,1,/public/home/student090/quantum-pump-l8/runs/l8-allobs-20260728T230945/chern20/pair_0237_U_p9d000000_t_p1d000000_N20.npz,False,20,0.9,237,0.04583658729903724,4.101230386413983e-11,0.7654191382535932,0.7897395335515601,20,True,1.0
7.067899292141149e-17,0,3.0,0.29560010443411144,8,0.0,9.25,0.0,1,/public/home/student090/quantum-pump-l8/runs/l8-allobs-20260728T230945/chern20/pair_0238_U_p9d250000_t_p1d000000_N20.npz,False,20,0.9,238,0.037606781618049305,3.687162426949016e-11,0.7693115372636274,0.8071440262307532,20,True,1.0
3.0922059403117524e-16,0,3.0,0.2870354639418573,8,0.0,9.5,0.0,1,/public/home/student090/quantum-pump-l8/runs/l8-allobs-20260728T230945/chern20/pair_0239_U_p9d500000_t_p1d000000_N20.npz,False,20,0.9,239,0.03148830791655701,3.738367679630874e-11,0.772493225253466,0.822800865593109,20,True,1.0
1.965759490626757e-16,0,3.0,0.2784815132686971,8,0.0,9.75,0.0,1,/public/home/student090/quantum-pump-l8/runs/l8-allobs-20260728T230945/chern20/pair_0240_U_p9d750000_t_p1d000000_N20.npz,False,20,0.9,240,0.026808345009590173,3.6727088162698075e-11,0.7751138127363953,0.8368725387793516,20,True,1.0
5.300924469105861e-17,0,3.0,0.2700607199577729,8,0.0,10.0,0.0,1,/public/home/student090/quantum-pump-l8/runs/l8-allobs-20260728T230945/chern20/pair_0241_U_p10d000000_t_p1d000000_N20.npz,False,20,0.9,241,0.023144058031147965,3.351946062569508e-11,0.7772895088208974,0.8495178206604169,20,True,1.0
-2.4848083448933725e-17,0,3.0,0.21302254059787984,8,0.0,12.0,0.0,1,/public/home/student090/quantum-pump-l8/runs/l8-allobs-20260728T230945/chern20/pair_0242_U_p12d000000_t_p1d000000_N20.npz,False,20,0.9,242,0.009762228970797758,2.786752387060815e-11,0.7862543374312905,0.9070387670438809,20,True,1.0
-2.6145705584600264e-16,0,3.0,0.14734225823965308,8,0.0,16.0,0.0,1,/public/home/student090/quantum-pump-l8/runs/l8-allobs-20260728T230945/chern20/pair_0243_U_p16d000000_t_p1d000000_N20.npz,False,20,0.9,243,0.0034422041521510265,2.5690901109813558e-11,0.7909766676975091,0.94446512421378,20,True,1.0
1.5419616229143873e-16,0,3.0,0.09199237490831891,8,0.0,24.0,0.0,1,/public/home/student090/quantum-pump-l8/runs/l8-allobs-20260728T230945/chern20/pair_0244_U_p24d000000_t_p1d000000_N20.npz,False,20,0.9,244,0.001054203429955724,1.7110915499374575e-11,0.7929385521410933,0.9729217137355495,20,True,1.0
2.3277822619869163e-16,0,3.0,0.06737812823698675,8,0.0,32.0,0.0,1,/public/home/student090/quantum-pump-l8/runs/l8-allobs-20260728T230945/chern20/pair_0245_U_p32d000000_t_p1d000000_N20.npz,False,20,0.9,245,0.0004603261599833619,1.3275397952483388e-11,0.793434114850481,0.9842273761137033,20,True,1.0
2.0,2,3.0,0.4899206987253706,8,1.9999999999999998,-32.0,0.0,1,/public/home/student090/quantum-pump-l8/runs/l8-allobs-20260728T230945/chern20/pair_0246_U_neg32d000000_t_p1d100000_N20.npz,False,20,0.9,246,0.3097869360388287,4.084684235843972e-09,0.31838584346950816,0.2536510234783432,20,True,1.1
2.0000000000000004,2,3.0,0.6457880489954988,8,2.0000000000000004,-24.0,6.661338147750939e-16,1,/public/home/student090/quantum-pump-l8/runs/l8-allobs-20260728T230945/chern20/pair_0247_U_neg24d000000_t_p1d100000_N20.npz,False,20,0.9,247,0.30668392208043943,1.4421960111553836e-09,0.34110569002465035,0.25815554764773235,20,True,1.1
2.0,2,3.0,0.9393182704245504,8,1.9999999999999998,-16.0,0.0,1,/public/home/student090/quantum-pump-l8/runs/l8-allobs-20260728T230945/chern20/pair_0248_U_neg16d000000_t_p1d100000_N20.npz,False,20,0.9,248,0.2988075395795417,7.712201194960652e-10,0.38534132022003165,0.2698013048015086,20,True,1.1
2.0,2,3.0,1.2044908467863706,8,1.9999999999999998,-12.0,0.0,1,/public/home/student090/quantum-pump-l8/runs/l8-allobs-20260728T230945/chern20/pair_0249_U_neg12d000000_t_p1d100000_N20.npz,False,20,0.9,249,0.2895770898852149,6.014532111780063e-10,0.4266176156197421,0.2836536229570326,20,True,1.1
2.0000000000000004,2,3.0,1.6466088148754707,8,1.9999999999999996,-8.0,4.440892098500626e-16,1,/public/home/student090/quantum-pump-l8/runs/l8-allobs-20260728T230945/chern10/pair_0250_U_neg8d000000_t_p1d100000_N10.npz,False,10,0.9,250,0.5932790855544593,4.5156693899139633e-10,0.3512881792634731,0.3129440546318179,20,False,1.1
2.0,2,3.0,1.9854641262961934,8,2.0,-6.0,0.0,1,/public/home/student090/quantum-pump-l8/runs/l8-allobs-20260728T230945/chern10/pair_0251_U_neg6d000000_t_p1d100000_N10.npz,False,10,0.9,251,0.5792085066373858,3.791296687202115e-10,0.3727867751864621,0.33976959559355063,20,False,1.1
2.0000000000000004,2,3.0,2.447157149225905,8,1.9999999999999998,-4.0,2.220446049250313e-16,1,/public/home/student090/quantum-pump-l8/runs/l8-allobs-20260728T230945/chern10/pair_0252_U_neg4d000000_t_p1d100000_N10.npz,False,10,0.9,252,0.5560298178370034,3.056279087145723e-10,0.4046359783873118,0.38097312554081225,20,False,1.1
2.0000000000000004,2,3.0,3.060130432934674,8,2.0,-2.0,0.0,1,/public/home/student090/quantum-pump-l8/runs/l8-allobs-20260728T230945/chern10/pair_0253_U_neg2d000000_t_p1d100000_N10.npz,False,10,0.9,253,0.516178331855983,2.563568346635012e-10,0.4555880536417137,0.44212794546751916,20,False,1.1
2.0,2,3.0,3.5999999999999446,8,2.000000000000001,0.0,8.881784197001252e-16,1,/public/home/student090/quantum-pump-l8/runs/l8-allobs-20260728T230945/chern10/pair_0254_U_p0d000000_t_p1d100000_N10.npz,False,10,0.9,254,0.44751618974811846,1.8726787848266614e-10,0.5406806589319727,0.5246445686372125,20,False,1.1
2.0,2,3.0,3.0601304329346473,8,1.9999999999999996,2.0,0.0,1,/public/home/student090/quantum-pump-l8/runs/l8-allobs-20260728T230945/chern10/pair_0255_U_p2d000000_t_p1d100000_N10.npz,False,10,0.9,255,0.3414745567064039,1.481722713278922e-10,0.6691589380747107,0.6194705422416804,20,False,1.1
2.0,2,3.0,2.447157149225905,8,1.9999999999999996,4.0,4.440892098500626e-16,1,/public/home/student090/quantum-pump-l8/runs/l8-allobs-20260728T230945/chern10/pair_0256_U_p4d000000_t_p1d100000_N10.npz,False,10,0.9,256,0.24300971614914704,1.0262345243132965e-10,0.7501461098354969,0.6544430880238681,20,False,1.1
2.0,2,3.0,2.3814265766413003,8,2.0,4.25,4.440892098500626e-16,1,/public/home/student090/quantum-pump-l8/runs/l8-allobs-20260728T230945/chern10/pair_0257_U_p4d250000_t_p1d100000_N10.npz,False,10,0.9,257,0.24334677688511436,1.0009966727552325e-10,0.7204607322670767,0.6385075849649205,20,False,1.1
2.0000000000000004,2,3.0,2.3181205279992767,8,1.9999999999999996,4.5,4.440892098500626e-16,1,/public/home/student090/quantum-pump-l8/runs/l8-allobs-20260728T230945/chern10/pair_0258_U_p4d500000_t_p1d100000_N10.npz,False,10,0.9,258,0.24175543225070645,9.149280561585743e-11,0.686023289875759,0.6124726083541139,20,False,1.1
2.0000000000000004,2,3.0,2.243656277545007,8,2.0,4.75,4.440892098500626e-16,1,/public/home/student090/quantum-pump-l8/runs/l8-allobs-20260728T230945/chern10/pair_0259_U_p4d750000_t_p1d100000_N10.npz,False,10,0.9,259,0.2380361291535999,8.882581699203751e-11,0.6460905583579176,0.5844336819474258,20,False,1.1
2.0000000000000004,2,3.0,2.100580160238488,8,2.0000000000000004,5.0,4.440892098500626e-16,1,/public/home/student090/quantum-pump-l8/runs/l8-allobs-20260728T230945/chern10/pair_0260_U_p5d000000_t_p1d100000_N10.npz,False,10,0.9,260,0.24756296230918343,7.578198232497471e-11,0.5999496275350308,0.5541726114964799,20,False,1.1
2.0,2,3.0,1.9641753512722584,8,2.0,5.25,0.0,1,/public/home/student090/quantum-pump-l8/runs/l8-allobs-20260728T230945/chern10/pair_0261_U_p5d250000_t_p1d100000_N10.npz,False,10,0.9,261,0.28751569276841393,7.877802237678704e-11,0.5470479220795322,0.5213988431459222,20,False,1.1
2.0000000000000004,2,3.0,1.835025611295828,8,2.0,5.5,0.0,1,/public/home/student090/quantum-pump-l8/runs/l8-allobs-20260728T230945/chern10/pair_0262_U_p5d500000_t_p1d100000_N10.npz,False,10,0.9,262,0.3370492960978449,6.938830572331213e-11,0.4871863711677292,0.4857173843432108,20,False,1.1
2.0000000000000004,2,3.0,1.7137550214704804,8,2.0,5.75,0.0,1,/public/home/student090/quantum-pump-l8/runs/l8-allobs-20260728T230945/chern10/pair_0263_U_p5d750000_t_p1d100000_N10.npz,False,10,0.9,263,0.3994631059012819,7.339531290149272e-11,0.42075466172470155,0.44658652467951904,20,False,1.1
2.0000000000000004,2,3.0,1.6905002754129903,8,2.0000000000000004,5.8,4.440892098500626e-16,1,/public/home/student090/quantum-pump-l8/runs/l8-allobs-20260728T230945/chern10/pair_0264_U_p5d800000_t_p1d100000_N10.npz,False,10,0.9,264,0.4139037731979409,7.201970316741296e-11,0.4067688102826557,0.43828538681481105,20,False,1.1
2.0,2,3.0,1.006177828731678,8,2.0,6.0,4.440892098500626e-16,1,/public/home/student090/quantum-pump-l8/runs/l8-allobs-20260728T230945/chern20/pair_0265_U_p6d000000_t_p1d100000_N20.npz,False,20,0.9,265,0.12738180889273734,6.669892211680805e-11,0.8049663665166824,0.40326535963781407,20,True,1.1
2.0,2,3.0,0.8589381479183498,8,2.0,6.2,4.440892098500626e-16,2,/public/home/student090/quantum-pump-l8/runs/l8-allobs-20260728T230945/chern20/pair_0266_U_p6d200000_t_p1d100000_N20.npz,False,20,0.9,266,0.1455528919870758,6.122960508690222e-11,0.7843943604494532,0.36493054989998697,40,True,1.1
2.0000000000000004,2,3.0,0.8225241643148111,8,2.0,6.25,2.220446049250313e-16,2,/public/home/student090/quantum-pump-l8/runs/l8-allobs-20260728T230945/chern20/pair_0267_U_p6d250000_t_p1d100000_N20.npz,False,20,0.9,267,0.15073601285805854,6.207362295984893e-11,0.7791307403837665,0.35475551429119295,40,True,1.1
2.0,2,3.0,0.6432925028529635,8,1.9999999999999998,6.5,2.220446049250313e-16,2,/public/home/student090/quantum-pump-l8/runs/l8-allobs-20260728T230945/chern20/pair_0268_U_p6d500000_t_p1d100000_N20.npz,False,20,0.9,268,0.18213829315912736,5.88420971949557e-11,0.7525478319603898,0.2997520952315073,40,True,1.1
2.0,2,3.0,0.4698870320139692,8,1.9999999999999998,6.75,2.220446049250313e-16,2,/public/home/student090/quantum-pump-l8/runs/l8-allobs-20260728T230945/chern20/pair_0269_U_p6d750000_t_p1d100000_N20.npz,False,20,0.9,269,0.22851131888182485,5.707317677551273e-11,0.7264783667507383,0.23664145498254974,40,True,1.1
2.0,2,3.0,0.30421617127105804,8,1.9999999999999998,7.0,2.220446049250313e-16,2,/public/home/student090/quantum-pump-l8/runs/l8-allobs-20260728T230945/chern20/pair_0270_U_p7d000000_t_p1d100000_N20.npz,False,20,0.9,270,0.30789281139653074,5.5922377245054584e-11,0.7022287013405328,0.16362379833315605,40,True,1.1
2.0,2,3.0,0.1487355602304392,8,2.0000000000000004,7.25,4.440892098500626e-16,2,/public/home/student090/quantum-pump-l8/runs/l8-allobs-20260728T230945/chern20/pair_0271_U_p7d250000_t_p1d100000_N20.npz,False,20,0.9,271,0.47508663857775835,5.2806321030176414e-11,0.6808709310205653,0.07909046163524766,40,True,1.1
2.0,2,3.0,0.006368506371096316,8,0.0,7.5,0.0,1,/public/home/student090/quantum-pump-l8/runs/l8-allobs-20260728T230945/chern20/pair_0272_U_p7d500000_t_p1d100000_N20.npz,False,20,0.9,272,0.8507804718520194,5.091763574942824e-11,0.6629880122539292,0.017606718083942458,20,True,1.1
-1.7669748230352872e-16,0,3.0,0.11979936833587423,8,0.0,7.75,0.0,1,/public/home/student090/quantum-pump-l8/runs/l8-allobs-20260728T230945/chern20/pair_0273_U_p7d750000_t_p1d100000_N20.npz,False,20,0.9,273,0.37054316323421793,5.028023016805847e-11,0.7242305509988396,0.6514345903380223,20,True,1.1
7.067899292141149e-17,0,3.0,0.227108391804431,8,0.0,8.0,0.0,1,/public/home/student090/quantum-pump-l8/runs/l8-allobs-20260728T230945/chern20/pair_0274_U_p8d000000_t_p1d100000_N20.npz,False,20,0.9,274,0.20889017878910185,4.5374797499557375e-11,0.7378874936347711,0.6779244816240307,20,True,1.1
-1.4135798584282297e-16,0,3.0,0.31406611854733946,8,0.0,8.25,0.0,1,/public/home/student090/quantum-pump-l8/runs/l8-allobs-20260728T230945/chern20/pair_0275_U_p8d250000_t_p1d100000_N20.npz,False,20,0.9,275,0.13685433490352902,4.3963062035795536e-11,0.7490183041117509,0.7026792662831052,20,True,1.1
1.0601848938211722e-16,0,3.0,0.35783681974748216,8,0.0,8.5,0.0,1,/public/home/student090/quantum-pump-l8/runs/l8-allobs-20260728T230945/chern20/pair_0276_U_p8d500000_t_p1d100000_N20.npz,False,20,0.9,276,0.09801473082077901,4.6039370922266576e-11,0.7580518232481297,0.7256464883524486,20,True,1.1
1.4135798584282297e-16,0,3.0,0.3522686807553024,8,0.0,8.75,0.0,1,/public/home/student090/quantum-pump-l8/runs/l8-allobs-20260728T230945/chern20/pair_0277_U_p8d750000_t_p1d100000_N20.npz,False,20,0.9,277,0.07421680494391901,4.324288612263812e-11,0.7653758553288307,0.7468276079529663,20,True,1.1
-1.766974823035287e-17,0,3.0,0.3456170334841091,8,0.0,9.0,0.0,1,/public/home/student090/quantum-pump-l8/runs/l8-allobs-20260728T230945/chern20/pair_0278_U_p9d000000_t_p1d100000_N20.npz,False,20,0.9,278,0.058381938843596146,4.4671276379686415e-11,0.7713226864087742,0.7662671476639146,20,True,1.1
-1.9436723053388158e-16,0,3.0,0.338198677272338,8,0.0,9.25,0.0,1,/public/home/student090/quantum-pump-l8/runs/l8-allobs-20260728T230945/chern20/pair_0279_U_p9d250000_t_p1d100000_N20.npz,False,20,0.9,279,0.04723697173833872,4.447874548529134e-11,0.7761673840717992,0.7840414774471148,20,True,1.1
0.0,0,3.0,0.3302796550987752,8,0.0,9.5,0.0,1,/public/home/student090/quantum-pump-l8/runs/l8-allobs-20260728T230945/chern20/pair_0280_U_p9d500000_t_p1d100000_N20.npz,False,20,0.9,280,0.039067891005229886,4.360348048976682e-11,0.7801326688748521,0.8002484141036396,20,True,1.1
-1.1927080055488187e-16,0,3.0,0.3220754096081797,8,0.0,9.75,0.0,1,/public/home/student090/quantum-pump-l8/runs/l8-allobs-20260728T230945/chern20/pair_0281_U_p9d750000_t_p1d100000_N20.npz,False,20,0.9,281,0.03289186286541576,4.2504950006029083e-11,0.7833963928774766,0.8149983331880033,20,True,1.1
-1.766974823035287e-17,0,3.0,0.3137549841621716,8,0.0,10.0,0.0,1,/public/home/student090/quantum-pump-l8/runs/l8-allobs-20260728T230945/chern20/pair_0282_U_p10d000000_t_p1d100000_N20.npz,False,20,0.9,282,0.028105932975071767,4.087309746561301e-11,0.7860994217814697,0.8284070758917431,20,True,1.1
-1.0822720791091133e-16,0,3.0,0.2528985569201403,8,0.0,12.0,0.0,1,/public/home/student090/quantum-pump-l8/runs/l8-allobs-20260728T230945/chern20/pair_0283_U_p12d000000_t_p1d100000_N20.npz,False,20,0.9,283,0.011204963373491294,3.475562891418961e-11,0.7969989281359497,0.8967150426607884,20,True,1.1
-4.6935268736874815e-17,0,3.0,0.1770931672991909,8,0.0,16.0,0.0,1,/public/home/student090/quantum-pump-l8/runs/l8-allobs-20260728T230945/chern20/pair_0284_U_p16d000000_t_p1d100000_N20.npz,False,20,0.9,284,0.0038255677136129537,2.8241238210082803e-11,0.802296707462316,0.9392944990252595,20,True,1.1
5.356142432325714e-17,0,3.0,0.11107698640021169,8,0.0,24.0,0.0,1,/public/home/student090/quantum-pump-l8/runs/l8-allobs-20260728T230945/chern20/pair_0285_U_p24d000000_t_p1d100000_N20.npz,False,20,0.9,285,0.0011595784294319016,1.9359641472176363e-11,0.8042976464187722,0.9701717659431259,20,True,1.1
1.6551584475150853e-16,0,3.0,0.08144245508777048,8,0.0,32.0,0.0,1,/public/home/student090/quantum-pump-l8/runs/l8-allobs-20260728T230945/chern20/pair_0286_U_p32d000000_t_p1d100000_N20.npz,False,20,0.9,286,0.0005083939102823368,1.4229377230460047e-11,0.8047750266448855,0.982570545629179,20,True,1.1
2.0,2,3.0,0.5363980621649205,8,2.0,-32.0,0.0,1,/public/home/student090/quantum-pump-l8/runs/l8-allobs-20260728T230945/chern20/pair_0287_U_neg32d000000_t_p1d200000_N20.npz,False,20,0.9,287,0.30908422856023643,3.114451169572513e-09,0.3268538993627328,0.2515080469972947,20,True,1.2
2.0,2,3.0,0.706243736945396,8,2.0000000000000004,-24.0,0.0,1,/public/home/student090/quantum-pump-l8/runs/l8-allobs-20260728T230945/chern20/pair_0288_U_neg24d000000_t_p1d200000_N20.npz,False,20,0.9,288,0.30550525998794725,1.193201900195771e-09,0.35191457148712624,0.25636461422945384,20,True,1.2
2.0,2,3.0,1.0242562316742152,8,2.0,-16.0,0.0,1,/public/home/student090/quantum-pump-l8/runs/l8-allobs-20260728T230945/chern20/pair_0289_U_neg16d000000_t_p1d200000_N20.npz,False,20,0.9,289,0.29650852967892566,7.615149713457924e-10,0.40036611914371295,0.2687948400512208,20,True,1.2
2.0,2,3.0,1.3089133777834405,8,2.0,-12.0,0.0,1,/public/home/student090/quantum-pump-l8/runs/l8-allobs-20260728T230945/chern20/pair_0290_U_neg12d000000_t_p1d200000_N20.npz,False,20,0.9,290,0.28612468086866416,6.089836232366069e-10,0.44500884142350305,0.2833616556516745,20,True,1.2
2.0000000000000004,2,3.0,1.7765346360342704,8,2.0,-8.0,0.0,1,/public/home/student090/quantum-pump-l8/runs/l8-allobs-20260728T230945/chern10/pair_0291_U_neg8d000000_t_p1d200000_N10.npz,False,10,0.9,291,0.5889903061967396,4.571231305041129e-10,0.3638287173134585,0.3134866552945306,20,False,1.2
2.0,2,3.0,2.127823842847313,8,2.0,-6.0,0.0,1,/public/home/student090/quantum-pump-l8/runs/l8-allobs-20260728T230945/chern10/pair_0292_U_neg6d000000_t_p1d200000_N10.npz,False,10,0.9,292,0.5735777314757763,3.824526273185967e-10,0.3875183811640235,0.3404176032332939,20,False,1.2
2.0000000000000004,2,3.0,2.5937039172334444,8,2.0,-4.0,8.881784197001252e-16,1,/public/home/student090/quantum-pump-l8/runs/l8-allobs-20260728T230945/chern10/pair_0293_U_neg4d000000_t_p1d200000_N10.npz,False,10,0.9,293,0.5486537504402602,3.091244375581124e-10,0.4221836528208815,0.38088824393416626,20,False,1.2
2.0,2,3.0,3.1722606457072047,8,1.9999999999999998,-2.0,6.661338147750939e-16,1,/public/home/student090/quantum-pump-l8/runs/l8-allobs-20260728T230945/chern10/pair_0294_U_neg2d000000_t_p1d200000_N10.npz,False,10,0.9,294,0.5069886165677439,2.5536777889955966e-10,0.4761112535783786,0.43974708739294804,20,False,1.2
1.9999999999999998,2,3.0,3.5999999999999375,8,2.0,0.0,0.0,1,/public/home/student090/quantum-pump-l8/runs/l8-allobs-20260728T230945/chern10/pair_0295_U_p0d000000_t_p1d200000_N10.npz,False,10,0.9,295,0.4379418984809006,2.0566528312129414e-10,0.5618942948740795,0.5183999999999973,20,False,1.2
2.0000000000000004,2,3.0,3.172260645707178,8,1.9999999999999996,2.0,8.881784197001252e-16,1,/public/home/student090/quantum-pump-l8/runs/l8-allobs-20260728T230945/chern10/pair_0296_U_p2d000000_t_p1d200000_N10.npz,False,10,0.9,296,0.3354788393539154,1.543124750444819e-10,0.6845728548197538,0.6094145935680843,20,False,1.2
2.0000000000000004,2,3.0,2.593703917233494,8,2.0000000000000004,4.0,4.440892098500626e-16,1,/public/home/student090/quantum-pump-l8/runs/l8-allobs-20260728T230945/chern10/pair_0297_U_p4d000000_t_p1d200000_N10.npz,False,10,0.9,297,0.24031203136319404,1.0895827293019929e-10,0.7645244816023429,0.6393621216692006,20,False,1.2
2.0000000000000004,2,3.0,2.5284691700909985,8,2.0000000000000004,4.25,4.440892098500626e-16,1,/public/home/student090/quantum-pump-l8/runs/l8-allobs-20260728T230945/chern10/pair_0298_U_p4d250000_t_p1d200000_N10.npz,False,10,0.9,298,0.24094919796359268,9.902297315253074e-11,0.7372265340666536,0.6197421002437401,20,False,1.2
2.0000000000000004,2,3.0,2.451797549962162,8,2.0000000000000004,4.5,0.0,1,/public/home/student090/quantum-pump-l8/runs/l8-allobs-20260728T230945/chern10/pair_0299_U_p4d500000_t_p1d200000_N10.npz,False,10,0.9,299,0.2398656071214764,1.0028480755882863e-10,0.7055558818101489,0.5949315323436338,20,False,1.2
2.0,2,3.0,2.3153353558555008,8,2.0,4.75,4.440892098500626e-16,1,/public/home/student090/quantum-pump-l8/runs/l8-allobs-20260728T230945/chern10/pair_0300_U_p4d750000_t_p1d200000_N10.npz,False,10,0.9,300,0.23686744486841357,1.0068177641994092e-10,0.668794028629446,0.5684044175392409,20,False,1.2
2.0000000000000004,2,3.0,2.1772287306108744,8,1.9999999999999996,5.0,0.0,1,/public/home/student090/quantum-pump-l8/runs/l8-allobs-20260728T230945/chern10/pair_0301_U_p5d000000_t_p1d200000_N10.npz,False,10,0.9,301,0.24817838330670838,9.146623834012645e-11,0.6262149244986615,0.5399800674739967,20,False,1.2
2.0,2,3.0,2.042460484677788,8,2.0,5.25,0.0,1,/public/home/student090/quantum-pump-l8/runs/l8-allobs-20260728T230945/chern10/pair_0302_U_p5d250000_t_p1d200000_N10.npz,False,10,0.9,302,0.2868002241498381,8.512498985189001e-11,0.577182361538069,0.5094196528198898,20,False,1.2
1.9999999999999998,2,3.0,1.914447882078436,8,1.9999999999999996,5.5,8.881784197001252e-16,1,/public/home/student090/quantum-pump-l8/runs/l8-allobs-20260728T230945/chern10/pair_0303_U_p5d500000_t_p1d200000_N10.npz,False,10,0.9,303,0.3342678034706067,7.746434668041806e-11,0.5213033676960486,0.4764035689404768,20,False,1.2
2.0,2,3.0,1.7937779588665297,8,1.9999999999999996,5.75,4.440892098500626e-16,1,/public/home/student090/quantum-pump-l8/runs/l8-allobs-20260728T230945/chern10/pair_0304_U_p5d750000_t_p1d200000_N10.npz,False,10,0.9,304,0.3933479349391643,8.05088537148141e-11,0.458631437846814,0.440502752664639,20,False,1.2
2.0000000000000004,2,3.0,1.7705774081297339,8,2.0,5.8,0.0,1,/public/home/student090/quantum-pump-l8/runs/l8-allobs-20260728T230945/chern10/pair_0305_U_p5d800000_t_p1d200000_N10.npz,False,10,0.9,305,0.40688957728651853,7.736176153086983e-11,0.44533096727568705,0.4329289577622877,20,False,1.2
1.9999999999999998,2,3.0,1.6810348509172357,8,2.0,6.0,0.0,1,/public/home/student090/quantum-pump-l8/runs/l8-allobs-20260728T230945/chern10/pair_0306_U_p6d000000_t_p1d200000_N10.npz,False,10,0.9,306,0.46821437787727094,7.625430474939642e-11,0.3898788364320612,0.4011442777512712,20,False,1.2
2.0,2,3.0,0.9432740672750715,8,2.0,6.2,4.440892098500626e-16,2,/public/home/student090/quantum-pump-l8/runs/l8-allobs-20260728T230945/chern20/pair_0307_U_p6d200000_t_p1d200000_N20.npz,False,20,0.9,307,0.1418617822809121,6.60635460969385e-11,0.8007883362313742,0.36666819231541176,40,True,1.2
2.0000000000000004,2,3.0,0.9071886436574772,8,1.9999999999999996,6.25,8.881784197001252e-16,2,/public/home/student090/quantum-pump-l8/runs/l8-allobs-20260728T230945/chern20/pair_0308_U_p6d250000_t_p1d200000_N20.npz,False,20,0.9,308,0.14669534106267804,7.174969142418498e-11,0.795752424018759,0.3575740115453655,40,True,1.2
2.0000000000000004,2,3.0,0.7292062052281363,8,1.9999999999999998,6.5,2.220446049250313e-16,2,/public/home/student090/quantum-pump-l8/runs/l8-allobs-20260728T230945/chern20/pair_0309_U_p6d500000_t_p1d200000_N20.npz,False,20,0.9,309,0.17534978932387485,6.69241542887056e-11,0.7698938779569896,0.30882455985457463,40,True,1.2
2.0,2,3.0,0.5561371477826302,8,2.0,6.75,0.0,2,/public/home/student090/quantum-pump-l8/runs/l8-allobs-20260728T230945/chern20/pair_0310_U_p6d750000_t_p1d200000_N20.npz,False,20,0.9,310,0.21539755719495635,6.374212642818903e-11,0.7436827207886089,0.2537075830328704,40,True,1.2
1.9999999999999998,2,3.0,0.3894266383078815,8,1.9999999999999996,7.0,8.881784197001252e-16,2,/public/home/student090/quantum-pump-l8/runs/l8-allobs-20260728T230945/chern20/pair_0311_U_p7d000000_t_p1d200000_N20.npz,False,20,0.9,311,0.27782605674872585,6.063936871315619e-11,0.718282692818006,0.19086849411826584,40,True,1.2
2.0,2,3.0,0.23093062014743282,8,2.0000000000000004,7.25,4.440892098500626e-16,2,/public/home/student090/quantum-pump-l8/runs/l8-allobs-20260728T230945/chern20/pair_0312_U_p7d250000_t_p1d200000_N20.npz,False,20,0.9,312,0.3918421140973039,5.813130803771158e-11,0.694800159128561,0.11896747069491415,40,True,1.2
2.0,2,3.0,0.08290250098015317,8,1.9999999999999996,7.5,8.881784197001252e-16,2,/public/home/student090/quantum-pump-l8/runs/l8-allobs-20260728T230945/chern20/pair_0313_U_p7d500000_t_p1d200000_N20.npz,False,20,0.9,313,0.6358832269570808,5.773104036242118e-11,0.6740624370754469,0.03706721189221255,40,True,1.2
3.533949646070574e-17,0,3.0,0.05213480331726483,8,0.0,7.75,0.0,1,/public/home/student090/quantum-pump-l8/runs/l8-allobs-20260728T230945/chern20/pair_0314_U_p7d750000_t_p1d200000_N20.npz,False,20,0.9,314,0.563272632965651,5.467849527641226e-11,0.7195186129657432,0.6340370906868529,20,True,1.2
1.4135798584282297e-16,0,3.0,0.17168808539386138,8,0.0,8.0,0.0,1,/public/home/student090/quantum-pump-l8/runs/l8-allobs-20260728T230945/chern20/pair_0315_U_p8d000000_t_p1d200000_N20.npz,False,20,0.9,315,0.30260005696602915,5.2469846008612814e-11,0.7353820288427411,0.6589409161245192,20,True,1.2
0.0,0,3.0,0.2737627935596576,8,5.551115123125783e-17,8.25,5.551115123125783e-17,1,/public/home/student090/quantum-pump-l8/runs/l8-allobs-20260728T230945/chern20/pair_0316_U_p8d250000_t_p1d200000_N20.npz,False,20,0.9,316,0.1876551379167834,4.969562457664876e-11,0.7485077030922791,0.682507752975581,20,True,1.2
-2.297067269945873e-16,0,3.0,0.35737157369420647,8,0.0,8.5,0.0,1,/public/home/student090/quantum-pump-l8/runs/l8-allobs-20260728T230945/chern20/pair_0317_U_p8d500000_t_p1d200000_N20.npz,False,20,0.9,317,0.12977662846037788,4.840599935173641e-11,0.7592954713824214,0.7046593343727818,20,True,1.2
-3.533949646070574e-17,0,3.0,0.3898951262146273,8,0.0,8.75,1.1102230246251565e-16,1,/public/home/student090/quantum-pump-l8/runs/l8-allobs-20260728T230945/chern20/pair_0318_U_p8d750000_t_p1d200000_N20.npz,False,20,0.9,318,0.09601600246577027,4.970183007370485e-11,0.7681321696904436,0.7253589883232392,20,True,1.2
-1.501928599579994e-16,0,3.0,0.38503101826120467,8,0.0,9.0,0.0,1,/public/home/student090/quantum-pump-l8/runs/l8-allobs-20260728T230945/chern20/pair_0319_U_p9d000000_t_p1d200000_N20.npz,False,20,0.9,319,0.07426916537750315,4.474903155652096e-11,0.7753656304011353,0.74460607693004,20,True,1.2
1.236882376124701e-16,0,3.0,0.3790597389282322,8,0.0,9.25,0.0,1,/public/home/student090/quantum-pump-l8/runs/l8-allobs-20260728T230945/chern20/pair_0320_U_p9d250000_t_p1d200000_N20.npz,False,20,0.9,320,0.059294890782998835,4.7621589857049755e-11,0.7812945453016217,0.7624293972539254,20,True,1.2
9.718361526694079e-17,0,3.0,0.372257898327093,8,0.0,9.5,0.0,1,/public/home/student090/quantum-pump-l8/runs/l8-allobs-20260728T230945/chern20/pair_0321_U_p9d500000_t_p1d200000_N20.npz,False,20,0.9,321,0.04848835890698525,4.774304525463331e-11,0.7861678945918893,0.7788803443834299,20,True,1.2
-5.300924469105861e-17,0,3.0,0.3648650379247984,8,0.0,9.75,0.0,1,/public/home/student090/quantum-pump-l8/runs/l8-allobs-20260728T230945/chern20/pair_0322_U_p9d750000_t_p1d200000_N20.npz,False,20,0.9,322,0.04041387114218912,4.5517531905183064e-11,0.790189271386348,0.7940264464779471,20,True,1.2
-4.8591807633470396e-17,0,3.0,0.3570821139310385,8,0.0,10.0,0.0,1,/public/home/student090/quantum-pump-l8/runs/l8-allobs-20260728T230945/chern20/pair_0323_U_p10d000000_t_p1d200000_N20.npz,False,20,0.9,323,0.034216216834320856,4.5882783052988536e-11,0.7935231484847,0.8079456638258546,20,True,1.2
-9.718361526694079e-17,0,3.0,0.2945727261740365,8,0.0,12.0,0.0,1,/public/home/student090/quantum-pump-l8/runs/l8-allobs-20260728T230945/chern20/pair_0324_U_p12d000000_t_p1d200000_N20.npz,False,20,0.9,324,0.012914849774750365,3.9622869742743925e-11,0.8068446083059879,0.884059435772082,20,True,1.2
1.8221927862551398e-17,0,3.0,0.4497402955443608,8,0.0,16.0,0.0,1,/public/home/student090/quantum-pump-l8/runs/l8-allobs-20260728T230945/chern10/pair_0325_U_p16d000000_t_p1d200000_N10.npz,False,10,0.9,325,0.014652749954269208,2.888720937122616e-11,0.35501350899658085,0.9338882828536887,20,False,1.2
-1.892595689360452e-16,0,3.0,0.13188551461144837,8,0.0,24.0,0.0,1,/public/home/student090/quantum-pump-l8/runs/l8-allobs-20260728T230945/chern20/pair_0326_U_p24d000000_t_p1d200000_N20.npz,False,20,0.9,326,0.0012683084426426921,2.0404308580365767e-11,0.8150011895759514,0.9672754079838422,20,True,1.2
-7.668394642157047e-17,0,3.0,0.09681240540009228,8,0.0,32.0,0.0,1,/public/home/student090/quantum-pump-l8/runs/l8-allobs-20260728T230945/chern20/pair_0327_U_p32d000000_t_p1d200000_N20.npz,False,20,0.9,327,0.0005583925966580622,1.6257924515342945e-11,0.8154607034085462,0.9808191856349922,20,True,1.2
2.0,2,3.0,0.5838072294487233,8,1.9999999999999993,-32.0,4.440892098500626e-16,1,/public/home/student090/quantum-pump-l8/runs/l8-allobs-20260728T230945/chern20/pair_0328_U_neg32d000000_t_p1d300000_N20.npz,False,20,0.9,328,0.30830595252825066,1.975183900579371e-09,0.33592801219426716,0.24871437968623966,20,True,1.3
2.0,2,3.0,0.7677371851664105,8,2.0000000000000004,-24.0,0.0,1,/public/home/student090/quantum-pump-l8/runs/l8-allobs-20260728T230945/chern20/pair_0329_U_neg24d000000_t_p1d300000_N20.npz,False,20,0.9,329,0.30420988100282054,1.1262526845182473e-09,0.3633749432345446,0.2539081017876297,20,True,1.3
2.0,2,3.0,1.1100201613355978,8,2.0,-16.0,0.0,1,/public/home/student090/quantum-pump-l8/runs/l8-allobs-20260728T230945/chern20/pair_0330_U_neg16d000000_t_p1d300000_N20.npz,False,20,0.9,330,0.2940276543728098,7.655493635715216e-10,0.41599483076189697,0.267060506277807,20,True,1.3
2.0,2,3.0,1.4134094259066075,8,1.9999999999999993,-12.0,4.440892098500626e-16,1,/public/home/student090/quantum-pump-l8/runs/l8-allobs-20260728T230945/chern20/pair_0331_U_neg12d000000_t_p1d300000_N20.npz,False,20,0.9,331,0.2824733329648677,6.063994913374143e-10,0.4637868750795003,0.28223775079424096,20,True,1.3
2.0000000000000004,2,3.0,1.9038303230938212,8,2.0000000000000004,-8.0,4.440892098500626e-16,1,/public/home/student090/quantum-pump-l8/runs/l8-allobs-20260728T230945/chern10/pair_0332_U_neg8d000000_t_p1d300000_N10.npz,False,10,0.9,332,0.5845146435636824,4.487369167130629e-10,0.3769283689303607,0.3129415184716063,20,False,1.3
2.0,2,3.0,2.263948347943277,8,2.0,-6.0,0.0,1,/public/home/student090/quantum-pump-l8/runs/l8-allobs-20260728T230945/chern10/pair_0333_U_neg6d000000_t_p1d300000_N10.npz,False,10,0.9,333,0.5678217739922236,3.8147995484281156e-10,0.4026573614147704,0.3397699521942826,20,False,1.3
2.0000000000000004,2,3.0,2.7259911989033263,8,2.0,-4.0,0.0,1,/public/home/student090/quantum-pump-l8/runs/l8-allobs-20260728T230945/chern10/pair_0334_U_neg4d000000_t_p1d300000_N10.npz,False,10,0.9,334,0.5413445918073101,2.8970801967054414e-10,0.439763151724155,0.37931813241686035,20,False,1.3
2.0,2,3.0,3.252465818818454,8,2.0,-2.0,0.0,1,/public/home/student090/quantum-pump-l8/runs/l8-allobs-20260728T230945/chern10/pair_0335_U_neg2d000000_t_p1d300000_N10.npz,False,10,0.9,335,0.4982791389605953,2.653656206441654e-10,0.4959003070164361,0.43589639202444047,20,False,1.3
2.0,2,3.0,3.5999999999998664,8,1.9999999999999993,0.0,6.661338147750939e-16,1,/public/home/student090/quantum-pump-l8/runs/l8-allobs-20260728T230945/chern10/pair_0336_U_p0d000000_t_p1d300000_N10.npz,False,10,0.9,336,0.4293798492675009,1.9760737948307396e-10,0.5813994941734149,0.5110112982819927,20,False,1.3
2.0,2,3.0,3.2524658188185267,8,2.0,2.0,0.0,1,/public/home/student090/quantum-pump-l8/runs/l8-allobs-20260728T230945/chern10/pair_0337_U_p2d000000_t_p1d300000_N10.npz,False,10,0.9,337,0.33047452018737555,1.5983093011953074e-10,0.6982877459235095,0.5986099587926944,20,False,1.3
2.0,2,3.0,2.725991198903447,8,2.0000000000000004,4.0,0.0,1,/public/home/student090/quantum-pump-l8/runs/l8-allobs-20260728T230945/chern10/pair_0338_U_p4d000000_t_p1d300000_N10.npz,False,10,0.9,338,0.23830965731802717,1.1846929407370502e-10,0.7773736832193264,0.6228004986493527,20,False,1.3
2.0000000000000004,2,3.0,2.650376813140692,8,2.0000000000000004,4.25,0.0,1,/public/home/student090/quantum-pump-l8/runs/l8-allobs-20260728T230945/chern10/pair_0339_U_p4d250000_t_p1d300000_N10.npz,False,10,0.9,339,0.23926031157520503,9.364475104857443e-11,0.7521753626322296,0.6028211892491359,20,False,1.3
2.0,2,3.0,2.504715657237224,8,2.0000000000000004,4.5,4.440892098500626e-16,1,/public/home/student090/quantum-pump-l8/runs/l8-allobs-20260728T230945/chern10/pair_0340_U_p4d500000_t_p1d300000_N10.npz,False,10,0.9,340,0.23866427425535086,1.0691356979756794e-10,0.7229548905664437,0.5791979976966537,20,False,1.3
2.0000000000000004,2,3.0,2.367637392478791,8,2.0000000000000004,4.75,4.440892098500626e-16,1,/public/home/student090/quantum-pump-l8/runs/l8-allobs-20260728T230945/chern10/pair_0341_U_p4d750000_t_p1d300000_N10.npz,False,10,0.9,341,0.23633350462198974,9.714278868828911e-11,0.6890298895985324,0.5540932940251141,20,False,1.3
1.9999999999999998,2,3.0,2.240403006725421,8,2.0000000000000004,5.0,0.0,1,/public/home/student090/quantum-pump-l8/runs/l8-allobs-20260728T230945/chern10/pair_0342_U_p5d000000_t_p1d300000_N10.npz,False,10,0.9,342,0.2485804389546677,9.887296373945065e-11,0.6496855069138028,0.5273552365467928,20,False,1.3
2.0,2,3.0,2.116753378887015,8,2.0,5.25,0.0,1,/public/home/student090/quantum-pump-l8/runs/l8-allobs-20260728T230945/chern10/pair_0343_U_p5d250000_t_p1d300000_N10.npz,False,10,0.9,343,0.285928355927008,9.390521782335716e-11,0.6042460964028621,0.4987849866751944,20,False,1.3
2.0000000000000004,2,3.0,1.9897735903046758,8,2.0,5.5,0.0,1,/public/home/student090/quantum-pump-l8/runs/l8-allobs-20260728T230945/chern10/pair_0344_U_p5d500000_t_p1d300000_N10.npz,False,10,0.9,344,0.33147661283259516,8.932495920741653e-11,0.5521943864958824,0.4681205087690982,20,False,1.3
2.0,2,3.0,1.8696475136691362,8,1.9999999999999996,5.75,4.440892098500626e-16,1,/public/home/student090/quantum-pump-l8/runs/l8-allobs-20260728T230945/chern10/pair_0345_U_p5d750000_t_p1d300000_N10.npz,False,10,0.9,345,0.3875887405484266,8.56211110348473e-11,0.49334041047838095,0.4350166855130183,20,False,1.3
2.0000000000000004,2,3.0,1.8464951488788746,8,2.0000000000000004,5.8,0.0,1,/public/home/student090/quantum-pump-l8/runs/l8-allobs-20260728T230945/chern10/pair_0346_U_p5d800000_t_p1d300000_N10.npz,False,10,0.9,346,0.40035302792592703,8.637315338854386e-11,0.4807714113874874,0.42806562656783015,20,False,1.3
2.0,2,3.0,1.7569436913719603,8,2.0000000000000004,6.0,4.440892098500626e-16,1,/public/home/student090/quantum-pump-l8/runs/l8-allobs-20260728T230945/chern10/pair_0347_U_p6d000000_t_p1d300000_N10.npz,False,10,0.9,347,0.4576667486260783,8.215440676220687e-11,0.42801911654239483,0.3990221110128458,20,False,1.3
2.0,2,3.0,1.6724768196579767,8,2.0000000000000004,6.2,0.0,2,/public/home/student090/quantum-pump-l8/runs/l8-allobs-20260728T230945/chern10/pair_0348_U_p6d200000_t_p1d300000_N10.npz,False,10,0.9,348,0.5271887271944089,7.327188683801626e-11,0.3717716262435982,0.3677587039439388,40,False,1.3
2.0,2,3.0,1.652180445316759,8,1.9999999999999998,6.25,2.220446049250313e-16,2,/public/home/student090/quantum-pump-l8/runs/l8-allobs-20260728T230945/chern10/pair_0349_U_p6d250000_t_p1d300000_N10.npz,False,10,0.9,349,0.5469122693976316,7.459176526763612e-11,0.3572597068990116,0.35955433622575456,40,False,1.3
2.0000000000000004,2,3.0,0.812983233077377,8,2.0,6.5,4.440892098500626e-16,2,/public/home/student090/quantum-pump-l8/runs/l8-allobs-20260728T230945/chern20/pair_0350_U_p6d500000_t_p1d300000_N20.npz,False,20,0.9,350,0.16952826564950385,7.539753256657802e-11,0.7859933613285278,0.31587826126318547,40,True,1.3
2.0000000000000004,2,3.0,0.6405846183415793,8,2.0,6.75,0.0,2,/public/home/student090/quantum-pump-l8/runs/l8-allobs-20260728T230945/chern20/pair_0351_U_p6d750000_t_p1d300000_N20.npz,False,20,0.9,351,0.205109459910949,7.216860640642799e-11,0.7601662450769663,0.26709789440938253,40,True,1.3
2.0,2,3.0,0.47351695764458146,8,2.0,7.0,2.220446049250313e-16,2,/public/home/student090/quantum-pump-l8/runs/l8-allobs-20260728T230945/chern20/pair_0352_U_p7d000000_t_p1d300000_N20.npz,False,20,0.9,352,0.25695624875107886,6.094814019686281e-11,0.7343289081949768,0.21218106697180872,40,True,1.3
2.0,2,3.0,0.313209830982796,8,2.0000000000000004,7.25,4.440892098500626e-16,2,/public/home/student090/quantum-pump-l8/runs/l8-allobs-20260728T230945/chern20/pair_0353_U_p7d250000_t_p1d300000_N20.npz,False,20,0.9,353,0.34217635200682645,6.385645764317475e-11,0.7095319043574776,0.1500499321350675,40,True,1.3
2.0000000000000004,2,3.0,0.1614131570453763,8,2.0,7.5,0.0,2,/public/home/student090/quantum-pump-l8/runs/l8-allobs-20260728T230945/chern20/pair_0354_U_p7d500000_t_p1d300000_N20.npz,False,20,0.9,354,0.5047516337733646,6.054672047209912e-11,0.6867009834244637,0.07978207051427069,40,True,1.3
2.0,2,3.0,0.02014835733870335,8,2.0,7.75,0.0,2,/public/home/student090/quantum-pump-l8/runs/l8-allobs-20260728T230945/chern20/pair_0355_U_p7d750000_t_p1d300000_N20.npz,False,20,0.9,355,0.8189528426649665,5.885064656192846e-11,0.6664723232466259,0.0009602610135370538,40,True,1.3
-1.0601848938211722e-16,0,3.0,0.10843729788513112,8,0.0,8.0,0.0,1,/public/home/student090/quantum-pump-l8/runs/l8-allobs-20260728T230945/chern20/pair_0356_U_p8d000000_t_p1d300000_N20.npz,False,20,0.9,356,0.43926537941511185,5.876738078971201e-11,0.7308105841180229,0.6424536647064943,20,True,1.3
2.1203697876423444e-16,0,3.0,0.2223377426327886,8,0.0,8.25,0.0,1,/public/home/student090/quantum-pump-l8/runs/l8-allobs-20260728T230945/chern20/pair_0357_U_p8d250000_t_p1d300000_N20.npz,False,20,0.9,357,0.2592257899179263,5.784105999928374e-11,0.7459536154445764,0.6647551400295246,20,True,1.3
-2.650462234552931e-16,0,3.0,0.3200493776787372,8,0.0,8.5,0.0,1,/public/home/student090/quantum-pump-l8/runs/l8-allobs-20260728T230945/chern20/pair_0358_U_p8d500000_t_p1d300000_N20.npz,False,20,0.9,358,0.17222919415409652,5.14809673758906e-11,0.7585613602633097,0.6859437124382821,20,True,1.3
-7.067899292141149e-17,0,3.0,0.40091860846669913,8,0.0,8.75,0.0,1,/public/home/student090/quantum-pump-l8/runs/l8-allobs-20260728T230945/chern20/pair_0359_U_p8d750000_t_p1d300000_N20.npz,False,20,0.9,359,0.12410764968120236,5.0542108855396405e-11,0.7690019792325578,0.7059636104211607,20,True,1.3
-8.834874115176436e-17,0,3.0,0.42176834039118116,8,0.0,9.0,0.0,1,/public/home/student090/quantum-pump-l8/runs/l8-allobs-20260728T230945/chern20/pair_0360_U_p9d000000_t_p1d300000_N20.npz,False,20,0.9,360,0.0942673415832525,5.3776111192495615e-11,0.7776258502617431,0.7247875260541122,20,True,1.3
1.3252311172764654e-16,0,3.0,0.4175979999168833,8,0.0,9.25,0.0,1,/public/home/student090/quantum-pump-l8/runs/l8-allobs-20260728T230945/chern20/pair_0361_U_p9d250000_t_p1d300000_N20.npz,False,20,0.9,361,0.07424626173033673,5.25951930879105e-11,0.78474643092815,0.7424130621364698,20,True,1.3
-7.951386703658792e-17,0,3.0,0.4123044006281198,8,0.0,9.5,0.0,1,/public/home/student090/quantum-pump-l8/runs/l8-allobs-20260728T230945/chern20/pair_0362_U_p9d500000_t_p1d300000_N20.npz,False,20,0.9,362,0.060055814099794054,5.0277876345570516e-11,0.7906332907609035,0.7588585893402552,20,True,1.3
-1.501928599579994e-16,0,3.0,0.4061306736325214,8,0.0,9.75,0.0,1,/public/home/student090/quantum-pump-l8/runs/l8-allobs-20260728T230945/chern20/pair_0363_U_p9d750000_t_p1d300000_N20.npz,False,20,0.9,363,0.04959027037952995,5.161108029254981e-11,0.7955123685923655,0.7741589357207358,20,True,1.3
1.0601848938211722e-16,0,3.0,0.39929276020317683,8,0.0,10.0,0.0,1,/public/home/student090/quantum-pump-l8/runs/l8-allobs-20260728T230945/chern20/pair_0364_U_p10d000000_t_p1d300000_N20.npz,False,20,0.9,364,0.041636606500918286,4.339731546233887e-11,0.7995698974788754,0.7883612411627149,20,True,1.3
-1.0447411197331197e-16,0,3.0,0.6899265337380971,8,0.0,12.0,0.0,1,/public/home/student090/quantum-pump-l8/runs/l8-allobs-20260728T230945/chern10/pair_0365_U_p12d000000_t_p1d300000_N10.npz,False,10,0.9,365,0.053009555520040504,4.234569125298698e-11,0.3618468440666546,0.8696950179047912,20,False,1.3
7.284025851306353e-17,0,3.0,0.4945033261907885,8,0.0,16.0,0.0,1,/public/home/student090/quantum-pump-l8/runs/l8-allobs-20260728T230945/chern10/pair_0366_U_p16d000000_t_p1d300000_N10.npz,False,10,0.9,366,0.016483791185092442,3.1326374967083334e-11,0.38292908012972965,0.9282171120157999,20,False,1.3
-6.888440911676628e-17,0,3.0,0.15439132787935783,8,0.0,24.0,0.0,1,/public/home/student090/quantum-pump-l8/runs/l8-allobs-20260728T230945/chern20/pair_0367_U_p24d000000_t_p1d300000_N20.npz,False,20,0.9,367,0.0013801124819430744,2.3733458958824214e-11,0.8250697527712872,0.964234516995776,20,True,1.3
1.5253962339484314e-17,0,3.0,0.11347866842471488,8,0.0,32.0,0.0,1,/public/home/student090/quantum-pump-l8/runs/l8-allobs-20260728T230945/chern20/pair_0368_U_p32d000000_t_p1d300000_N20.npz,False,20,0.9,368,0.0006102322442499583,1.787540606791419e-11,0.825512509272967,0.9789739669593953,20,True,1.3
2.0,2,3.0,0.6320802777008225,8,2.0,-32.0,0.0,1,/public/home/student090/quantum-pump-l8/runs/l8-allobs-20260728T230945/chern20/pair_0369_U_neg32d000000_t_p1d400000_N20.npz,False,20,0.9,369,0.3074495300231707,1.6972496754694904e-09,0.34550779018044925,0.24541664885357234,20,True,1.4
2.0,2,3.0,0.8301627743937701,8,2.0000000000000004,-24.0,0.0,1,/public/home/student090/quantum-pump-l8/runs/l8-allobs-20260728T230945/chern20/pair_0370_U_neg24d000000_t_p1d400000_N20.npz,False,20,0.9,370,0.30279673264448603,1.1041701876655414e-09,0.3753662918445874,0.2509318168807428,20,True,1.4
2.0000000000000004,2,3.0,1.1964000858454398,8,2.0,-16.0,0.0,1,/public/home/student090/quantum-pump-l8/runs/l8-allobs-20260728T230945/chern20/pair_0371_U_neg16d000000_t_p1d400000_N20.npz,False,20,0.9,371,0.29137590554647047,7.667598537022858e-10,0.4320531497368735,0.26474367152017503,20,True,1.4
2.0000000000000004,2,3.0,1.5176271564680803,8,2.0000000000000004,-12.0,4.440892098500626e-16,1,/public/home/student090/quantum-pump-l8/runs/l8-allobs-20260728T230945/chern10/pair_0372_U_neg12d000000_t_p1d400000_N10.npz,False,10,0.9,372,0.5999288828210584,6.024970302958048e-10,0.35483164475850687,0.28043343741694543,20,False,1.4
2.0,2,3.0,2.027772855038947,8,1.9999999999999998,-8.0,0.0,1,/public/home/student090/quantum-pump-l8/runs/l8-allobs-20260728T230945/chern10/pair_0373_U_neg8d000000_t_p1d400000_N10.npz,False,10,0.9,373,0.5798985134730537,4.59736355715095e-10,0.3904257624725123,0.31150322700659555,20,False,1.4
2.0,2,3.0,2.392710685051547,8,2.000000000000001,-6.0,8.881784197001252e-16,1,/public/home/student090/quantum-pump-l8/runs/l8-allobs-20260728T230945/chern10/pair_0374_U_neg6d000000_t_p1d400000_N10.npz,False,10,0.9,374,0.5620211541265219,3.9421023960193087e-10,0.4180128619520702,0.33808736600562567,20,False,1.4
2.0000000000000004,2,3.0,2.8425153382794086,8,1.9999999999999996,-4.0,4.440892098500626e-16,1,/public/home/student090/quantum-pump-l8/runs/l8-allobs-20260728T230945/chern10/pair_0375_U_neg4d000000_t_p1d400000_N10.npz,False,10,0.9,375,0.5342190252163359,3.3551902712276315e-10,0.4571685397787481,0.376634867798462,20,False,1.4
2.0000000000000004,2,3.0,3.3070275042076425,8,2.0,-2.0,0.0,1,/public/home/student090/quantum-pump-l8/runs/l8-allobs-20260728T230945/chern10/pair_0376_U_neg2d000000_t_p1d400000_N10.npz,False,10,0.9,376,0.49016289139101776,2.6379677984934455e-10,0.5148139260547738,0.431056915137471,20,False,1.4
2.0000000000000004,2,3.0,3.5999999999999677,8,1.9999999999999996,0.0,4.440892098500626e-16,1,/public/home/student090/quantum-pump-l8/runs/l8-allobs-20260728T230945/chern10/pair_0377_U_p0d000000_t_p1d400000_N10.npz,False,10,0.9,377,0.4218418161347671,1.7455210884970385e-10,0.5992732093841493,0.5029680842000381,20,False,1.4
2.0,2,3.0,3.3070275042076247,8,2.0000000000000004,2.0,4.440892098500626e-16,1,/public/home/student090/quantum-pump-l8/runs/l8-allobs-20260728T230945/chern10/pair_0378_U_p2d000000_t_p1d400000_N10.npz,False,10,0.9,378,0.32638629094374716,1.6339772009095309e-10,0.7105180504756949,0.58744016365542,20,False,1.4
2.0,2,3.0,2.8425153382794264,8,2.0000000000000004,4.0,4.440892098500626e-16,1,/public/home/student090/quantum-pump-l8/runs/l8-allobs-20260728T230945/chern10/pair_0379_U_p4d000000_t_p1d400000_N10.npz,False,10,0.9,379,0.2369131391582512,1.2438691514325158e-10,0.7876919401241533,0.6074935066042674,20,False,1.4
1.9999999999999998,2,3.0,2.701713098075164,8,2.0,4.25,4.440892098500626e-16,1,/public/home/student090/quantum-pump-l8/runs/l8-allobs-20260728T230945/chern10/pair_0380_U_p4d250000_t_p1d400000_N10.npz,False,10,0.9,380,0.23817969935153385,1.9336429692400675e-10,0.7655431026906364,0.5874820449704667,20,False,1.4
2.0000000000000004,2,3.0,2.556372395373483,8,2.0,4.5,0.0,1,/public/home/student090/quantum-pump-l8/runs/l8-allobs-20260728T230945/chern10/pair_0381_U_p4d500000_t_p1d400000_N10.npz,False,10,0.9,381,0.2380473306861523,8.68154579790807e-10,0.7384988690434695,0.5649943889317114,20,False,1.4
2.0000000000000004,2,3.0,2.418877591744179,8,1.9999999999999996,4.75,4.440892098500626e-16,1,/public/home/student090/quantum-pump-l8/runs/l8-allobs-20260728T230945/chern10/pair_0382_U_p4d750000_t_p1d400000_N10.npz,False,10,0.9,382,0.23633395707517066,1.0890254844604815e-09,0.7071130280453523,0.541218981181468,20,False,1.4
2.0000000000000004,2,3.0,2.2903553694094576,8,2.0,5.0,0.0,1,/public/home/student090/quantum-pump-l8/runs/l8-allobs-20260728T230945/chern10/pair_0383_U_p5d000000_t_p1d400000_N10.npz,False,10,0.9,383,0.24885333174567417,9.83523202963423e-10,0.6706967199105043,0.5160266503940152,20,False,1.4
2.0000000000000004,2,3.0,2.1720853907189444,8,2.0,5.25,0.0,1,/public/home/student090/quantum-pump-l8/runs/l8-allobs-20260728T230945/chern10/pair_0384_U_p5d250000_t_p1d400000_N10.npz,False,10,0.9,384,0.2849884926553499,9.87477933229132e-10,0.6285647350906994,0.48924999014133747,20,False,1.4
2.0000000000000004,2,3.0,2.061429538148664,8,2.0000000000000004,5.5,8.881784197001252e-16,1,/public/home/student090/quantum-pump-l8/runs/l8-allobs-20260728T230945/chern10/pair_0385_U_p5d500000_t_p1d400000_N10.npz,False,10,0.9,385,0.3287519977812285,7.702948799936863e-10,0.5801264831779176,0.460671597078771,20,False,1.4
2.0000000000000004,2,3.0,1.9418244291362718,8,2.0000000000000004,5.75,0.0,1,/public/home/student090/quantum-pump-l8/runs/l8-allobs-20260728T230945/chern10/pair_0386_U_p5d750000_t_p1d400000_N10.npz,False,10,0.9,386,0.38219405096489484,7.425913513846632e-10,0.5250226228492311,0.43001000737688244,20,False,1.4
2.0,2,3.0,1.918720096152235,8,2.0,5.8,0.0,1,/public/home/student090/quantum-pump-l8/runs/l8-allobs-20260728T230945/chern10/pair_0387_U_p5d800000_t_p1d400000_N10.npz,False,10,0.9,387,0.3942750561308906,5.817552537505343e-10,0.5131967910910559,0.42359748845386663,20,False,1.4
2.0000000000000004,2,3.0,1.8291714294611676,8,2.0,6.0,0.0,1,/public/home/student090/quantum-pump-l8/runs/l8-allobs-20260728T230945/chern10/pair_0388_U_p6d000000_t_p1d400000_N10.npz,False,10,0.9,388,0.44815193399641484,7.072389555398888e-10,0.4632990022019778,0.39690364228065383,20,False,1.4
2.0,2,3.0,1.7444105779698322,8,2.0,6.2,0.0,1,/public/home/student090/quantum-pump-l8/runs/l8-allobs-20260728T230945/chern10/pair_0389_U_p6d200000_t_p1d400000_N10.npz,False,10,0.9,389,0.5126424257903177,8.593557825699592e-10,0.4095521486755154,0.3683538057992273,20,False,1.4
1.9999999999999998,2,3.0,1.7239965543698208,8,2.0,6.25,0.0,1,/public/home/student090/quantum-pump-l8/runs/l8-allobs-20260728T230945/chern10/pair_0390_U_p6d250000_t_p1d400000_N10.npz,False,10,0.9,390,0.5307572063319843,7.783705842094753e-10,0.3955824809412535,0.3608939096450172,20,False,1.4
2.0000000000000004,2,3.0,0.8945323058064929,8,1.9999999999999998,6.5,2.220446049250313e-16,2,/public/home/student090/quantum-pump-l8/runs/l8-allobs-20260728T230945/chern20/pair_0391_U_p6d500000_t_p1d400000_N20.npz,False,20,0.9,391,0.16442660998254915,6.793587761332579e-10,0.8008313828005601,0.3214102391700455,40,True,1.4
2.0,2,3.0,0.7230332827771306,8,2.0000000000000004,6.75,4.440892098500626e-16,2,/public/home/student090/quantum-pump-l8/runs/l8-allobs-20260728T230945/chern20/pair_0392_U_p6d750000_t_p1d400000_N20.npz,False,20,0.9,392,0.19667953198363852,7.345439643968093e-10,0.7757497602561264,0.2777627805978667,40,True,1.4
2.0,2,3.0,0.5560763974313208,8,2.0000000000000004,7.0,4.440892098500626e-16,2,/public/home/student090/quantum-pump-l8/runs/l8-allobs-20260728T230945/chern20/pair_0393_U_p7d000000_t_p1d400000_N20.npz,False,20,0.9,393,0.24140239288002632,5.727503841105075e-10,0.7500080776059402,0.22915336876506004,40,True,1.4
2.0,2,3.0,0.39478292696717876,8,2.0,7.25,0.0,2,/public/home/student090/quantum-pump-l8/runs/l8-allobs-20260728T230945/chern20/pair_0394_U_p7d250000_t_p1d400000_N20.npz,False,20,0.9,394,0.3094069610606788,4.6385936467774977e-10,0.7245501765492168,0.17472233856116373,40,True,1.4
2.0,2,3.0,0.24052811276970054,8,2.0,7.5,0.0,2,/public/home/student090/quantum-pump-l8/runs/l8-allobs-20260728T230945/chern20/pair_0395_U_p7d500000_t_p1d400000_N20.npz,False,20,0.9,395,0.42628326180420567,3.831594527574381e-10,0.7003090169816527,0.11365619554247573,40,True,1.4
2.0000000000000004,2,3.0,0.09492700863519588,8,2.0,7.75,0.0,2,/public/home/student090/quantum-pump-l8/runs/l8-allobs-20260728T230945/chern20/pair_0396_U_p7d750000_t_p1d400000_N20.npz,False,20,0.9,396,0.6474499675372285,6.309654914520003e-10,0.6780527949781078,0.045382697958582505,40,True,1.4
7.067899292141149e-17,0,3.0,0.04023360693757905,8,0.0,8.0,0.0,1,/public/home/student090/quantum-pump-l8/runs/l8-allobs-20260728T230945/chern20/pair_0397_U_p8d000000_t_p1d400000_N20.npz,False,20,0.9,397,0.6154260121112578,5.765092959417745e-10,0.7244270063197749,0.6281147146532307,20,True,1.4
2.8271597168564594e-16,0,3.0,0.16313982993643616,8,-5.551115123125783e-17,8.25,5.551115123125783e-17,1,/public/home/student090/quantum-pump-l8/runs/l8-allobs-20260728T230945/chern20/pair_0398_U_p8d250000_t_p1d400000_N20.npz,False,20,0.9,398,0.35951590126107885,6.092975928834865e-10,0.7415632037678787,0.6491406975537424,20,True,1.4
2.1203697876423444e-16,0,3.0,0.2721770139416746,8,-5.551115123125783e-17,8.5,5.551115123125783e-17,1,/public/home/student090/quantum-pump-l8/runs/l8-allobs-20260728T230945/chern20/pair_0399_U_p8d500000_t_p1d400000_N20.npz,False,20,0.9,399,0.22938536610450314,5.691997309637969e-10,0.7560161313986516,0.6692956376607608,20,True,1.4
-2.1203697876423444e-16,0,3.0,0.36620330252677125,8,0.0,8.75,0.0,1,/public/home/student090/quantum-pump-l8/runs/l8-allobs-20260728T230945/chern20/pair_0400_U_p8d750000_t_p1d400000_N20.npz,False,20,0.9,400,0.1604296574625684,5.396631862268195e-10,0.7681179393263138,0.6885163257631826,20,True,1.4
-1.766974823035287e-17,0,3.0,0.44478790671985546,8,0.0,9.0,0.0,1,/public/home/student090/quantum-pump-l8/runs/l8-allobs-20260728T230945/chern20/pair_0401_U_p9d000000_t_p1d400000_N20.npz,False,20,0.9,401,0.11940087485786492,5.25234601002105e-10,0.778208001100906,0.7067612965268635,20,True,1.4
0.0,0,3.0,0.45342592503856594,8,0.0,9.25,0.0,1,/public/home/student090/quantum-pump-l8/runs/l8-allobs-20260728T230945/chern20/pair_0402_U_p9d250000_t_p1d400000_N20.npz,False,20,0.9,402,0.09268456370071357,5.404329734484277e-10,0.7866048599574625,0.7240091249246133,20,True,1.4
2.738810975704695e-16,0,3.0,0.44993769128700123,8,0.0,9.5,0.0,1,/public/home/student090/quantum-pump-l8/runs/l8-allobs-20260728T230945/chern20/pair_0403_U_p9d500000_t_p1d400000_N20.npz,False,20,0.9,403,0.0741424684286858,5.308019406883729e-10,0.793592200759173,0.7402561087285972,20,True,1.4
1.501928599579994e-16,0,3.0,0.44531623174118895,8,0.0,9.75,0.0,1,/public/home/student090/quantum-pump-l8/runs/l8-allobs-20260728T230945/chern20/pair_0404_U_p9d750000_t_p1d400000_N20.npz,False,20,0.9,404,0.060671058370145164,3.89817533778997e-10,0.7994142165889506,0.7555135950377097,20,True,1.4
1.5902773407317583e-16,0,3.0,0.43977644281859973,8,0.0,10.0,0.0,1,/public/home/student090/quantum-pump-l8/runs/l8-allobs-20260728T230945/chern20/pair_0405_U_p10d000000_t_p1d400000_N20.npz,False,20,0.9,405,0.05054538904809668,5.382081360987224e-10,0.8042764690441948,0.7698051840308547,20,True,1.4
5.3621818970528854e-17,0,3.0,0.7462416958952938,8,0.0,12.0,0.0,1,/public/home/student090/quantum-pump-l8/runs/l8-allobs-20260728T230945/chern10/pair_0406_U_p12d000000_t_p1d400000_N10.npz,False,10,0.9,406,0.06171279993156965,4.5537662806860163e-10,0.38412224569081593,0.8543163227459101,20,False,1.4
7.532075295458035e-17,0,3.0,0.5400535790913601,8,0.0,16.0,0.0,1,/public/home/student090/quantum-pump-l8/runs/l8-allobs-20260728T230945/chern10/pair_0407_U_p16d000000_t_p1d400000_N10.npz,False,10,0.9,407,0.01848102835111266,2.8885860836744846e-10,0.4097979559714118,0.9220850196746316,20,False,1.4
2.1300329312058187e-16,0,3.0,0.17856459015230053,8,0.0,24.0,0.0,1,/public/home/student090/quantum-pump-l8/runs/l8-allobs-20260728T230945/chern20/pair_0408_U_p24d000000_t_p1d400000_N20.npz,False,20,0.9,408,0.0014947099254904014,2.2877136903610554e-10,0.8345305772043826,0.9610508529351282,20,True,1.4
-3.5097917871618887e-17,0,3.0,0.13143101830864068,8,0.0,32.0,0.0,1,/public/home/student090/quantum-pump-l8/runs/l8-allobs-20260728T230945/chern20/pair_0409_U_p32d000000_t_p1d400000_N20.npz,False,20,0.9,409,0.0006638204166515308,1.9077827521615228e-10,0.834958580128619,0.9770355025602614,20,True,1.4
2.0,2,3.0,0.6811471990834832,8,1.9999999999999996,-32.0,4.440892098500626e-16,1,/public/home/student090/quantum-pump-l8/runs/l8-allobs-20260728T230945/chern20/pair_0410_U_neg32d000000_t_p1d500000_N20.npz,False,20,0.9,410,0.30651314288704834,1.20044070937028e-08,0.35551133883105757,0.24172431077137385,20,True,1.5
2.0,2,3.0,0.8934120666341414,8,2.0,-24.0,0.0,1,/public/home/student090/quantum-pump-l8/runs/l8-allobs-20260728T230945/chern20/pair_0411_U_neg24d000000_t_p1d500000_N20.npz,False,20,0.9,411,0.30126622454001334,1.074742661809611e-08,0.387785820799296,0.2475446192239701,20,True,1.5
2.0,2,3.0,1.283180746583497,8,2.000000000000001,-16.0,1.3322676295501878e-15,1,/public/home/student090/quantum-pump-l8/runs/l8-allobs-20260728T230945/chern20/pair_0412_U_neg16d000000_t_p1d500000_N20.npz,False,20,0.9,412,0.28856756543138734,6.730823554147259e-09,0.44838717119656407,0.26195408895594763,20,True,1.5
2.0000000000000004,2,3.0,1.621200622647251,8,1.9999999999999996,-12.0,8.881784197001252e-16,1,/public/home/student090/quantum-pump-l8/runs/l8-allobs-20260728T230945/chern10/pair_0413_U_neg12d000000_t_p1d500000_N10.npz,False,10,0.9,413,0.5968318314825852,6.058425610867307e-09,0.3659461793677303,0.2780671782311201,20,False,1.5
2.0000000000000004,2,3.0,2.1476080516989526,8,2.0000000000000004,-8.0,8.881784197001252e-16,1,/public/home/student090/quantum-pump-l8/runs/l8-allobs-20260728T230945/chern10/pair_0414_U_neg8d000000_t_p1d500000_N10.npz,False,10,0.9,414,0.5751933237564771,4.643305532139431e-11,0.4041801667177552,0.3093360362542447,20,False,1.5
2.0000000000000004,2,3.0,2.5130059157802265,8,2.0,-6.0,4.440892098500626e-16,1,/public/home/student090/quantum-pump-l8/runs/l8-allobs-20260728T230945/chern10/pair_0415_U_neg6d000000_t_p1d500000_N10.npz,False,10,0.9,415,0.5562561071939933,3.547259822056315e-11,0.4334212452784796,0.3355928483839641,20,False,1.5
2.0000000000000004,2,3.0,2.94244523638017,8,2.0000000000000004,-4.0,4.440892098500626e-16,1,/public/home/student090/quantum-pump-l8/runs/l8-allobs-20260728T230945/chern10/pair_0416_U_neg4d000000_t_p1d500000_N10.npz,False,10,0.9,416,0.5273785355055164,2.632825115693168e-09,0.4742336299447671,0.37314321051050514,20,False,1.5
2.0,2,3.0,3.3433562923736098,8,2.0,-2.0,4.440892098500626e-16,1,/public/home/student090/quantum-pump-l8/runs/l8-allobs-20260728T230945/chern10/pair_0417_U_neg2d000000_t_p1d500000_N10.npz,False,10,0.9,417,0.48271779914248125,2.595164817440942e-09,0.53276057928029,0.42559141141049645,20,False,1.5
2.0,2,3.0,3.5999999999999197,8,2.0,0.0,4.440892098500626e-16,1,/public/home/student090/quantum-pump-l8/runs/l8-allobs-20260728T230945/chern10/pair_0418_U_p0d000000_t_p1d500000_N10.npz,False,10,0.9,418,0.4153103179864765,6.911189006320752e-13,0.6156123481191806,0.4946186356811569,20,False,1.5
2.0000000000000004,2,3.0,3.3433562923737714,8,2.0000000000000004,2.0,0.0,1,/public/home/student090/quantum-pump-l8/runs/l8-allobs-20260728T230945/chern10/pair_0419_U_p2d000000_t_p1d500000_N10.npz,False,10,0.9,419,0.3231437382530948,1.5864709630694172e-09,0.7214464590141373,0.5761896836327995,20,False,1.5
1.9999999999999998,2,3.0,2.902900466702585,8,2.0000000000000004,4.0,4.440892098500626e-16,1,/public/home/student090/quantum-pump-l8/runs/l8-allobs-20260728T230945/chern10/pair_0420_U_p4d000000_t_p1d500000_N10.npz,False,10,0.9,420,0.23604357147125818,1.2575935716703223e-09,0.7963552843155423,0.5933201660957753,20,False,1.5
2.0000000000000004,2,3.0,2.7516609631789404,8,2.0,4.25,0.0,1,/public/home/student090/quantum-pump-l8/runs/l8-allobs-20260728T230945/chern10/pair_0421_U_p4d250000_t_p1d500000_N10.npz,False,10,0.9,421,0.23762193694664613,9.81923229927533e-10,0.777532782135437,0.5735074110199191,20,False,1.5
1.9999999999999998,2,3.0,2.606744848392273,8,2.0,4.5,4.440892098500626e-16,1,/public/home/student090/quantum-pump-l8/runs/l8-allobs-20260728T230945/chern10/pair_0422_U_p4d500000_t_p1d500000_N10.npz,False,10,0.9,422,0.2379282355524139,1.0804149997658958e-09,0.7524268370163057,0.5520963556631499,20,False,1.5
2.0000000000000004,2,3.0,2.4690194155336194,8,2.0,4.75,4.440892098500626e-16,1,/public/home/student090/quantum-pump-l8/runs/l8-allobs-20260728T230945/chern10/pair_0423_U_p4d750000_t_p1d500000_N10.npz,False,10,0.9,423,0.2367865285930613,6.916699796394919e-10,0.7233155317811009,0.5295585222736594,20,False,1.5
2.0,2,3.0,2.3394948175663544,8,1.9999999999999996,5.0,8.881784197001252e-16,1,/public/home/student090/quantum-pump-l8/runs/l8-allobs-20260728T230945/chern10/pair_0424_U_p5d000000_t_p1d500000_N10.npz,False,10,0.9,424,0.2490583558110301,7.886489484388408e-10,0.6895444094478003,0.5057828744411476,20,False,1.5
2.0,2,3.0,2.219324807616136,8,2.0,5.25,4.440892098500626e-16,1,/public/home/student090/quantum-pump-l8/runs/l8-allobs-20260728T230945/chern10/pair_0425_U_p5d250000_t_p1d500000_N10.npz,False,10,0.9,425,0.28404383944120926,9.786735719471574e-10,0.6504383364258733,0.48062706016649637,20,False,1.5
2.0000000000000004,2,3.0,2.1097886643554773,8,1.9999999999999996,5.5,8.881784197001252e-16,1,/public/home/student090/quantum-pump-l8/runs/l8-allobs-20260728T230945/chern10/pair_0426_U_p5d500000_t_p1d500000_N10.npz,False,10,0.9,426,0.3261468732235794,9.706166221434009e-10,0.6053698891378908,0.45390875284543164,20,False,1.5
2.0,2,3.0,2.0106574178956063,8,1.9999999999999996,5.75,4.440892098500626e-16,1,/public/home/student090/quantum-pump-l8/runs/l8-allobs-20260728T230945/chern10/pair_0427_U_p5d750000_t_p1d500000_N10.npz,False,10,0.9,427,0.3771684345222445,6.261535105283848e-10,0.5538676059859264,0.4253955196394918,20,False,1.5
2.0000000000000004,2,3.0,1.9876054179877691,8,2.0000000000000004,5.8,4.440892098500626e-16,1,/public/home/student090/quantum-pump-l8/runs/l8-allobs-20260728T230945/chern10/pair_0428_U_p5d800000_t_p1d500000_N10.npz,False,10,0.9,428,0.3886413134087481,4.1822772295135684e-10,0.5427730727323273,0.4194528348345194,20,False,1.5
2.0000000000000004,2,3.0,1.898088080878427,8,2.0,6.0,4.440892098500626e-16,1,/public/home/student090/quantum-pump-l8/runs/l8-allobs-20260728T230945/chern10/pair_0429_U_p6d000000_t_p1d500000_N10.npz,False,10,0.9,429,0.4395210981722021,4.5510018936047196e-10,0.49576344974810804,0.3947934617485963,20,False,1.5
2.0,2,3.0,1.8130751335432969,8,2.0,6.2,4.440892098500626e-16,1,/public/home/student090/quantum-pump-l8/runs/l8-allobs-20260728T230945/chern10/pair_0430_U_p6d200000_t_p1d500000_N10.npz,False,10,0.9,430,0.4997794657050305,6.128037950799859e-10,0.44471014661151287,0.3685638530753253,20,False,1.5
2.0000000000000004,2,3.0,1.7925550617898462,8,2.0,6.25,0.0,1,/public/home/student090/quantum-pump-l8/runs/l8-allobs-20260728T230945/chern10/pair_0431_U_p6d250000_t_p1d500000_N10.npz,False,10,0.9,431,0.5165728711894562,5.235509866546996e-10,0.4313596560566018,0.3617353792923068,20,False,1.5
2.0000000000000004,2,3.0,1.6945202199526754,8,2.0,6.5,0.0,2,/public/home/student090/quantum-pump-l8/runs/l8-allobs-20260728T230945/chern10/pair_0432_U_p6d500000_t_p1d500000_N10.npz,False,10,0.9,432,0.6132318561990528,7.176743565196868e-10,0.361568140022378,0.32577015786687763,40,False,1.5
2.0000000000000004,2,3.0,0.8033616971236643,8,2.0000000000000004,6.75,4.440892098500626e-16,2,/public/home/student090/quantum-pump-l8/runs/l8-allobs-20260728T230945/chern20/pair_0433_U_p6d750000_t_p1d500000_N20.npz,False,20,0.9,433,0.18955100303673228,4.544309503845469e-10,0.7903353875975048,0.2863567185942246,40,True,1.5
2.0,2,3.0,0.636843784578236,8,1.9999999999999998,7.0,0.0,2,/public/home/student090/quantum-pump-l8/runs/l8-allobs-20260728T230945/chern20/pair_0434_U_p7d000000_t_p1d500000_N20.npz,False,20,0.9,434,0.22918613612785999,2.3629158702906716e-10,0.7650786748619474,0.2428685241295853,40,True,1.5
2.0000000000000004,2,3.0,0.4751420942908613,8,2.0000000000000004,7.25,8.881784197001252e-16,2,/public/home/student090/quantum-pump-l8/runs/l8-allobs-20260728T230945/chern20/pair_0435_U_p7d250000_t_p1d500000_N20.npz,False,20,0.9,435,0.2860457263333178,2.0019404349708824e-10,0.7394749430380362,0.19461844054050928,40,True,1.5
2.0000000000000004,2,3.0,0.31935188724263774,8,2.0,7.5,0.0,2,/public/home/student090/quantum-pump-l8/runs/l8-allobs-20260728T230945/chern20/pair_0436_U_p7d500000_t_p1d500000_N20.npz,False,20,0.9,436,0.375987311336478,2.048764989595342e-10,0.7144060302506796,0.1409181676157725,40,True,1.5
2.0000000000000004,2,3.0,0.17077002977782563,8,2.0000000000000004,7.75,4.440892098500626e-16,2,/public/home/student090/quantum-pump-l8/runs/l8-allobs-20260728T230945/chern20/pair_0437_U_p7d750000_t_p1d500000_N20.npz,False,20,0.9,437,0.5339591325771684,3.972161297902794e-10,0.6906899468726583,0.08118909346477883,40,True,1.5
2.0,2,3.0,0.03086532289909183,8,2.0,8.0,0.0,2,/public/home/student090/quantum-pump-l8/runs/l8-allobs-20260728T230945/chern20/pair_0438_U_p8d000000_t_p1d500000_N20.npz,False,20,0.9,438,0.805208005814184,2.9503904482371714e-10,0.6689597956686337,0.015136613689461603,40,True,1.5
-2.8271597168564594e-16,0,3.0,0.09879735577622561,8,0.0,8.25,0.0,1,/public/home/student090/quantum-pump-l8/runs/l8-allobs-20260728T230945/chern20/pair_0439_U_p8d250000_t_p1d500000_N20.npz,False,20,0.9,439,0.49272426937460556,7.023112312736563e-10,0.7355457911336216,0.6353976587732362,20,True,1.5
1.4135798584282297e-16,0,3.0,0.21669061363919173,8,0.0,8.5,0.0,1,/public/home/student090/quantum-pump-l8/runs/l8-allobs-20260728T230945/chern20/pair_0440_U_p8d500000_t_p1d500000_N20.npz,False,20,0.9,440,0.30628984267350234,6.365830639679656e-10,0.7518334829727595,0.6544999652341625,20,True,1.5
-1.0601848938211722e-16,0,3.0,0.32151082082320137,8,0.0,8.75,0.0,1,/public/home/student090/quantum-pump-l8/runs/l8-allobs-20260728T230945/chern20/pair_0441_U_p8d750000_t_p1d500000_N20.npz,False,20,0.9,441,0.2075947232168975,6.094880329810171e-10,0.7656235514273211,0.6728592453119105,20,True,1.5
-5.300924469105861e-17,0,3.0,0.412383692241737,8,0.0,9.0,0.0,1,/public/home/student090/quantum-pump-l8/runs/l8-allobs-20260728T230945/chern20/pair_0442_U_p9d000000_t_p1d500000_N20.npz,False,20,0.9,442,0.15102992964962725,6.215216076788007e-10,0.7772305462607487,0.6904278799236705,20,True,1.5
5.300924469105861e-17,0,3.0,0.48632464876126313,8,0.0,9.25,0.0,1,/public/home/student090/quantum-pump-l8/runs/l8-allobs-20260728T230945/chern20/pair_0443_U_p9d250000_t_p1d500000_N20.npz,False,20,0.9,443,0.11537381787957186,6.102273168318026e-10,0.786967684244245,0.7071738834630846,20,True,1.5
1.9436723053388158e-16,0,3.0,0.4848446384571661,8,0.0,9.5,0.0,1,/public/home/student090/quantum-pump-l8/runs/l8-allobs-20260728T230945/chern20/pair_0444_U_p9d500000_t_p1d500000_N20.npz,False,20,0.9,444,0.09121113206657025,5.651696315702891e-10,0.7951255166174298,0.7230797350969206,20,True,1.5
6.184411880623505e-17,0,3.0,0.48202566396327917,8,1.1102230246251565e-16,9.75,1.1102230246251565e-16,1,/public/home/student090/quantum-pump-l8/runs/l8-allobs-20260728T230945/chern20/pair_0445_U_p9d750000_t_p1d500000_N20.npz,False,20,0.9,445,0.07395574933938683,5.541186874481376e-10,0.8019617411769016,0.7381408377699434,20,True,1.5
-1.4135798584282297e-16,0,3.0,0.4780684870786889,8,0.0,10.0,5.551115123125783e-17,1,/public/home/student090/quantum-pump-l8/runs/l8-allobs-20260728T230945/chern20/pair_0446_U_p10d000000_t_p1d500000_N20.npz,False,20,0.9,446,0.06114791360606883,5.415034148560293e-10,0.8076983010204,0.7523637513476783,20,True,1.5
3.528772962018713e-18,0,3.0,0.8017614140155587,8,0.0,12.0,0.0,1,/public/home/student090/quantum-pump-l8/runs/l8-allobs-20260728T230945/chern10/pair_0447_U_p12d000000_t_p1d500000_N10.npz,False,10,0.9,447,0.07167126364972813,5.093131173298702e-10,0.40439023974963323,0.8390418477478474,20,False,1.5
-1.0402546602215067e-16,0,3.0,0.5863184999846727,8,0.0,16.0,0.0,1,/public/home/student090/quantum-pump-l8/runs/l8-allobs-20260728T230945/chern10/pair_0448_U_p16d000000_t_p1d500000_N10.npz,False,10,0.9,448,0.02066975730016768,1.4925620264384242e-10,0.4354988001088423,0.9153506908672188,20,False,1.5
3.335941481086884e-17,0,3.0,0.37998806366387194,8,0.0,24.0,0.0,1,/public/home/student090/quantum-pump-l8/runs/l8-allobs-20260728T230945/chern10/pair_0449_U_p24d000000_t_p1d500000_N10.npz,False,10,0.9,449,0.005457465837731617,2.617808687262611e-10,0.44304366963669667,0.9577261420545454,20,False,1.5
1.5937284634329993e-16,0,3.0,0.15065825511255837,8,0.0,32.0,0.0,1,/public/home/student090/quantum-pump-l8/runs/l8-allobs-20260728T230945/chern20/pair_0450_U_p32d000000_t_p1d500000_N20.npz,False,20,0.9,450,0.0007190633518740795,2.1484485411883083e-10,0.8438297618653038,0.9750043832561726,20,True,1.5
